:020000040800F2
:1000000000000524D9220008B91B0008BB1B00080A
:10001000BD1B0008BF1B0008C11B0008000000003A
:10002000000000000000000000000000B18900088E
:10003000C31B000800000000518A0008B58A0008B0
:100040002923000829230008292300082923000860
:100050002923000829230008292300082923000850
:10006000292300082923000829230008C51B0008AC
:10007000D51B0008E51B0008F51B0008051C00083F
:10008000292300082923000829230008151C00083B
:10009000251C00082923000829230008292300081B
:1000A0002923000829230008292300082923000800
:1000B00029230008292300082923000829230008F0
:1000C00029230008292300082923000829230008E0
:1000D000351C0008292300082923000829230008CB
:1000E0002923000829230008000000002923000814
:1000F00029230008292300082923000829230008B0
:10010000292300082923000829230008292300089F
:1001100029230008451C000829230008551C000855
:10012000292300082923000829230008292300087F
:10013000292300082923000829230008292300086F
:1001400000000000000000000000000000000000AF
:10015000292300082923000829230008292300084F
:10016000292300082923000829230008292300083F
:100170002923000829230008292300080000000083
:100180002923000829230008651C000829230008EA
:10019000292300082923000829230008292300080F
:1001A0002923000829230008292300080000000053
:1001B00029230008292300082923000829230008EF
:1001C0002923000829230008000000000000000087
:1001D00000000000000000002923000800000000CB
:1001E000000000000000000000000000000000000F
:1001F0000000000000000000292300082923000857
:1002000029230008292300080000000029230008F2
:10021000292300082923000829230008292300088E
:100220002923000800000000292300080000000026
:1002300029230008292300080000000029230008C2
:10024000292300082923000829230008292300085E
:10025000292300082923000829230008292300084E
:10026000292300082923000829230008292300083E
:100270002923000829230008292300080000000082
:10028000292300082923000829230008292300081E
:1002900000000000292300082923000800000000B6
:1002A0000000000029230008292300082923000852
:1002B000751C00082923000829230008851C000854
:0C02C00029230008292300082923000836
:1003000081F0004102E000BF83F0004330B54FEAC6
:1003100041044FEA430594EA050F08BF90EA020F33
:100320001FBF54EA000C55EA020C7FEA645C7FEAC6
:10033000655C00F0E2804FEA5454D4EB5555B8BFE9
:100340006D420CDD2C4480EA020281EA030382EA5A
:10035000000083EA010180EA020281EA0303362DEC
:1003600088BF30BD11F0004F4FEA01314FF4801CBF
:100370004CEA113102D0404261EB410113F0004FD1
:100380004FEA03334CEA133302D0524263EB430388
:1003900094EA050F00F0A780A4F10104D5F1200E26
:1003A0000DDB02FA0EFC22FA05F2801841F1000181
:1003B00003FA0EF2801843FA05F359410EE0A5F155
:1003C00020050EF1200E012A03FA0EFC28BF4CF086
:1003D000020C43FA05F3C01851EBE37101F000453C
:1003E00007D54FF0000EDCF1000C7EEB00006EEB49
:1003F0000101B1F5801F1BD3B1F5001F0CD34908D3
:100400005FEA30004FEA3C0C04F101044FEA445229
:1004100012F5800F80F09A80BCF1004F08BF5FEAB0
:10042000500C50F1000041EB045141EA050130BD90
:100430005FEA4C0C404141EB0101013C28BFB1F5A2
:10044000801FE9D291F0000F04BF01460020B1FAED
:1004500081F308BF2033A3F10B03B3F120020CDAC0
:100460000C3208DD02F1140CC2F10C0201FA0CF09E
:1004700021FA02F10CE002F11402D8BFC2F1200C03
:1004800001FA02F120FA0CFCDCBF41EA0C019040B9
:10049000E41AA2BF01EB0451294330BD6FEA040402
:1004A0001F3C1CDA0C340EDC04F11404C4F12002ED
:1004B00020FA04F001FA02F340EA030021FA04F3FF
:1004C00045EA030130BDC4F10C04C4F1200220FA56
:1004D00002F001FA04F340EA0300294630BD21FA94
:1004E00004F0294630BD94F0000F83F4801306BF5A
:1004F00081F480110134013D4EE77FEA645C18BF4E
:100500007FEA655C29D094EA050F08BF90EA020FE4
:1005100005D054EA000C04BF1946104630BD91EADC
:10052000030F1EBF0021002030BD5FEA545C05D1DF
:100530004000494128BF41F0004130BD14F580041E
:100540003CBF01F5801130BD01F0004545F0FE4192
:1005500041F470014FF0000030BD7FEA645C1ABFC7
:10056000194610467FEA655C1CBF0B46024650EAFE
:10057000013406BF52EA033591EA030F41F400212A
:1005800030BD00BF90F0000F04BF0021704730B5B0
:100590004FF4806404F132044FF000054FF0000185
:1005A00050E700BF90F0000F04BF0021704730B546
:1005B0004FF4806404F1320410F0004548BF40421B
:1005C0004FF000013EE700BF42004FEAE2014FEA70
:1005D00031014FEA02701FBF12F07F4393F07F4F4B
:1005E00081F06051704732F07F4208BF704793F04E
:1005F0007F4F04BF41F40021704730B54FF4607461
:1006000001F0004521F000411CE700BF50EA010263
:1006100008BF704730B54FF000050AE050EA01020C
:1006200008BF704730B511F0004502D5404261EB7C
:1006300041014FF4806404F132045FEA915C3FF4BD
:10064000D8AE4FF003025FEADC0C18BF03325FEA5A
:10065000DC0C18BF033202EBDC02C2F1200300FA0B
:1006600003FC20FA02F001FA03FE40EA0E0021FA30
:1006700002F11444BDE600BF4FEA4102B2F1E0438B
:1006800024BFB3F5001CDCF1FE5C0DD901F0004C79
:100690004FEAC0024CEA5070B2F1004F40EB8300C9
:1006A00008BF20F00100704711F0804F21D113F1F5
:1006B0003872BCBF01F00040704741F480114FEA2E
:1006C0005252C2F11802C2F1200C10FA0CF320FAB7
:1006D00002F018BF40F001004FEAC1234FEAD323D4
:1006E00003FA0CFC40EA0C0023FA02F34FEA43033E
:1006F000CCE77FEA625307D150EA01331EBF4FF0C7
:10070000FE4040F44000704701F0004040F0FE40E1
:1007100040F40000704700BF53B94AB9002908BF30
:1007200000281CBF4FF0FF314FF0FF3000F00CB835
:10073000ADF1080C6DE904CE0BF0E0FCDDF804E04F
:10074000DDE9022304B07047704700BF844641EAE8
:10075000000313F003036DD1403A41D351F8043B39
:1007600040F8043B51F8043B40F8043B51F8043B8B
:1007700040F8043B51F8043B40F8043B51F8043B7B
:1007800040F8043B51F8043B40F8043B51F8043B6B
:1007900040F8043B51F8043B40F8043B51F8043B5B
:1007A00040F8043B51F8043B40F8043B51F8043B4B
:1007B00040F8043B51F8043B40F8043B51F8043B3B
:1007C00040F8043B51F8043B40F8043B51F8043B2B
:1007D00040F8043B51F8043B40F8043B403ABDD29A
:1007E000303211D351F8043B40F8043B51F8043B3C
:1007F00040F8043B51F8043B40F8043B51F8043BFB
:1008000040F8043B103AEDD20C3205D351F8043BCA
:1008100040F8043B043AF9D2043208D0D2071CBF96
:1008200011F8013B00F8013B01D30B8803806046BF
:10083000704700BF082A13D38B078DD010F0030335
:100840008AD0C3F10403D21ADB071CBF11F8013BA5
:1008500000F8013B80D331F8023B20F8023B7BE7F4
:10086000043AD9D3013A11F8013B00F8013BF9D21F
:100870000B7803704B7843708B78837060467047B9
:1008800001F0FF01102A2BDB10F0070F08D010F841
:10089000013B013A8B422DD010F0070F42B3F6D145
:1008A000F0B441EA012141EA014122F007047FF05E
:1008B00000070023F0E80256083C85EA010586EAB5
:1008C000010685FA47F5A3FA87F586FA47F6A5FAF1
:1008D00087F68EB9EED1F0BC01F0FF0102F00702FD
:1008E00032B110F8013B013A83EA010313B1F8D1A8
:1008F0000020704701387047002D06BF3546033889
:10090000073815F0010F07D1013015F4807F02BFC1
:10091000013015F4C03F0130F0BC0138704700BF12
:1009200000000000000000000000000000000000C7
:1009300000000000000000000000000000000000B7
:1009400030B490F800F020F007016FF0000C10F0C8
:10095000070491F820F040F048804FF000046FF059
:100960000700D1E9002391F840F000F1080082FA75
:100970004CF2A4FA8CF283FA4CF3A2FA8CF34BBB40
:10098000D1E9022382FA4CF200F10800A4FA8CF2B9
:1009900083FA4CF3A2FA8CF3E3B9D1E9042382FA87
:1009A0004CF200F10800A4FA8CF283FA4CF3A2FA9C
:1009B0008CF37BB9D1E9062301F1200182FA4CF2D4
:1009C00000F10800A4FA8CF283FA4CF3A2FA8CF33B
:1009D000002BC6D0002A04BF04301A4612BAB2FA5D
:1009E00082F200EBD20030BC7047D1E9002304F062
:1009F0000305C4F100004FEAC50514F0040F91F897
:100A000040F00CFA05F562EA05021CBF63EA050333
:100A100062464FF00004AAE770B54FF0FF0C4CF4AB
:100A2000E06C1CEA11541DBF1CEA135594EA0C0F2C
:100A300095EA0C0F00F0DEF82C4481EA030621EA67
:100A40004C5123EA4C5350EA013518BF52EA0335A2
:100A500041F4801143F4801338D0A0FB02CE4FF054
:100A60000005E1FB02E506F00042E0FB03E54FF084
:100A70000006E1FB03569CF0000F18BF4EF0010E7C
:100A8000A4F1FF04B6F5007F64F5407404D25FEA78
:100A90004E0E6D4146EB060642EAC62141EA55512B
:100AA0004FEAC52040EA5E504FEACE2EB4F1FD0C6D
:100AB00088BFBCF5E06F1ED8BEF1004F08BF5FEAEB
:100AC000500E50F1000041EB045170BD06F000469D
:100AD00046EA010140EA020081EA0301B4EB5C044A
:100AE000C2BFD4EB0C0541EA045170BD41F4801142
:100AF0004FF0000E013C00F3AB8014F1360FDEBF67
:100B0000002001F0004170BDC4F10004203C35DA42
:100B10000C341BDC04F11404C4F1200500FA05F3C5
:100B200020FA04F001FA05F240EA020001F0004266
:100B300021F0004110EBD37021FA04F642EB0601DC
:100B40005EEA430E08BF20EAD37070BDC4F10C0406
:100B5000C4F1200500FA04F320FA05F001FA04F2CA
:100B600040EA020001F0004110EBD37041F10001B6
:100B70005EEA430E08BF20EAD37070BDC4F12005C1
:100B800000FA05F24EEA020E20FA04F301FA05F229
:100B900043EA020321FA04F001F0004121FA04F2D1
:100BA00020EA020000EBD3705EEA430E08BF20EAA1
:100BB000D37070BD94F0000F0FD101F000464000DB
:100BC00041EB010111F4801F08BF013CF7D041EA5D
:100BD000060195F0000F18BF704703F00046520061
:100BE00043EB030313F4801F08BF013DF7D043EA32
:100BF0000603704794EA0C0F0CEA135518BF95EAE8
:100C00000C0F0CD050EA410618BF52EA4306D1D16E
:100C100081EA030101F000414FF0000070BD50EA8D
:100C2000410606BF1046194652EA430619D094EA17
:100C30000C0F02D150EA013613D195EA0C0F05D101
:100C400052EA03361CBF104619460AD181EA030155
:100C500001F0004141F0FE4141F470014FF000000D
:100C600070BD41F0FE4141F4780170BD70B54FF0A8
:100C7000FF0C4CF4E06C1CEA11541DBF1CEA135528
:100C800094EA0C0F95EA0C0F00F0A7F8A4EB05040A
:100C900081EA030E52EA03354FEA013100F0888001
:100CA0004FEA03334FF0805545EA131343EA1263CA
:100CB0004FEA022245EA111545EA10654FEA00267F
:100CC0000EF000419D4208BF964244F1FD0404F538
:100CD000407402D25B084FEA3202B61A65EB030594
:100CE0005B084FEA32024FF480104FF4002CB6EB51
:100CF000020E75EB030E22BFB61A754640EA0C00D1
:100D00005B084FEA3202B6EB020E75EB030E22BF10
:100D1000B61A754640EA5C005B084FEA3202B6EB51
:100D2000020E75EB030E22BFB61A754640EA9C0010
:100D30005B084FEA3202B6EB020E75EB030E22BFE0
:100D4000B61A754640EADC0055EA060E18D04FEA9E
:100D5000051545EA16754FEA06164FEAC30343EA3E
:100D600052734FEAC2025FEA1C1CC0D111F4801F0B
:100D70000BD141EA00014FF000004FF0004CB6E704
:100D800011F4801F04BF01430020B4F1FD0C88BFA3
:100D9000BCF5E06F3FF6AFAEB5EB030C04BFB6EBAE
:100DA000020C5FEA500C50F1000041EB045170BDA1
:100DB0000EF0004E4EEA113114EB5C04C2BFD4EBCE
:100DC0000C0541EA045170BD41F480114FF0000E52
:100DD000013C90E645EA060E8DE60CEA135594EACE
:100DE0000C0F08BF95EA0C0F3FF43BAF94EA0C0FD1
:100DF0000AD150EA01347FF434AF95EA0C0F7FF446
:100E000025AF104619462CE795EA0C0F06D152EA99
:100E100003353FF4FDAE1046194622E750EA41067D
:100E200018BF52EA43067FF4C5AE50EA41047FF48E
:100E30000DAF52EA43057FF4EBAE12E74FF0FF3CF3
:100E400006E000BF4FF0010C02E000BF4FF0010CC4
:100E50004DF804CD4FEA410C7FEA6C5C4FEA430C3D
:100E600018BF7FEA6C5C1BD001B050EA410C0CBF8C
:100E700052EA430C91EA030F02BF90EA020F0020EE
:100E8000704710F1000F91EA030F58BF994208BF55
:100E900090422CBFD8176FEAE37040F00100704712
:100EA0004FEA410C7FEA6C5C02D150EA013C07D169
:100EB0004FEA430C7FEA6C5CD6D152EA033CD3D0B4
:100EC0005DF8040B704700BF8446104662468C46AE
:100ED0001946634600E000BF01B5FFF7B7FF0028E1
:100EE00048BF10F1000F01BD4DF808EDFFF7F4FF0A
:100EF0000CBF012000205DF808FB00BF4DF808ED95
:100F0000FFF7EAFF34BF012000205DF808FB00BFB7
:100F10004DF808EDFFF7E0FF94BF012000205DF8D9
:100F200008FB00BF4DF808EDFFF7CEFF94BF01208E
:100F300000205DF808FB00BF4DF808EDFFF7C4FF87
:100F400034BF012000205DF808FB00BF4FEA410CD0
:100F50007FEA6C5C02D150EA013C0AD14FEA430CB3
:100F60007FEA6C5C02D152EA033C02D14FF00000F0
:100F700070474FF0010070474FEA410212F500122E
:100F800015D211D56FF47873B3EB625212D94FEAD0
:100F9000C12343F0004343EA505311F0004F23FABA
:100FA00002F018BF404270474FF00000704750EA0F
:100FB000013005D111F0004008BF6FF000407047CC
:100FC0004FF00000704700BF0348044B834202D03B
:100FD000034B03B118477047AC070024AC0700244B
:100FE000000000000548064B1B1AD90F01EBA301B6
:100FF000491002D0034B03B118477047AC070024D7
:10100000AC0700240000000010B5064C237843B95B
:10101000FFF7DAFF044B13B10448AFF3008001235C
:10102000237010BDB007002400000000B02B0108A1
:1010300008B5054B1BB105490548AFF30080BDE875
:101040000840FFF7CFBF00BF00000000B407002436
:10105000B02B010800B583B01B4BD3F8D82042F069
:101060000102C3F8D820D3F8D83003F0010301936C
:10107000019B002205210B2001F0EAF90B2001F071
:10108000F7F9002205210C2001F0E2F90C2001F013
:10109000EFF9002205210D2001F0DAF90D2001F011
:1010A000E7F9002205210E2001F0D2F90E2001F00F
:1010B000DFF9002205210F2001F0CAF90F2001F00D
:1010C000D7F903B05DF804FB0044025810B5164888
:1010D000164B036000238360C360037443748374FE
:1010E000032444610A2282611D21C16102624462BB
:1010F0008262C1620263436301228263C36320216F
:101100000164042242648364C264036542658365AA
:10111000C36501664366826602F07CFE00B910BDBD
:1011200000F0F4FAFBE700BF1009002400A0004023
:1011300010B51748174B036000238360C360037426
:1011400043748374032444610A2282611D21C161B6
:10115000026244628262C16202634FF4557242636A
:1011600001228263C36320210164042242648364F8
:10117000C264036542658365C36501664366826632
:1011800002F048FE00B910BD00F0C0FAFBE700BF56
:101190007008002400A4004010B51748174B0360E6
:1011A00000238360C3600374437483740324446125
:1011B0000A2282611D21C161026244628262C162AF
:1011C00002634FF4D562426301228263C36320212C
:1011D0000164042242648364C264036542658365DA
:1011E000C36501664366826602F014FE00B910BD55
:1011F00000F08CFAFBE700BFD007002400D40040C9
:1012000030B5BBB004460021359136913791389105
:101210003991B82206A80BF023FA23686F4A93424B
:1012200008D06F4A93424BD06E4A934200F08E80B2
:101230003BB030BD4FF400420023CDE906234FF010
:101240008053219306A804F0A9FA40BB664A1368AC
:1012500001331360012B25D0644BD3F8E02042F01A
:101260000802C3F8E020D3F8E03003F0080301934C
:10127000019B03233593022336930024379438943B
:101280000923399335A95A4803F09EFA22460521CD
:10129000132001F0DDF8132001F0EAF8C8E700F0B0
:1012A00035FAD3E7514BD3F8EC2042F48072C3F8FF
:1012B000EC20D3F8EC3003F480730093009BCBE771
:1012C0004FF400420023CDE906234FF080532193D1
:1012D00006A804F063FA40BB434A13680133136065
:1012E000012B25D0414BD3F8E02042F00202C3F895
:1012F000E020D3F8E03003F002030393039B602364
:101300003593022336930024379438940923399374
:1013100035A9384803F058FA22460521142001F077
:1013200097F8142001F0A4F882E700F0EFF9D3E772
:101330002E4BD3F8EC2042F48072C3F8EC20D3F8A3
:10134000EC3003F480730293029BCBE74FF400422E
:101350000023CDE906234FF08053219306A804F023
:101360001DFA48BB204A136801331360012B26D0B5
:101370001E4BD3F8E02042F00802C3F8E020D3F877
:10138000E03003F008030593059B4FF44053359379
:10139000022336930024379438940525399535A9CE
:1013A000134803F011FA224629469F2001F050F815
:1013B0009F2001F05DF83BE700F0A8F9D2E70B4B66
:1013C000D3F8EC2042F48072C3F8EC20D3F8EC3070
:1013D00003F480730493049BCAE700BF00A000409D
:1013E00000A4004000D40040CC0700240044025870
:1013F000000C02580004025808B5012007F038FA22
:10140000FBE708B5012007F033FAFBE708B5012038
:1014100007F02EFAFBE70000034B0360034B0B6061
:1014200080231360704700BFB00B0024B009002474
:1014300010B5CEB0634C0DF58E7CA646BEE80F000D
:10144000ACE80F009EE807008CE80700002147A8E1
:1014500007F0DBF95C4B18600DF5807C04F11C0E85
:10146000BEE80F00ACE80F009EE807008CE807001C
:10147000002140A807F0C9F9544B18600DF1E40CA5
:1014800004F1380EBEE80F00ACE80F009EE807003C
:101490008CE80700002139A807F0B7F94C4B186019
:1014A0000DF1C80C04F1540EBEE80F00ACE80F00BB
:1014B0009EE807008CE80700002132A807F0A5F994
:1014C000444B18600DF1AC0C04F1700EBEE80F0037
:1014D000ACE80F009EE807008CE8070000212BA86D
:1014E00007F093F93C4B18600DF1900C04F18C0E51
:1014F000BEE80F00ACE80F009EE807008CE807008C
:10150000002124A807F081F9344B18600DF1740C08
:1015100004F1A80EBEE80F00ACE80F009EE807003B
:101520008CE8070000211DA807F06FF92C4B18600C
:101530000DF1580C04F1C40EBEE80F00ACE80F002A
:101540009EE807008CE80700002116A807F05DF967
:10155000244B18600DF13C0C04F1E00EBEE80F00C6
:10156000ACE80F009EE807008CE8070000210FA8F8
:1015700007F04BF91C4B18600DF1200C04F1FC0E28
:10158000BEE80F00ACE80F009EE807008CE80700FB
:10159000002108A807F039F9144B18600DF1040C6C
:1015A00004F58C740FCCACE80F0094E807008CE8CD
:1015B0000700002101A807F028F90D4B18604EB074
:1015C00010BD00BFC82B0108700D00246C0D002455
:1015D000680D0024640D0024600D00245C0D0024BF
:1015E000580D0024540D0024500D00244C0D0024EF
:1015F000480D002470B58CB0002407940894099419
:101600000A940B94384BD3F8E02042F01002C3F850
:10161000E020D3F8E02002F010020192019AD3F802
:10162000E02042F00402C3F8E020D3F8E02002F00A
:1016300004020292029AD3F8E02042F08002C3F83A
:10164000E020D3F8E02002F080020392039AD3F85E
:10165000E02042F00102C3F8E020D3F8E02002F0DD
:1016600001020492049AD3F8E02042F00202C3F887
:10167000E020D3F8E02002F002020592059AD3F8A8
:10168000E02042F00802C3F8E020D3F8E03003F095
:1016900008030693069B154D01224EF209012846C8
:1016A00003F09CF94FF460430793012608960994D0
:1016B0000A9407A9284603F087F809230793089698
:1016C000099403230A9307A9284603F07DF84FF4F1
:1016D000A05307934FF488130893099407A904486B
:1016E00003F072F80CB070BD0044025800080258B4
:1016F0000010025808B50268034B9A4200D008BD9A
:1017000000F042FEFBE700BF0014004072B6FEE7A7
:1017100000B59DB04C22002109A80AF0A1FF2022AB
:10172000002101A80AF09CFF022003F05DF90023CC
:101730000093204B9A6922F440429A619B6903F41A
:1017400040430093009B1B4B9B6913F4005FFAD04E
:10175000012209924FF480330A93022312931393C8
:1017600014932821159116920422179218930C2392
:10177000199300231A931B9309A803F05FF9A8B9E2
:101780003F23019303210291002303930823049331
:101790004023059306934FF480620792089301A8B3
:1017A00003F03AFD20B91DB05DF804FBFFF7AEFF72
:1017B000FFF7ACFF0048025808B5224B5B6913F4F1
:1017C000003F13D1BFF34F8FBFF36F8F1D4B00222C
:1017D000C3F85022BFF34F8FBFF36F8F5A6942F4A3
:1017E00000325A61BFF34F8FBFF36F8F00F09EFD41
:1017F000FFF78EFFFFF7FEFEFFF72CFC00F058F816
:1018000000F06CFB00F0FAFA00F022F8FFF75EFC43
:10181000FFF78EFCFFF7C0FC00F02CFB00F092FB02
:1018200008F0C6F80028FBD14FF48072064907483B
:1018300006F0B8FF09F07AFDFFF7FAFD06F0E0FFC9
:10184000FEE700BF00ED00E074900024C412002405
:1018500008B51548154B03604FF48003436000231F
:1018600083600722C2604FF0007202614FF0807205
:1018700042614FF0806282614FF08042C261036238
:1018800043628362C36242638363C36303644364EA
:101890008364C36403654365836504F03BFF00B95B
:1018A00008BDFFF733FFFBE75C0F00240038004062
:1018B00008B51648164B03604FF4800343604FF49D
:1018C000003383600723C360002303614FF08072FD
:1018D00042614FF0806282614FF08052C2610362C8
:1018E00043628362C3624FF0804242638363C36397
:1018F000036443648364C36403654365836504F0E0
:1019000009FF00B908BDFFF701FFFBE7D40E002473
:1019100000140058F0B5BBB0044600213591369153
:10192000379138913991B82206A80AF099FE2368B8
:10193000634A934205D0634A934200F08B803BB0E8
:10194000F0BD4FF480520023CDE9062306A803F032
:1019500025FF002875D15C4BD3F8E82042F4804283
:10196000C3F8E820D3F8E82002F480420192019AFB
:10197000D3F8E02042F00402C3F8E020D3F8E020DE
:1019800002F004020292029AD3F8E02042F002022E
:10199000C3F8E020D3F8E03003F002030393039B85
:1019A0000623359302273697002537953895052667
:1019B000399635A9454802F007FF4FF40053359397
:1019C000369737953895399635A9414802F0FCFE8F
:1019D0004048414B0360272343608560C5604FF456
:1019E0008063036145618561C5614FF440330362E3
:1019F000456200F051FF38BB364BE3679C633748C4
:101A0000374B036028234360402383600023C36077
:101A10004FF48062026143618361C3614FF400321D
:101A20000262436200F038FF88B92C4BA3679C63C5
:101A300000220521242000F00BFD242000F018FDD9
:101A40007DE7FFF763FE86E7FFF760FED4E7FFF769
:101A50005DFEEAE74FF480420023CDE906234FF014
:101A6000A043319306A803F099FE30BB164BD3F880
:101A7000F42042F02002C3F8F420D3F8F42002F05E
:101A800020020492049AD3F8E02042F00102C3F845
:101A9000E020D3F8E03003F001030593059BA02379
:101AA00035930223369300233793389308233993D1
:101AB00035A90C4802F088FE41E7FFF727FED5E77D
:101AC0000038004000140058004402580008025832
:101AD000000402585C0E002410000240E40D0024B3
:101AE000280002400000025800B583B00A4BD3F82A
:101AF000F42042F00202C3F8F420D3F8F43003F0EB
:101B000002030193019B00220F216FF0010000F0FE
:101B10009FFC03B05DF804FB004402580F2801D974
:101B20000120704710B58AB00446002201463720D4
:101B300000F08EFC372000F09BFC1A4B1C601A4B07
:101B4000D3F8E82042F02002C3F8E820D3F8E830C8
:101B500003F020030093009B01A902A803F0ECFC12
:101B6000079BBBB903F0C4FC0346104AA2FB032346
:101B70009B0C013B0E480F4A026040F2E732C26004
:101B8000436000230361836005F012FD30B1012042
:101B90000AB010BD03F0ACFC4300E6E7044805F0D2
:101BA0005DFBF5E71C0000240044025883DE1B4364
:101BB000E40F002400140040FEE7FEE7FEE7FEE726
:101BC000FEE7704708B5024801F058FC08BD00BFA9
:101BD0005C0E002408B5024801F050FC08BD00BFAF
:101BE000E40D002408B5024801F048FC08BD00BF20
:101BF0002411002408B5024801F040FC08BD00BFD4
:101C0000AC10002408B5024801F038FC08BD00BF44
:101C10003410002408B5024802F046FC08BD00BF9D
:101C20001009002408B5024802F03EFC08BD00BFC0
:101C30007008002408B5024805F0EEF908BD00BFA1
:101C40005C0F002408B5024805F076FD08BD00BF12
:101C50005813002408B5024805F054FB08BD00BF26
:101C6000E40F002408B5024805F066FD08BD00BF7A
:101C7000C412002408B5024805F05EFD08BD00BF8F
:101C80009C11002408B5024802F00EFC08BD00BFFC
:101C9000D00700240120704708B50AF0BDFD1623C7
:101CA00003604FF0FF3008BD08B54FF0FF31FFF77C
:101CB000F3FFFEE770B50C461646002506E0AFF3CD
:101CC0000080214601F8010B01350C46B542F6DBD8
:101CD000304670BD70B50C461646002504E014F879
:101CE000010BAFF300800135B542F8DB304670BD23
:101CF0004FF0FF3070474FF400534B6000207047A7
:101D0000012070470020704710B503460C4A0D496A
:101D10000D48006840B10C4800680344521A9342D1
:101D200006D8094A136010BD0748084C0460F2E762
:101D30000AF072FD0C2303604FF0FF30F3E700BFA1
:101D400000000524000400003010002490950024B9
:101D5000224AD2F8883043F47003C2F88830204B0E
:101D60001B6803F00F03062B06D81D4A136823F0E7
:101D70000F0343F0070313601A4B1A6842F0010285
:101D80001A6000221A611968174A0A401A60144B37
:101D90001B6813F0080F06D0114A136823F00F03D5
:101DA00043F0070313600F4B00229A61DA611A6255
:101DB0000E4999620E49D9620E4919635A639963B3
:101DC000DA6319645A64196821F4802119601A666B
:101DD000094B43F2D2021A60704700BF00ED00E0E9
:101DE00000200052004402587FEDF6EA0002020291
:101DF0000000FF01800201010040005208B51A48AE
:101E00001A4B03601A4B43604FF4805383604FF4C6
:101E10000053C3604FF4806303610C2343610023CC
:101E20008361C36103624362836206F09EFB70B903
:101E300000210D4806F06CFC60B900210A4806F04C
:101E40008CFC50B9084806F044FC48B908BDFFF7BF
:101E50005DFCEDE7FFF75AFCEFE7FFF757FCF1E712
:101E6000FFF754FCF2E700BF581300240050004075
:101E7000A086010008B51748174B03604FF4612393
:101E8000436000238360C36003610C22426183616D
:101E9000C36103624362836206F067FB70B900218D
:101EA0000C4806F035FC60B900210A4806F055FCE4
:101EB00050B9084806F00DFC48B908BDFFF726FCEC
:101EC000EDE7FFF723FCEFE7FFF720FCF1E7FFF773
:101ED0001DFCF2E7C41200240078004008B5174842
:101EE000174B03604FF46123436000238360C3609A
:101EF00003610C2242618361C361036243628362B6
:101F000006F033FB70B900210C4806F001FC60B903
:101F100000210A4806F021FC50B9084806F0D9FB18
:101F200048B908BDFFF7F2FBEDE7FFF7EFFBEFE77E
:101F3000FFF7ECFBF1E7FFF7E9FBF2E730120024D3
:101F40000010014008B51748174B03604FF4E13308
:101F5000436000238360C36003610C22426183619C
:101F6000C36103624362836206F0FFFA70B9002125
:101F70000C4806F0CDFB60B900210A4806F0EDFBE5
:101F800050B9084806F0A5FB48B908BDFFF7BEFBED
:101F9000EDE7FFF7BBFBEFE7FFF7B8FBF1E7FFF774
:101FA000B5FBF2E79C110024001C0140F0B5BFB066
:101FB0000446002139913A913B913C913D91B822E0
:101FC0000AA80AF04DFB2368B24A93420CD0B24AE9
:101FD000934276D0B14A934200F0E680B04A9342F1
:101FE00000F015813FB0F0BD02220023CDE90A23A5
:101FF0000AA803F0D3FB00285DD1AA4BD3F8E82050
:1020000042F48012C3F8E820D3F8E82002F48012EA
:102010000192019AD3F8E02042F00402C3F8E020D4
:10202000D3F8E02002F004020292029AD3F8E020F2
:1020300042F00802C3F8E020D3F8E03003F00803D0
:102040000393039B4FF48053399302273A9700255B
:102050003B953C9508263D9639A9934802F0B4FB80
:10206000042339933A973B953C953D9639A98F487F
:1020700002F0AAFB8E488F4B0360412343608560CA
:10208000C5604FF48063036145618561C5614FF4AC
:1020900040330362456200F0FFFB78B9844BC4F81B
:1020A00080309C6300220521352000F0D1F93520D5
:1020B00000F0DEF996E7FFF729FB9EE7FFF726FB26
:1020C000ECE702220023CDE90A230AA803F066FB0D
:1020D000002860D1734BD3F8E82042F08042C3F867
:1020E000E820D3F8E82002F080420492049AD3F862
:1020F000E02042F01002C3F8E020D3F8E03003F013
:1021000010030593059B4FF4C073399302233A9350
:1021100000253B953C9507233D9339A9664802F07D
:1021200053FB6648664B03604F2343608560C56080
:102130004FF48063036145618561C5614FF44033AD
:102140000362456200F0A8FB40BB5C4BC4F88030E2
:102150009C635C485C4B0360502343604023836076
:102160000023C3604FF48062026143618361C361F5
:102170004FF440320262436200F08EFB88B9514B4B
:10218000E3679C6300220521522000F061F9522090
:1021900000F06EF926E7FFF7B9FA9BE7FFF7B6FA0A
:1021A000D3E7FFF7B3FAEAE701220023CDE90A23D8
:1021B0000AA803F0F3FA38BB3A4BD3F8F02042F008
:1021C0001002C3F8F020D3F8F02002F010020692BB
:1021D000069AD3F8E02042F00102C3F8E020D3F8D9
:1021E000E03003F001030793079B4FF4C06339937A
:1021F00002233A9300233B933C9307233D9339A951
:10220000324802F0E1FAEDE6FFF780FAD4E7012266
:102210000023CDE90A230AA803F0C0FA002857D109
:10222000204BD3F8F02042F08002C3F8F020D3F81E
:10223000F02002F080020892089AD3F8E02042F0E1
:102240001002C3F8E020D3F8E03003F01003099344
:10225000099B0423399302263A9600243B943C942C
:102260003D93154D39A9284602F0AEFA082339935B
:102270003A963B943C940B233D9339A9284602F0AF
:10228000A3FA224605219C2000F0E2F89C2000F0F1
:10229000EFF8A7E600500040007800400010014031
:1022A000001C01400044025800080258000C02586B
:1022B000241100244000024000100258AC100024F9
:1022C0005800024034100024700002400000025800
:1022D000FFF71CFAA4E700BFDFF834D0FFF738FDA2
:1022E0000C480D490D4A002302E0D458C450043371
:1022F000C4188C42F9D30A4A0A4C002301E0136047
:102300000432A242FBD30AF08DFAFFF755FA704768
:102310000000052400000024AC070024B4340108A8
:10232000B007002490950024FEE7000010B50320BC
:1023300000F07CF802F074FE0F498B69C3F30323AD
:102340000E4AD35C03F01F03D8408B6903F00F03E0
:10235000D35C03F01F0320FA03F3094A1360094B0F
:1023600018600F20FFF7DAFB10B10124204610BDE2
:102370000446FFF7B9FBF9E7004402589C2F010817
:102380001000002414000024034B1B78034A11683A
:102390000B441360704700BF18000024EC130024A6
:1023A000014B1868704700BFEC130024002807DBBE
:1023B00000F01F02400901239340024A42F82030F6
:1023C000704700BF00E100E0002804DB0901C9B24A
:1023D000044B1954704700F00F000901C9B2024BB9
:1023E0001954704700E400E014ED00E000B500F07F
:1023F0000700C0F1070CBCF1040F28BF4FF0040C1C
:10240000031D062B0FD9C31E4FF0FF3E0EFA0CF032
:1024100021EA000199400EFA03FE22EA0E0241EA87
:1024200002005DF804FB0023EEE700000649CB68DC
:1024300023F4E0631B041B0C000200F4E060034380
:10244000024A1A43CA60704700ED00E00000FA0536
:1024500010B50446054BD868C0F30220FFF7C6FF4D
:1024600001462046FFF7B0FF10BD00BF00ED00E0C1
:1024700008B5FFF79BFF08BDF0B4876D0468664E92
:10248000664DAC4218BFB44242D01835AC423FD082
:102490001835AC423CD01835AC4239D01835AC4276
:1024A00036D01835AC4233D01835AC4230D005F5B3
:1024B0005675AC422CD01835AC4229D01835AC42F8
:1024C00026D01835AC4223D01835AC4220D0183570
:1024D000AC421DD01835AC421AD01835AC4217D0DA
:1024E0004F4DAC4214D01435AC4211D01435AC422F
:1024F0000ED01435AC420BD01435AC4208D0143594
:10250000AC4205D01435AC4202D01435AC4207D1F0
:10251000446E856E6560C46E14B1046F456F65606E
:1025200004683D4E3D4DAC4218BFB44252D0183500
:10253000AC424FD01835AC424CD01835AC4249D0E3
:102540001835AC4246D01835AC4243D01835AC42B1
:1025500040D005F55675AC423CD01835AC4239D068
:102560001835AC4236D01835AC4233D01835AC42B1
:1025700030D01835AC422DD01835AC422AD01835A1
:10258000AC4227D0264E274DAC4218BFB44211D0E2
:10259000254DAC420ED01435AC420BD01435AC42B4
:1025A00008D01435AC4205D01435AC4202D01435F5
:1025B000AC4224D1C46D04F01F050124AC407C6002
:1025C000046863608368402B20D0036899600368C7
:1025D000DA6014E0C46D04F01F0C3F2404FA0CF41C
:1025E000BC6005682C6824F480242C600468636057
:1025F0008368402B05D0036899600368DA60F0BCFB
:10260000704703689A600368D960F8E703689A60C6
:102610000368D960F3E700BF1000024028000240C1
:10262000085402581C540258305402580368274971
:10263000274A934218BF8B422FD0183293422CD096
:102640001832934229D01832934226D0183293423E
:1026500023D01832934220D0183293421DD002F575
:102660005672934219D01832934216D018329342C0
:1026700013D01832934210D0183293420DD0183232
:1026800093420AD01832934207D01832934204D0B2
:1026900023F0FF038365806D704710B4D9B2103901
:1026A0000C4AA2FB0142C2F302120B4CA25CC265AF
:1026B0005F2907D96FF3090304338365806D5DF8E3
:1026C000044B70476FF309038365F7E7100002407E
:1026D00028000240ABAAAAAAAC2F010883699BB9C3
:1026E000836A012B0AD0022B02D00BB10020704765
:1026F000C36A13F0807F2AD100207047C36AB3F108
:10270000C07F26D000207047B3F5005F0AD0836AEF
:10271000022B26D9032B26D1C36A13F0807F24D144
:1027200000207047836A032B03D8DFE803F014040A
:10273000140A00207047C36A13F0807F0DD1002077
:102740007047C36AB3F1C07F09D0002070470120F1
:102750007047012070470120704701207047012019
:10276000704701207047002070470120704700002B
:1027700003682149214A934218BF8B4227D0143263
:10278000934224D01432934221D0143293421ED06B
:10279000143293421BD01432934218D01432934215
:1027A00015D0DAB2103A1649A1FB021212091549E6
:1027B0001944A8291ED9144B13449B000366134BDC
:1027C000436602F01F020123934083667047DBB229
:1027D000083B0F4AA2FB03230E4A02EB131292009E
:1027E00002660D4A4266C3F30413012202FA03F3A0
:1027F000836670470832DEE7085402581C540258BA
:10280000ABAAAAAAF0FBFDBF00820010800802401C
:10281000CDCCCCCC009600168058025801794A1EC7
:10282000072A2BD830B40368154D164CA34218BFA5
:10283000AB4218D01434A34215D01434A34212D0A2
:102840001434A3420FD01434A3420CD01434A34246
:1028500009D01434A34206D00B4B0B449B00C36633
:102860000A4B036705E00A4B0B449B00C366094B08
:10287000036701239340436730BC7047704700BF34
:10288000085402581C5402583F820010400902406C
:102890003F9600164059025870B50446FFF780FD78
:1028A000002C00F0B781054623685349534A9342F0
:1028B00018BF8B420CBF0121002150D01832934227
:1028C0004DD0183293424AD01832934247D0183232
:1028D000934244D01832934241D0183293423ED0B2
:1028E00002F5567293423AD01832934237D01832DA
:1028F000934234D01832934231D0183293422ED0C2
:10290000183293422BD01832934228D01832934277
:1029100025D03B493B4A934218BF8B4200F032819D
:10292000394A934200F02E811432934200F02A81FA
:102930001432934200F026811432934200F0228137
:102940001432934200F01E811432934200F01A8137
:1029500040236365032384F8353001204AE00222D6
:1029600084F83520002284F8342079BB274A93422A
:102970002CD01832934229D01832934226D01832E4
:10298000934223D01832934220D0183293421DD064
:1029900002F55672934219D01832934216D018326B
:1029A000934213D01832934210D0183293420DD074
:1029B000183293420AD01832934207D01832934209
:1029C00004D01A6822F001021A6003E01A6822F0AB
:1029D00001021A6023681A6812F0010F18D0FFF77D
:1029E000DFFC431B052BF5D920236365032384F803
:1029F0003530012070BD00BF1000024028000240A9
:102A0000085402581C5402583054025840000240E6
:102A10001A6881491140A268E068024320690243B4
:102A200060690243A0690243E0690243206A0243ED
:102A30000A43616A042900F090806168522900F21B
:102A400096803F29C0F08E803F39744820FA01F10A
:102A500011F0010F01D042F480121A6026687569E6
:102A600025F00705636A1D43042B08D1A36A1D43A3
:102A7000E36A23B12046FFF731FE00287CD175615F
:102A80002046FFF7D3FDE36D03F01F023F23934081
:102A9000836023686249634A934218BF8B4242D0E5
:102AA000183293423FD0183293423CD018329342AE
:102AB00039D01832934236D01832934233D018327C
:102AC000934230D002F5567293422CD01832934282
:102AD00029D01832934226D01832934223D018328C
:102AE000934220D0183293421DD0183293421AD00C
:102AF0001832934217D04C4A934214D01432934266
:102B000011D0143293420ED0143293420BD01432AF
:102B1000934208D01432934205D01432934202D02B
:102B20001432934213D12046FFF722FEA368802B74
:102B300063D0236E22791A60636EA26E5A60636856
:102B4000013B072B5CD90023E36623676367002002
:102B50006065012384F835304CE7E16A206B01435E
:102B60000A436AE7293905293FF677AF73E77439D5
:102B700003293FF672AF6EE740236365012084F8B6
:102B8000350037E7022284F83520002284F834200B
:102B900019686FF31011A268402A2CD0802A27D020
:102BA0000022E06842EAD002206942EAD00260696D
:102BB00042EAD002A06942EAD002E06942EAD002C9
:102BC000206A42EA10120A431A602268174B134423
:102BD000174AA2FB03231B099B00E3652046FFF76E
:102BE00025FDE26D02F01F0101228A40426050E79C
:102BF0004FF48042D5E71022D3E70023636098E7C3
:102C00002046FFF70BFEE36E00221A60236F626F0F
:102C10005A609CE70120EDE63F8010FE0F030F0095
:102C2000100002402800024008540258F8ABFDA7EB
:102C3000CDCCCCCC002800F03E8170B5044690F895
:102C40003400012800F03981012084F8340094F820
:102C50003500C0B2012807D04FF40063636500233C
:102C600084F83430012070BD022084F83500002043
:102C700060652068924E934DA84218BFB0422FD095
:102C80001835A8422CD01835A84229D01835A842AA
:102C900026D01835A84223D01835A84220D01835A0
:102CA000A8421DD005F55675A84219D01835A8427E
:102CB00016D01835A84213D01835A84210D01835B0
:102CC000A8420DD01835A8420AD01835A84207D01E
:102CD0001835A84204D0056825F00105056003E019
:102CE000056825F0010505602046FFF7C5FB236850
:102CF0007349744A934218BF8B4238D018329342BA
:102D000035D01832934232D0183293422FD0183235
:102D100093422CD01832934229D01832934226D0B5
:102D200002F55672934222D0183293421FD01832C5
:102D300093421CD01832934219D01832934216D0C5
:102D40001832934213D01832934210D01832934263
:102D50000DD01A6822F00E0242F00A021A60236CAB
:102D600093B12268136843F0040313600CE01A68FF
:102D700022F01E0242F016021A60236C23B1226870
:102D8000136843F00803136023684D494D4A93428A
:102D900018BF8B4242D0183293423FD01832934230
:102DA0003CD01832934239D01832934236D0183280
:102DB000934233D01832934230D002F55672934288
:102DC0002CD01832934229D01832934226D0183290
:102DD000934223D01832934220D0183293421DD010
:102DE000183293421AD01832934217D0364A93427F
:102DF00014D01432934211D0143293420ED01432B4
:102E000093420BD01432934208D01432934205D02F
:102E10001432934202D0143293420ED1236E1A68B8
:102E200012F4803F03D01A6842F480721A60E36E95
:102E30001BB11A6842F480721A6023682049214A43
:102E4000934218BF8B4230D0183293422DD01832A3
:102E500093422AD01832934227D01832934224D07A
:102E60001832934221D0183293421ED002F5567286
:102E700093421AD01832934217D01832934214D08A
:102E80001832934211D0183293420ED01832934226
:102E90000BD01832934208D01832934205D01A68EA
:102EA00042F001021A600020DDE61A6842F00102D9
:102EB0001A600020D7E6012070470220D3E600BF49
:102EC00010000240280002400854025870B5044621
:102ED000FFF766FA002C00F09181054694F8353032
:102EE000DBB2022B06D080236365002384F83430E4
:102EF000012070BD23688C498C4A934218BF8B42D5
:102F000030D0183293422DD0183293422AD0183242
:102F1000934227D01832934224D01832934221D0C2
:102F2000183293421ED002F5567293421AD01832CC
:102F3000934217D01832934214D01832934211D0D2
:102F4000183293420ED0183293420BD0183293426B
:102F500008D01832934205D01A6822F00E021A6087
:102F6000266809E01A6822F01E021A602268536976
:102F700023F080035361266823686B496B4A9342B0
:102F800018BF8B4242D0183293423FD0183293423E
:102F90003CD01832934239D01832934236D018328E
:102FA000934233D01832934230D002F55672934296
:102FB0002CD01832934229D01832934226D018329E
:102FC000934223D01832934220D0183293421DD01E
:102FD000183293421AD01832934217D0544A93426F
:102FE00014D01432934211D0143293420ED01432C2
:102FF00093420BD01432934208D01432934205D03E
:103000001432934202D01432934204D1226E1368D8
:1030100023F48073136023684349444A934218BFE2
:103020008B422FD0183293422CD01832934229D0A1
:103030001832934226D01832934223D0183293424A
:1030400020D0183293421DD002F55672934219D007
:103050001832934216D01832934213D0183293424A
:1030600010D0183293420DD0183293420AD0183241
:10307000934207D01832934204D01A6822F001021A
:103080001A6003E01A6822F001021A60336813F034
:10309000010F0ED0FFF784F9431B052BF6D920232F
:1030A0006365032384F83530002384F8343001202D
:1030B0001FE723681C491D4A934218BF8B4239D031
:1030C0001832934236D01832934233D0183293429A
:1030D00030D0183293422DD0183293422AD0183271
:1030E000934227D002F55672934223D0183293426E
:1030F00020D0183293421DD0183293421AD0183281
:10310000934217D01832934214D01832934211D000
:10311000183293420ED0A16DE36D03F01F0201231C
:1031200093404B600DE000BF1000024028000240B9
:1031300008540258A16DE36D03F01F023F23934032
:103140008B6023682E492F4A934218BF8B4242D08E
:10315000183293423FD0183293423CD018329342F7
:1031600039D01832934236D01832934233D01832C5
:10317000934230D002F5567293422CD018329342CB
:1031800029D01832934226D01832934223D01832D5
:10319000934220D0183293421DD0183293421AD055
:1031A0001832934217D0184A934214D014329342E3
:1031B00011D0143293420ED0143293420BD01432F9
:1031C000934208D01432934205D01432934202D075
:1031D000143293420BD1636EA26E5A60E36E33B128
:1031E0001A6822F480721A60236F626F5A6001239A
:1031F00084F83530002084F834007AE6012078E63F
:10320000100002402800024008540258002800F034
:10321000288108B5024690F83530DBB2022B03D086
:1032200080234365012008BD0368904890498B4284
:1032300018BF83420CBF0120002065D018318B429B
:1032400062D018318B425FD018318B425CD018317C
:103250008B4259D018318B4256D018318B4253D003
:1032600001F556718B424FD018318B424CD018313A
:103270008B4249D018318B4246D018318B4243D013
:1032800018318B4240D018318B423DD018318B42DF
:103290003AD0196821F00E01196013687348744917
:1032A0008B4218BF83426AD072498B4267D0183173
:1032B0008B4264D018318B4261D018318B425ED082
:1032C00018318B425BD018318B4258D001F55671C2
:1032D0008B4254D018318B4251D018318B424ED092
:1032E00018318B424BD018318B4248D018318B4269
:1032F00045D018318B4242D018318B423FD01968EB
:1033000021F0010119603EE0042182F8351080BBF4
:10331000584A93422DD0183293422AD01832934201
:1033200027D01832934224D01832934221D0183239
:1033300093421ED002F5567293421AD0183293422D
:1033400017D01832934214D01832934211D0183249
:1033500093420ED0183293420BD01832934208D0C9
:103360001832934205D01A6822F001021A60002038
:1033700059E71A6822F001021A60002053E7196821
:1033800021F0010119601368384839498B4218BF90
:10339000834242D018318B423FD018318B423CD00F
:1033A00018318B4239D018318B4236D018318B42CC
:1033B00033D018318B4230D001F556718B422CD06E
:1033C00018318B4229D018318B4226D018318B42CC
:1033D00023D018318B4220D018318B421DD01831A8
:1033E0008B421AD018318B4217D023498B4214D00C
:1033F00014318B4211D014318B420ED014318B42D8
:103400000BD014318B4208D014318B4205D01431CB
:103410008B4202D014318B4217D1116E0B6823F40A
:1034200080730B60906DD36D03F01F0101238B40FF
:103430004360536E916E5960D36E33B1196821F4B5
:1034400080711960136F516F5960012382F8353014
:10345000002382F83430136D2BB1104698470020BA
:10346000E1E6012070470020DDE600BF10000240C9
:10347000280002404000024008540258F0B583B0D2
:103480000446002301937D4B1D687D4BA3FB05354E
:10349000AD0A876D3E68D7F800C0036879497A485D
:1034A000834218BF8B420CBF0120002061D0774AB5
:1034B00093425ED0183293425BD01832934258D078
:1034C0001832934255D01832934252D01832934258
:1034D0004FD002F5567293424BD01832934248D0E7
:1034E0001832934245D01832934242D01832934258
:1034F0003FD0183293423CD01832934239D0183220
:10350000934236D06249634A934218BF8B4212D02D
:10351000614A93420FD0143293420CD0143293423A
:1035200009D01432934206D01432934203D014329D
:10353000934240F061821A68E16D01F01F0104209E
:10354000884010EA0C0F00F0A78212F0040F00F080
:10355000A382786012F4004F00F05A8212F4803F88
:1035600040F05082A36C002B00F046822046984722
:1035700042E2E26D02F01F0108228A40324241D04D
:1035800070BB424A93422BD01832934228D0183253
:10359000934225D01832934222D0183293421FD042
:1035A000183293421CD002F55672934218D018324A
:1035B000934215D01832934212D0183293420FD052
:1035C000183293420CD01832934209D018329342E9
:1035D00006D01832934203D01A68C2F3C00202E048
:1035E0001A68C2F380026AB11A6822F004021A60F3
:1035F000E36D03F01F0208239340BB60636D43F04B
:1036000001036365E26D02F01F0226FA02F313F074
:10361000010F47D023681B481B498B4218BF8342C8
:103620003CD018318B4239D018318B4236D018310A
:103630008B4233D018318B4230D018318B422DD091
:1036400018318B422AD001F556718B4226D01831A1
:103650008B4223D018318B4220D018318B421DD0A1
:1036600018318B421AD018318B4217D018318B4247
:1036700014D018318B4211D01B6813E014000024C1
:10368000B5814E1B1000024028000240400002405D
:10369000085402581C540258305402585B6913F005
:1036A000800F3BD1E36D03F01F03042202FA03F302
:1036B00033423FD02268964896498A4218BF8242D8
:1036C00034D018318A4231D018318A422ED0183184
:1036D0008A422BD018318A4228D018318A4225D00C
:1036E00018318A4222D001F556718A421ED0183113
:1036F0008A421BD018318A4218D018318A4215D01C
:1037000018318A4212D018318A420FD018318A42B9
:103710000CD018318A4209D013680BE00123934082
:10372000BB60636D43F002036365BBE7126812F090
:10373000020F3DD1E36D03F01F03102202FA03F3E1
:1037400033425FD02268724872498A4218BF82426F
:1037500034D018318A4231D018318A422ED01831F3
:103760008A422BD018318A4228D018318A4225D07B
:1037700018318A4222D001F556718A421ED0183182
:103780008A421BD018318A4218D018318A4215D08B
:1037900018318A4212D018318A420FD018318A4229
:1037A0000CD018318A4209D01268C2F3800208E0B6
:1037B000BB60636D43F004036365BBE71268C2F34B
:1037C000C002FAB1BB6023681A6812F4802F0DD0D2
:1037D0001B6813F4002F04D1236C9BB1204698473B
:1037E00010E0A36C73B1204698470BE01A6812F4FE
:1037F000807F03D11A6822F008021A60236C0BB193
:1038000020469847E36D03F01F03202202FA03F3DA
:10381000334200F0938022683D483E498A4218BFF7
:1038200082422ED018318A422BD018318A4228D0B9
:1038300018318A4225D018318A4222D018318A4262
:103840001FD018318A421CD001F556718A4218D017
:1038500018318A4215D018318A4212D018318A4262
:103860000FD018318A420CD018318A4209D0183151
:103870008A4206D018318A4203D01268C2F340024D
:1038800002E01268C2F30012002A57D0BB6094F81D
:103890003530DBB2042B0ED023681A6812F4802F67
:1038A0003AD01B6813F4002F2DD1636C002B45D048
:1038B0002046984742E02268136823F016031360FD
:1038C0002268536923F080035361236CBBB12268E3
:1038D000136823F008031360E36D03F01F023F2316
:1038E0009340BB60012384F83530002384F83430E2
:1038F000236D002B00F08080204698477CE0A36C6D
:10390000002BE4D1E8E7E36BC3B12046984715E00C
:1039100010000240280002401A6812F4807F09D18A
:103920001A6822F010021A60012384F8353000234F
:1039300084F83430E36B0BB120469847636D002B5D
:103940005AD0636D13F0010F52D0042384F8353040
:1039500023689649964A934218BF8B422FD018325B
:1039600093422CD01832934229D01832934226D059
:103970001832934223D01832934220D01832934207
:103980001DD002F55672934219D01832934216D0C8
:103990001832934213D01832934210D01832934207
:1039A0000DD0183293420AD01832934207D0183201
:1039B000934204D01A6822F001021A6003E01A68E8
:1039C00022F001021A60019B01330193AB4204D83B
:1039D00023681B6813F0010FF5D123681B6813F0EF
:1039E000010F0BD0032384F83530002384F83430E2
:1039F000E36C0BB12046984703B0F0BD012384F877
:103A00003530F2E7236C002BF6D020469847F3E7D9
:103A100012F0200F3AD123686449654A934218BFD7
:103A20008B422FD0183293422CD01832934229D097
:103A30001832934226D01832934223D01832934240
:103A400020D0183293421DD002F55672934219D0FD
:103A50001832934216D01832934213D01832934240
:103A600010D0183293420DD0183293420AD0183237
:103A7000934207D01832934204D01A6822F004020D
:103A80001A6003E01A6822F008021A60236C002B07
:103A9000B2D020469847AFE70220884010EA0C0FCA
:103AA00060D012F0020F5DD0786012F4004F0ED09B
:103AB00012F4803F05D1636C002B9DD020469847BF
:103AC0009AE7E36B002B97D02046984794E712F0D3
:103AD000200F40D123683549354A934218BF8B42A5
:103AE0002FD0183293422CD01832934229D018325A
:103AF000934226D01832934223D01832934220D0DA
:103B0000183293421DD002F55672934219D01832E2
:103B1000934216D01832934213D01832934210D0E9
:103B2000183293420DD0183293420AD01832934281
:103B300007D01832934204D01A6822F00A021A60A1
:103B400003E01A6822F014021A60012384F8353069
:103B5000002384F83430E36B002B3FF44DAF204654
:103B6000984749E7082000FA01F111EA0C0F3FF4E9
:103B700043AF12F0080F3FF43FAF1A6822F00E0275
:103B80001A60E36D03F01F03012202FA03F37B6066
:103B9000626584F83520002384F83430E36C002B10
:103BA0003FF42AAF2046984726E700BF10000240A6
:103BB0002800024030B4416B0468D4F884306F4A66
:103BC000134043EA8103C4F884300468D4F8843095
:103BD00023F47F03856B43EA0543C4F88430836B89
:103BE0000B440468D4F88810114041EA8301C4F8FA
:103BF00088100468D4F8881021F4FE01C56B41EAEE
:103C00000541C4F88810C16B03EB41030468D4F884
:103C1000A010114041EA8301C4F8A0100468D4F850
:103C2000A01021F4FE01056C41EA0541C4F8A01082
:103C3000016C446C04FB01330468D4F8B0101140EB
:103C400041EA8301C4F8B0100468D4F8B01021F43C
:103C5000FE01856C41EA0541C4F8B010816CC46C6A
:103C600004FB01330468D4F8AC10114041EA83012D
:103C7000C4F8AC10016D446D04FB01330468D4F842
:103C8000F010114041EA8301C4F8F0100468D4F840
:103C9000F01021F47C11856D41EA0541C4F8F01063
:103CA000816D03EB41030468D4F8C0100A4042EA76
:103CB0008303C4F8C0300268D2F8C03023F47C1308
:103CC000C16D43EA0143C2F8C0300268D2F8C03087
:103CD00023F07C53016E43EA0163C2F8C030436BAA
:103CE000274A1A449200C266836B02EB8303036780
:103CF000C16B03EBC1034367016C446C04FB01F12E
:103D000003EB81038367816CC46C04FB01F103EB5B
:103D10008103C367016D446D04FB01F103EB810373
:103D2000C0F88030816D03EBC103C0F88430816E30
:103D3000C46D01FB04FC03EB8C03C0F88830046EF7
:103D400004FB01F103EB8103C0F890300D498B4275
:103D50000DD9D0F89C3043F02003C0F89C300323E9
:103D600080F89830012007E0002342F8043BD0F8A7
:103D700090309342F8D8002030BC70470300FFFF1A
:103D8000002B0010FCD3004070B54C68FCB90D69E5
:103D90008C6825430C6845EA84450E6ACC6944EA80
:103DA00006648E6934434E693443CE6844EA06445F
:103DB000D0F88460806E00FB03F306EB830E46F8B8
:103DC0002350CEF804400EF1080E002019E00C69D3
:103DD0008D6825430C68254345F08045DDE702EBFF
:103DE000000C9CF803409CF802301B0443EA046377
:103DF0009CF8014043EA0423145C23434EF8043B3F
:103E00000430CB68024CE35C8342E8D870BD00BF4D
:103E1000B42F010830B595B004464C22A04901A842
:103E2000FCF794FC002C00F0388123689D4A9342F3
:103E300020D094F898300BB32268936923F01003D4
:103E40009361FEF7ADFA054623689A6912F0080FF0
:103E50001AD0FEF7A5FA431B0A2BF5D9D4F89C30EB
:103E600043F00103C4F89C30032384F89830012008
:103E700015B030BD03F580736360DAE784F89930DC
:103E80002046FDF7BDF9D7E79A6942F001029A6131
:103E9000FEF786FA054623689A6912F0010F0FD1E2
:103EA000FEF77EFA401B0A28F5D9D4F89C3043F07F
:103EB0000103C4F89C30032384F898300120D7E72D
:103EC0009A6942F002029A61237C012B40D0226859
:103ED000936943F040039361637C012B3ED02268D9
:103EE000936923F480439361A37C012B3CD0226827
:103EF000936943F4805393612268936923F4407378
:103F0000A1680B4393612268936923F0A403936132
:103F10002268136923F010031361E368012B29D091
:103F2000002B2CD0022B00F09B802268936943F079
:103F3000800393612268136943F010031361E368FF
:103F4000032B1CD12268936943F02003936116E090
:103F50002268936923F040039361BDE72268936967
:103F600043F480439361BFE72268936923F480534D
:103F70009361C1E72268936943F004039361A369E5
:103F80005A1EE369013B1B0243EA4263226A013A7B
:103F900013436269013A216843EA0243CB61A36893
:103FA000B3F5407F62D0236E33B12268D2F8C030BF
:103FB000616E0B43C2F8C030E36D226ED3420DD068
:103FC0002168D1F8C83023F00703A26E14A800EBD3
:103FD000820252F84C2C1343C1F8C830236C6BB1E9
:103FE0002168D1F8BC3023F00703626C14A800EB01
:103FF000820252F84C2C1343C1F8BC30A36C73B14D
:104000002168D1F8BC3023F07003E26C14A800EBF7
:10401000820252F84C2C43EA0213C1F8BC30236DE3
:1040200073B12168D1F8BC3023F4E063626D14A849
:1040300000EB820252F84C2C43EA0223C1F8BC3058
:104040002268184B9A4222D00023C4F89430C4F856
:104050009C30012384F898302046FFF7ABFD07E73A
:104060002268936943F02003936188E7A36A013BC8
:10407000E26A013A43EA0223226B013A43EA02135D
:10408000626A013A216843EA0243CB608BE76268C7
:10409000936823F003039360D6E70120E8E600BFAE
:1040A000FC2C010800A0004090F89830013BDBB2E6
:1040B000012B07D9D0F89C3043F00203C0F89C30A4
:1040C000012070470B68DBB9CB68072B0ED08A68DC
:1040D000DB0643EA82730A6943EA02434A691343EF
:1040E000C26E496842F82130002070470A69CB69E6
:1040F0001B0243EA02438A69134343F06053EFE72C
:1041000010B4CA680B6943EA4273072A0FD04A69A0
:104110008C6842EA8472006F496800EBC10C40F879
:104120003130CCF8042000205DF8044B70478A69D8
:10413000F1E790F898C05FFA8CFCBCF1010F07D052
:10414000D0F89C3043F00403C0F89C300120704745
:10415000920042EA011242EA43030168009A1A43BC
:10416000C1F880200020704790F89830DBB2012B16
:1041700007D0D0F89C3043F00403C0F89C300120F5
:104180007047022380F898300268936923F0010396
:1041900093610023C0F89C301846704738B5044638
:1041A00090F89830DBB2022B2BD10368D3F8C00013
:1041B00010F07C5F0CD0D3F8C40010F4001F0FD0B7
:1041C000D4F89C3043F40073C4F89C3001201FE005
:1041D000D4F89C3043F02003C4F89C30012017E051
:1041E000D3F8C450C5F304452B462046FFF7CCFD59
:1041F00022680123AB40C2F8D030C4F894300020CC
:1042000006E0D0F89C3043F00803C0F89C30012051
:1042100038BD000090F898C05FFA8CFCBCF1020F2A
:1042200040F0DF8070B540290CD041293DD0046DAD
:104230008C426DD8D0F89C3043F02003C0F89C30FD
:104240000120C1E00468D4F8A05015F4FE0F0CD092
:10425000D4F8A45015F07F0F0FD1D0F89C3043F460
:104260008073C0F89C300120AEE0D0F89C3043F061
:104270002003C0F89C300120A6E0D4F8A46016F01A
:10428000807604D0D4F8A050002D0CDB0026D4F8A2
:10429000A440C4F305242644456F446C06FB04F493
:1042A00005EB840E3BE00126F1E70468D4F8B0503A
:1042B00015F4FE0F0CD0D4F8B45015F07F0F0FD1C9
:1042C000D0F89C3043F48073C0F89C3001207BE030
:1042D000D0F89C3043F02003C0F89C30012073E0FC
:1042E000D4F8B46016F0807604D0D4F8B050002D25
:1042F0000CDB0026D4F8B440C4F305242644856FB3
:10430000C46C06FB04F405EB840E08E00126F1E71B
:10431000C56F446D01FB04F405EB840E0026DEF846
:10432000004004F08044546064BBDEF80040C4F3F5
:104330008A441460DEF8004004F000549460DEF813
:10434000004004F000441461BEF80440D461BEF89B
:10435000064004F00F04D460DEF8044004F4801436
:104360005461DEF8044004F4001494619EF80740A0
:1043700004F07F041462DEF80440E40F54624FF04E
:10438000000C0CE0DEF8004024F060441460D1E73B
:104390000EEB0C04247A03F80C400CF1010CD468E9
:1043A000144D2C5D6445F3D8402909D041290CD027
:1043B0001F290ED8026801238B40C2F8983002E012
:1043C0000368C3F8A860002070BD0368C3F8B86034
:1043D000F9E701F01F01026801238B40C2F89C300D
:1043E000F1E7D0F89C3043F00803C0F89C3001207E
:1043F000704700BFB42F010890F89830013BDBB242
:10440000012B07D9D0F89C3043F00203C0F89C3050
:104410000120704710B403689C6D0C4224D1DC6D00
:1044200044F00104DC6511F4007F05D00468D4F881
:10443000E0301343C4F8E03011F4806F05D0046815
:10444000D4F8E4301343C4F8E4300068436D0C4AF8
:104450000A40134343650B4A536943EA917353611E
:1044600000205DF8044B70479C6D31EA040402D0D3
:104470000324DC65D7E7DC6D44F00204DC65D2E799
:10448000FFFFCF3F00A8004070477047704770475C
:104490007047704770477047704770477047704764
:1044A00070477047704770472DE9F04F83B004465E
:1044B000904B1A695B69134001939B070093036853
:1044C0001A6D02F4704A5A6D0AEA020A1A6D02F075
:1044D0000F095A6D09EA02091A6D02F0F0085A6DC7
:1044E00008EA02081E6D06F071565A6D16401F6DDF
:1044F00007F060775A6D17405D6DD3F850B015F432
:10450000807F02D01BF4807F64D115F4806F02D0CD
:104510001BF4806F67D1009B002B74D1BAF1000FA0
:104520007ED1B9F1000F40F08780B8F1000F40F064
:104530008F8015F4006F03D01BF4006F40F094805F
:1045400015F4007F03D01BF4007F40F0988015F431
:10455000002F03D01BF4002F40F0A18015F4803F02
:1045600003D01BF4803F40F0A58015F4802F03D0CA
:104570001BF4802F40F0A98015F4003F0FD01BF4EE
:10458000003F0CD023684FF400321A65594B0022CB
:104590001A61D4F89C3043F08003C4F89C30002F9B
:1045A00040F09E804EB123681E65B20F514B1A61D8
:1045B000D4F89C303343C4F89C3022684E4B9A4266
:1045C00000F09C80D4F89C30002B40F0F98003B0C0
:1045D000BDE8F08F4FF480721A65464B00221A61D5
:1045E000FFF75BFF91E72368D3F8DC10D3F8E420F2
:1045F0004FF4806018653F4B002018611140204641
:10460000FFF747FF87E7236800221A65019B03F045
:104610000303384A136100992046FFF735FF7DE711
:104620002368C3F850A04FEA9A72324B1A61514680
:104630002046FFF72AFF74E72368C3F850904FEA3B
:1046400099722C4B1A614946204606F04BFF6CE7E5
:104650002368C3F850804FEA9872264B1A6141468E
:104660002046FFF713FF64E723684FF400621A65E2
:10467000204B00221A612046FFF709FF60E72368FC
:10468000D3F8D810D3F8E0204FF400701865194B18
:104690000020186111402046FFF7FAFE57E7236813
:1046A0004FF400221A65134B00221A612046FFF7CF
:1046B000F1FE53E723684FF480321A650D4B002258
:1046C0001A612046FFF7E7FE4FE723684FF4802288
:1046D0001A65084B00221A612046FFF7DDFE4BE702
:1046E00023681F65BA0F034B1A6139462046FFF74E
:1046F000D6FE57E700A8004000A0004063689A6813
:1047000012F0030F3FF45EAF196A01F00F015A6A0D
:10471000186A00F03008586A08EA00081F6A07F4AF
:10472000C077586A07401E6A06F4FC46586A06407D
:104730001D6A05F4F025586A0540D3F82490D3F893
:1047400020A011401CD1B8F1000F1ED119F0400F6C
:1047500002D01AF0400F20D15FBB36B163681E62F1
:10476000D4F89C303343C4F89C30002D3FF42AAF7A
:1047700063681D62D4F89C302B43C4F89C3021E759
:1047800019622046FFF78CFEDDE76368C3F82080DE
:1047900041462046FFF785FED8E76368D96BDA6BA0
:1047A0004020186202F03F02090C2046FFF77AFE13
:1047B000D2E763681F6239462046FFF774FECCE7F4
:1047C0002046FFF76BFE02E7F0B583B000236BE0F5
:1047D00085685E000324B44025EA0405CC68B44033
:1047E0002C438460456825EA0C054C68C4F300142A
:1047F0009C402C43446069E0DD08083550F82540B2
:1048000003F0070C4FEA8C0C4FF00F0E0EFA0CFE63
:1048100024EA0E0E0C6904FA0CF444EA0E0440F883
:1048200025406BE0092400E0002404FA0EF42C4338
:104830000CF1020C664D45F82C404FF0B044256851
:10484000D44325EA02064F6817F4801F01D042EADC
:1048500005064FF0B0452E606D6804EA05064F6806
:1048600017F4001F01D042EA05064FF0B0456E6014
:10487000D5F8845004EA05064F6817F4003F01D0CC
:1048800042EA05064FF0B045C5F88460D5F880507F
:104890002C404E6816F4803F01D042EA05044FF0E8
:1048A000B042C2F8804001330A6832FA03F400F0E3
:1048B0008C804FF0010C0CFA03FC1CEA0202F2D0CF
:1048C0004C6804F00304013C012C81D94C6804F0CD
:1048D0000304032C0CD0C4685D004FF0030C0CFAE9
:1048E00005FC24EA0C0C8C68AC4044EA0C04C4605F
:1048F0004C6804F00304022C3FF47EAF04684FEAD6
:10490000430E4FF0030C0CFA0EFC24EA0C0C4C681E
:1049100004F0030404FA0EF444EA0C0404604C6846
:1049200014F4403FBFD02B4CD4F8F45045F00205AE
:10493000C4F8F450D4F8F44004F002040194019C4B
:104940004FEA930C0CF10205214C54F8255003F06A
:10495000030E4FEA8E0E0F2404FA0EF425EA040526
:104960001D4CA0423FF460AF04F58064A0421ED00D
:1049700004F58064A0421CD004F58064A0421AD0E3
:1049800004F58064A04218D004F58064A04216D0DB
:1049900004F58064A04214D004F58064A04212D0D3
:1049A00004F50064A0423FF43DAF0A243DE7012432
:1049B0003BE7022439E7032437E7042435E70524DD
:1049C00033E7062431E707242FE703B0F0BD00BF2B
:1049D0000004005800440258000002580AB18161E6
:1049E0007047090481617047134BDB6813F0040FB3
:1049F00007D1114BDB6803F0070383421AD0012073
:104A0000704710B50C4AD36823F007030343D36003
:104A1000FDF7C6FC0446084B5B6813F4005F07D142
:104A2000FDF7BEFC001BB0F57A7FF4D9012000E051
:104A3000002010BD0020704700480258002800F0F8
:104A4000D58238B50446036813F0010F25D0A04A7B
:104A5000136903F03803926A102B15D0182B0FD06E
:104A60006368B3F5803F3FD0002B53D1984B1A6851
:104A700022F480321A601A6822F480221A6038E028
:104A800002F00302022AEBD1914B1B6813F4003FA2
:104A900003D06368002B00F0AB82236813F0020F91
:104AA00000F088808A4A1369926A13F038035AD05A
:104AB000182B55D0E368002B00F0A98084490A68C0
:104AC00022F0190213430B60FDF76AFC0546804B88
:104AD0001B6813F0040F40F09180FDF761FC401B50
:104AE0000228F4D903208AE2794A136843F4803318
:104AF000136063682BB3FDF753FC0546744B1B68CA
:104B000013F4003FC9D1FDF74BFC401B6428F5D9D5
:104B1000032074E2B3F5A02F09D06D4B1A6822F47C
:104B200080321A601A6822F480221A60E1E7684B2A
:104B30001A6842F480221A601A6842F480321A60BD
:104B4000D7E7FDF72DFC0546614B1B6813F4003FCA
:104B5000A3D0FDF725FC401B6428F5D903204EE2C5
:104B600012F0030FA6D15A4B1B6813F0040F03D0A9
:104B7000E368002B00F03E82554A136823F01903C6
:104B8000E1680B431360FDF70BFC0546504B1B68B7
:104B900013F0040F06D1FDF703FC401B0228F5D9E2
:104BA00003202CE24A4A536823F0FE43216943EA7A
:104BB00001635360236813F0100F51D0444A136906
:104BC00003F03803926A082B39D0182B33D0E369ED
:104BD000002B69D03E4A136843F080031360FDF751
:104BE000DFFB05463A4B1B6813F4807F53D1FDF77A
:104BF000D7FB401B0228F5D9032000E2344A536852
:104C000023F0FE43216943EA01635360D2E7304A4F
:104C1000136823F001031360FDF7C2FB05462C4B1C
:104C20001B6813F0040FC5D0FDF7BAFB401B022828
:104C3000F5D90320E3E102F00302012AC7D1244B96
:104C40001B6813F4807F03D0E369802B40F0D4818C
:104C50001F4AD36823F07C53216A43EA0163D3607F
:104C6000236813F0080F49D06369002B32D0184A2B
:104C7000536F43F001035367FDF792FB0546144B56
:104C80005B6F13F0020F39D1FDF78AFB401B02283E
:104C9000F5D90320B3E10E4AD36823F07C53216A8F
:104CA00043EA0163D360DBE7094A136823F080031A
:104CB0001360FDF775FB0546054B1B6813F4807FF9
:104CC000CED0FDF76DFB401B0228F5D9032096E1FD
:104CD000004402589D4A536F23F001035367FDF7C8
:104CE0005FFB0546994B5B6F13F0020F06D0FDF793
:104CF00057FB401B0228F5D9032080E1236813F0FD
:104D0000200F29D0A3699BB1904A136843F48053C4
:104D10001360FDF745FB05468C4B1B6813F4005FE1
:104D20001AD1FDF73DFB401B0228F5D9032066E1AF
:104D3000864A136823F480531360FDF731FB054660
:104D4000824B1B6813F4005F06D0FDF729FB401B64
:104D50000228F5D9032052E1236813F0040F21D172
:104D6000636A002B00F04A81784A126902F0380227
:104D7000182A00F0F180022B75D0744A136823F0D2
:104D800080731360FDF70CFB0446704B1B6813F037
:104D9000007F00F0D880FDF703FB001B0228F4D948
:104DA00003202CE16A4A136843F480731360FDF713
:104DB000F7FA0546664B1B6813F4807F06D1FDF7B2
:104DC000EFFA401B6428F5D9032018E1A368012BF2
:104DD0000AD00BBB5D4B1A6F22F001021A671A6FE3
:104DE00022F004021A6704E0584A136F43F00103EB
:104DF0001367A36833B3FDF7D3FA0546534B1B6F14
:104E000013F0020FACD1FDF7CBFA401B41F288330F
:104E10009842F3D90320F2E0052B09D04B4B1A6FCF
:104E200022F001021A671A6F22F004021A67E0E703
:104E3000464B1A6F42F004021A671A6F42F00102E1
:104E40001A67D6E7FDF7ACFA0546404B1B6F13F027
:104E5000020F85D0FDF7A4FA401B41F28833984237
:104E6000F3D90320CBE0394A136823F08073136031
:104E7000FDF796FA0546354B1B6813F0007F06D008
:104E8000FDF78EFA401B0228F5D90320B7E02F4B1F
:104E9000996A304A0A40A16AE06A41EA00110A436D
:104EA0009A62226B013AC2F30802616B013949022E
:104EB00089B20A43A16B0139090401F4FE010A43D6
:104EC000E16B0139090601F0FE410A431A63DA6A0F
:104ED00022F00102DA625A6B6FF3CF02A16C42EA50
:104EE000C1025A63DA6A22F00C02216C0A43DA62C8
:104EF000DA6A22F00202616C0A43DA62DA6A42F488
:104F00008032DA62DA6A42F40032DA62DA6A42F451
:104F10008022DA62DA6A42F00102DA621A6842F04A
:104F200080721A60FDF73CFA0446084B1B6813F0C8
:104F3000007F06D1FDF734FA001B0228F5D90320C3
:104F40005DE000205BE0002059E000BF0044025813
:104F5000004802580CFCFFFF30498A6A086B012B9D
:104F60004ED002F00303A16A8B424BD1C2F305126B
:104F7000E36A9A4248D1C0F30802236B013B9A428C
:104F800044D1C0F34622636B013B9A4240D1C0F347
:104F90000642A36B013B9A423CD1C0F30660E36B2F
:104FA000013B984238D11D4B5B6BC3F3CC03A26C21
:104FB0009A4201D1002022E0184AD36A23F001036B
:104FC000D362FDF7EDF90546FDF7EAF9A842FBD0FB
:104FD000124A536B6FF3CF03A16C43EAC1035363CF
:104FE000D36A43F00103D362002008E00120704738
:104FF000012004E0012002E0012000E0002038BD93
:105000000120FCE70120FAE70120F8E70120F6E79C
:105010000120F4E70120F2E70120F0E70044025804
:10502000754B1B6903F03803102B00F0DE80182B42
:105030000FD0002B40F0DB806F4B1B6813F0200F6C
:1050400000F0D7806C4B1B68C3F3C1036B48D8409A
:10505000704710B4684B9A6A02F003029C6AC4F36A
:105060000510D96A01F001015B6BC3F3CC0301FBAE
:1050700003F307EE903AF8EE677A14F47C7F77D06A
:10508000012A4AD0022A76D0002A40F091805A4B59
:105090001B6813F0200F23D057490A68C2F3C102DE
:1050A000564BD34007EE103AF8EE476A07EE100A67
:1050B000B8EE476A86EE867A0B6BC3F3080306EEFA
:1050C000903AF8EE666A9FED4E6A67EE867A76EE63
:1050D000A77AF7EE006A77EEA67A27EE277A38E00D
:1050E00007EE100AF8EE476A9FED466A86EE267ACA
:1050F000414B1B6BC3F3080306EE903AF8EE666A69
:105100009FED3F6A67EE867A76EEA77AF7EE006A41
:1051100077EEA67A27EE277A1BE007EE100AF8EE64
:10512000476A9FED396A86EE267A334B1B6BC3F3D1
:10513000080306EE903AF8EE666A9FED316A67EE74
:10514000867A76EEA77AF7EE006A77EEA67A27EEF1
:10515000277A294B1B6BC3F34623013307EE903AA2
:10516000F8EE677AC7EE276AFCEEE67A17EE900A49
:105170005DF8044B704707EE100AF8EE476A9FEDA2
:10518000236A86EE267A1C4B1B6BC3F3080306EEDC
:10519000903AF8EE666A9FED1A6A67EE867A76EEC6
:1051A000A77AF7EE006A77EEA67A27EE277AD0E79D
:1051B00007EE100AF8EE476A9FED136A86EE267A2C
:1051C0000D4B1B6BC3F3080306EE903AF8EE666ACC
:1051D0009FED0B6A67EE867A76EEA77AF7EE006AA5
:1051E00077EEA67A27EE277AB3E709487047094891
:1051F00070470248704700BF004402580090D00337
:10520000000000390024744C0024744A001BB74B82
:1052100000366E0100093D00002800F0328170B5B3
:105220000D4604469B4B1B6803F00F038B420BD2C9
:10523000984A136823F00F030B431360136803F0BD
:105240000F038B4240F01F81236813F0040F0CD032
:105250002269914B9B6903F070039A4205D98E49EC
:105260008B6923F070031A438A61236813F0080FD7
:105270000CD06269884BDB6903F070039A4205D950
:105280008549CB6923F070031A43CA61236813F080
:10529000100F0CD0A269804BDB6903F4E0639A42E3
:1052A00005D97D49CB6923F4E0631A43CA612368B9
:1052B00013F0200F0CD0E269774B1B6A03F07003E8
:1052C0009A4205D974490B6A23F070031A430A62A3
:1052D000236813F0020F0CD0E2686F4B9B6903F058
:1052E0000F039A4205D96C498B6923F00F031A43C7
:1052F0008A61236813F0010F41D0674A936923F450
:105300007063A1680B4393616368022B0AD0032B7F
:1053100027D0012B2CD0604A126812F0040F06D15E
:105320000120ADE0126812F4003F00F0AE805A494F
:105330000A6922F0070213430B61FDF731F80646B4
:10534000554B1B6903F038036268B3EBC20F16D0EC
:10535000FDF726F8801B41F288339842F0D90320EC
:105360008EE04D4A126812F0007FE0D1012087E004
:10537000494A126812F4807FD9D1012080E0236865
:1053800013F0020F0CD0E268434B9B6903F00F034C
:105390009A4205D240498B6923F00F031A438A6170
:1053A0003C4B1B6803F00F03AB420AD9394A136820
:1053B00023F00F032B431360136803F00F03AB427A
:1053C00065D1236813F0040F0CD02269324B9B691E
:1053D00003F070039A4205D22F498B6923F07003C2
:1053E0001A438A61236813F0080F0CD062692A4BB4
:1053F000DB6903F070039A4205D22749CB6923F099
:1054000070031A43CA61236813F0100F0CD0A2690D
:10541000214BDB6903F4E0639A4205D21E49CB6954
:1054200023F4E0631A43CA61236813F0200F0CD001
:10543000E269194B1B6A03F070039A4205D21649C0
:105440000B6A23F070031A430A62FFF7E9FD124961
:105450008B69C3F30323114AD35C03F01F03D840C5
:105460008B6903F00F03D35C03F01F0320FA03F3EF
:105470000B4A13600B4B18600B4B1868FCF74EFB84
:1054800070BD012070470120FAE70120F8E70120F4
:10549000F6E700BF00200052004402589C2F01088C
:1054A00010000024140000241C00002408B5FFF79D
:1054B000B7FD0B4A9369C3F303230A49CB5C03F09E
:1054C0001F0320FA03F3926902F00F02885C00F0D8
:1054D0001F0023FA00F0044A1060044A136008BD5C
:1054E000004402589C2F01081000002414000024DE
:1054F00008B5FFF7DBFF054BDB69C3F30213044A72
:10550000D35C03F01F03D84008BD00BF004402581D
:105510009C2F010808B5FFF7C9FF054BDB69C3F3F2
:105520000223044AD35C03F01F03D84008BD00BF28
:10553000004402589C2F01083F230360114B1A6955
:1055400002F0070242609A6902F4706282609A690E
:1055500002F00F02C2609A6902F070020261DA6919
:1055600002F070024261DA6902F4E06282611B6A51
:1055700003F07003C361044B1B6803F00F030B605F
:10558000704700BF0044025800200052404B9B6A05
:1055900003F00303032B79D070B505460E463C4A51
:1055A000136823F080631360FCF7FAFE0446384B5F
:1055B0001B6813F0006F06D0FCF7F2FE031B022BF2
:1055C000F5D9032070BD324B9A6A22F47C322968E7
:1055D00042EA01329A626A68013AC2F30802A96893
:1055E0000139490289B20A43E9680139090401F421
:1055F000FE010A4329690139090601F0FE410A4307
:105600009A63DA6A22F0C00269690A43DA62DA6AE6
:1056100022F02002A9690A43DA62DA6A22F0100253
:10562000DA62DA6B6FF3CF02E96942EAC102DA6348
:10563000DA6A42F01002DA62C6B91A46DB6A43F44B
:105640000023D362124A136843F080631360FCF7AF
:10565000A7FE04460E4B1B6813F0006F14D1FCF735
:105660009FFE001B0228F5D90320ABE7012E05D0D1
:10567000074AD36A43F40013D362E3E7044AD36AC8
:1056800043F48013D362DDE700209BE701207047DD
:1056900000440258404B9B6A03F00303032B79D06C
:1056A00070B505460E463C4A136823F080531360DC
:1056B000FCF776FE0446384B1B6813F0005F06D0FB
:1056C000FCF76EFE031B022BF5D9032070BD324B95
:1056D0009A6A22F07C72296842EA01529A626A68E8
:1056E000013AC2F30802A9680139490289B20A43A2
:1056F000E9680139090401F4FE010A432969013905
:10570000090601F0FE410A431A64DA6A22F4406293
:1057100069690A43DA62DA6A22F40072A9690A4303
:10572000DA62DA6A22F48072DA625A6C6FF3CF02BC
:10573000E96942EAC1025A64DA6A42F48072DA62C2
:10574000C6B91A46DB6A43F48003D362124A13686F
:1057500043F080531360FCF723FE04460E4B1B6896
:1057600013F0005F14D1FCF71BFE001B0228F5D9D3
:105770000320ABE7012E05D0074AD36A43F08073BC
:10578000D362E3E7044AD36A43F40003D362DDE75C
:1057900000209BE70120704700440258F8B50446FA
:1057A000036813F0006F2FD0436EB3F5001F25D0B0
:1057B00015D8E3B1B3F5801F0ED102210830FFF7F1
:1057C000E5FE054675BB934A136D23F44013616EE5
:1057D0000B431365002619E00126354616E0B3F5A4
:1057E000401F01D10025EEE7012635460EE0894A2B
:1057F000D36A43F40033D3620025E4E70221283062
:10580000FFF748FF0546DDE700263546236813F419
:10581000807F29D0A36D042B22D8DFE803F0051385
:105820001A0A0A002E46F1E77A4AD36A43F4003393
:10583000D362C5B9774A136D23F00703A16D0B43FB
:10584000136511E0002104F10800FFF79FFE0546F3
:10585000EFE7002104F12800FFF71CFF0546E8E709
:105860000126354600E02E46236813F4806F2DD0C4
:10587000D4F8A430B3F5800F3DD00DD8C3B1B3F543
:10588000001F06D1002104F10800FFF77FFE054646
:1058900013E00126354619E0B3F5000F0DD0B3F53E
:1058A000200F0AD0B3F5C00F07D0012635460DE012
:1058B000584AD36A43F40033D3621DBB554A936DF3
:1058C00023F46003D4F8A4100B439365236813F406
:1058D000006F37D0D4F8A830B3F1007F5ED016D86F
:1058E0000BB3B3F1807F0FD1002104F10800FFF763
:1058F0004DFE05461CE0002104F12800FFF7CAFE1A
:105900000546DAE72E46E1E7012635461AE0B3F10F
:10591000806F0DD0B3F1A06F0AD0B3F1407F07D0F4
:10592000012635460EE03B4AD36A43F40033D36286
:10593000002D3AD1374A936D23F0E063D4F8A810D4
:105940000B439365236813F0007F13D0E36C202B87
:1059500035D02FD833B1102B29D12E4AD36A43F436
:105960000033D36295BB2B4AD36C23F03003E16C38
:105970000B43D364236813F4805F4ED0E36DB3F51B
:10598000005F3FD027D87BB3B3F5805F20D10021E3
:1059900004F10800FFF7FAFD05462AE0002104F1B2
:1059A0002800FFF777FE0546C2E72E46CAE7012624
:1059B0003546DFE7302BD5D001263546DAE7022120
:1059C00004F10800FFF7E2FD0546CBE72E46D1E7DC
:1059D0000126354621E0B3F5405F0AD0B3F5804F8C
:1059E00007D00126354618E00A4AD36A43F400334B
:1059F000D3628DB9074A136D23F4E043E16D0B4385
:105A000013650AE0002104F12800FFF743FE054674
:105A1000EFE700BF004402582E46236813F4005FEE
:105A200017D0236EB3F5003F4FD042D843B1B3F542
:105A3000803F3BD1012104F10800FFF7A7FD054697
:105A4000002D49D1924A136D23F4E023216E0B43BC
:105A50001365236813F4804F19D0D4F8AC30B3F138
:105A6000005F4AD03DD843B1B3F1805F36D1012108
:105A700004F10800FFF78AFD0546002D44D1844A51
:105A8000936D23F0E043D4F8AC100B439365236887
:105A900013F4004F47D0E36EB3F1805F36D0B3F11B
:105AA000005F4BD0BBB3012635463CE001263546AE
:105AB000CFE7B3F5802FC3D0B3F5A02FC0D0B3F597
:105AC000403FBDD001263546C3E7012104F128003F
:105AD000FFF7E0FD0546B3E72E46BAE70126354657
:105AE000D5E7B3F1804FC8D0B3F1A04FC5D0B3F123
:105AF000405FC2D001263546C9E7012104F12800E4
:105B0000FFF7C8FD0546B8E72E46C0E7604AD36AEE
:105B100043F40033D362C5B95D4A136D23F040539B
:105B2000E16E0B431365236813F0807F1CD0A36CD8
:105B3000032B44D8DFE803F0100B3C10012104F1E3
:105B40000800FFF723FD0546E5E72E46EBE7504A40
:105B5000D36A43F40033D362A5BB4D4AD36C23F020
:105B60000303A16C0B43D364236813F4800F2BD180
:105B7000236813F0010F00F0A980A36F282B00F217
:105B8000A380DFE803F091A1A1A1A1A1A1A18BA114
:105B9000A1A1A1A1A1A19AA1A1A1A1A1A1A191A10C
:105BA000A1A1A1A1A1A191A1A1A1A1A1A1A19100A6
:105BB000022104F10800FFF7E9FC0546CCE70126C5
:105BC0003546D1E72E46CFE7324A136843F4807357
:105BD0001360FCF7E5FB07462E4B1B6813F4807F30
:105BE00005D1FCF7DDFBC01B6428F5D90325002D8A
:105BF0004AD1274B1B6FD4F8B020534013F4407F99
:105C00000CD0234B1A6F22F44072196F41F480318B
:105C10001967196F21F4803119671A67D4F8B03009
:105C2000B3F5807F15D08DBBD4F8B03003F440724B
:105C3000B2F5407F1ED0164A136923F47C531361DA
:105C400013490B6FD4F8B020C2F30B0213430B6758
:105C50008EE7FCF7A5FB07460D4B1B6F13F0020FF9
:105C6000E1D1FCF79DFBC01B41F288339842F3D988
:105C70000325D8E70648026922F47C52064901EA66
:105C8000131313430361DBE72E4671E72E466FE7DC
:105C90000044025800480258CFFFFF00012104F1E0
:105CA0000800FFF773FC0546E5B9B14A536D23F0D0
:105CB0003803A16F0B43536508E0012104F128006C
:105CC000FFF7E8FC0546EFE701263546236813F0A9
:105CD000020F17D0636F052B29D8DFE803F00B05FF
:105CE000210B0B0B2E46F1E7012104F10800FFF711
:105CF0004DFC0546F5B99E4A536D23F00703616FCD
:105D00000B435365236813F0040F26D0D4F890306A
:105D1000052B00F2D680DFE803F0150FCD15151521
:105D2000012104F12800FFF7B5FC0546E2E7012652
:105D30003546E7E72E46E5E7012104F10800FFF7C5
:105D400025FC0546002D40F0BF80894A936D23F065
:105D50000703D4F890100B439365236813F0200FCA
:105D60001DD0D4F88C30B3F1005F00F0C18000F298
:105D7000B0804BB1B3F1805F40F0A880002104F106
:105D80000800FFF703FC0546002D40F0B880784A74
:105D9000536D23F0E043D4F88C100B435365236814
:105DA00013F0400F1DD0D4F89830B3F5006F00F019
:105DB000BA8000F2A9804BB1B3F5806F40F0A180AA
:105DC000002104F10800FFF7E1FB0546002D40F03B
:105DD000B180674A936D23F4E053D4F898100B43D5
:105DE0009365236813F0800F1DD0D4F89C30B3F571
:105DF000804F00F0B38000F2A2804BB1B3F5005F9A
:105E000040F09A80002104F10800FFF7BFFB05462F
:105E1000002D40F0AA80564A936D23F46043D4F8D5
:105E20009C100B439365236813F0080F0DD0D4F832
:105E30008030B3F5805F00F09D804D4A536D23F4B0
:105E40004053D4F880100B435365236813F0100FB0
:105E50000DD0D4F89430B3F5807F00F09580444A9B
:105E6000936D23F44073D4F894100B439365236827
:105E700013F4002F00F09D80D4F8A030B3F5803FDC
:105E800000F08C80B3F5003F08D0002B40F08D80EF
:105E9000002104F10800FFF779FB0546002D40F0D2
:105EA0008780334A936D23F44033D4F8A0100B431A
:105EB00093657EE0012104F12800FFF7EBFB054626
:105EC00040E70126354648E72E4646E70126354697
:105ED00065E7B3F1804F3FF457AFB3F1A04F3FF404
:105EE00053AFB3F1405F3FF44FAF0126354656E75D
:105EF000022104F12800FFF7CDFB054644E72E46BA
:105F00004DE7012635466CE7B3F5805F3FF45EAFA1
:105F1000B3F5A05F3FF45AAFB3F5406F3FF456AF0F
:105F2000012635465DE7022104F12800FFF7B2FBA8
:105F300005464BE72E4654E70126354673E7B3F591
:105F4000004F3FF465AFB3F5204F3FF461AFB3F5B9
:105F5000C04F3FF45DAF0126354664E7022104F1EE
:105F60002800FFF797FB054652E72E465BE700BF88
:105F700000440258022104F12800FFF78BFB00289F
:105F80003FF45BAF012658E7022104F12800FFF738
:105F900081FB00283FF463AF012660E7022104F192
:105FA0002800FFF777FB054678E70126354600E035
:105FB0002E46236813F4802F24D0D4F88430B3F510
:105FC000001F14D0B3F5401F07D0B3F5801F15D1C3
:105FD0007C4AD36A43F40033D36295B9794A536D4E
:105FE00023F44013D4F884100B4353650AE00121D5
:105FF00004F12800FFF74EFB0546EEE70126354683
:1060000000E02E46236813F4803F06D0236DCBB109
:10601000B3F5803F24D001263546236813F0005F96
:1060200027D1236813F4003F3DD0E36FB3F5807FA1
:106030002BD027D9B3F5007F2CD0B3F5407F29D0E2
:10604000012630E05F4AD36A43F40033D36275B966
:106050005C4AD36C23F48033216D0B43D364DCE7BB
:10606000022104F10800FFF791FA0546EFE72E46FA
:10607000D3E7022104F12800FFF70CFB0028D0D061
:106080000126CEE733B101260DE04E4AD36A43F430
:106090000033D362002D5CD14A4A536D23F4407320
:1060A000E16F0B435365236813F4801F06D0454A04
:1060B000136D23F00043216F0B431365236813F422
:1060C000001F06D03F4A136D23F08073A16E0B436F
:1060D0001365236813F0804F09D03A4B1A6922F4F4
:1060E00000421A611A69D4F8B4100A431A6123688D
:1060F000002B06DA334AD36C23F04053616D0B4317
:10610000D364236813F4000F07D02E4A536D23F491
:106110004003D4F888100B435365636813F0010FF4
:1061200019D1636813F0020F1ED1636813F0040FD6
:1061300023D1636813F0080F28D1636813F0100FA0
:106140002DD1636813F0200F32D106B101263046FD
:10615000F8BD2E46A7E7002104F10800FFF716FA64
:106160000028DED00646DCE7012104F10800FFF735
:106170000DFA0028D9D00646D7E7022104F108001D
:10618000FFF704FA0028D4D00646D2E7002104F134
:106190002800FFF77FFA0028CFD00646CDE701217F
:1061A00004F12800FFF776FA0028CAD00646C8E7AF
:1061B000022104F12800FFF76DFA0028C5D001265E
:1061C000C5E700BF0044025808B5FFF76FF9054B5B
:1061D0001B6AC3F30213044AD35C03F01F03D840C5
:1061E00008BD00BF004402589C2F010810B4794B31
:1061F0009A6A9C6AC4F3053CD96AC1F30011DB6B4F
:10620000C3F3CC0301FB03F314F47C3F00F0DD8007
:1062100002F0030207EE903AF8EE677A012A4BD0BB
:10622000022A00F09880002A40F0B280694B1B6877
:1062300013F0200F23D067490A68C2F3C102664BEE
:10624000D34007EE103AF8EE476A07EE10CAB8EEF0
:10625000476A86EE867A8B6BC3F3080306EE903AA4
:10626000F8EE666A9FED5D6A67EE867A76EEA77A4B
:10627000F7EE006A77EEA67A27EE277A38E007EE87
:1062800010CAF8EE476A9FED566A86EE267A514BA1
:106290009B6BC3F3080306EE903AF8EE666A9FED37
:1062A0004F6A67EE867A76EEA77AF7EE006A77EEA7
:1062B000A67A27EE277A1BE007EE10CAF8EE476AA7
:1062C0009FED486A86EE267A424B9B6BC3F3080328
:1062D00006EE903AF8EE666A9FED406A67EE867ABF
:1062E00076EEA77AF7EE006A77EEA67A27EE277A9F
:1062F000384A936BC3F3462307EE903AF8EE677A79
:10630000F7EE006A77EEA67A87EE276ABCEEC66AD9
:1063100080ED006A936BC3F3064307EE903AF8EE04
:10632000677A77EEA67A87EE276ABCEEC66A80EDBA
:10633000016A936BC3F3066307EE903AF8EE677A4F
:1063400077EEA67AC7EE276AFCEEE66AC0ED026A2F
:106350005DF8044B704707EE10CAF8EE476A9FEDF0
:10636000226A86EE267A1B4B9B6BC3F3080306EE6C
:10637000903AF8EE666A9FED196A67EE867A76EED5
:10638000A77AF7EE006A77EEA67A27EE277AAFE7CC
:1063900007EE10CAF8EE476A9FED126A86EE267A7B
:1063A0000C4B9B6BC3F3080306EE903AF8EE666A5B
:1063B0009FED0A6A67EE867A76EEA77AF7EE006AB4
:1063C00077EEA67A27EE277A92E7002303604360F0
:1063D0008360BDE7004402580090D00300000039FC
:1063E0000024744C0024744A001BB74B10B4794B42
:1063F0009A6A9C6AC4F3055CD96AC1F300215B6C9C
:10640000C3F3CC0301FB03F314F07C7F00F0DD80C9
:1064100002F0030207EE903AF8EE677A012A4BD0B9
:10642000022A00F09880002A40F0B280694B1B6875
:1064300013F0200F23D067490A68C2F3C102664BEC
:10644000D34007EE103AF8EE476A07EE10CAB8EEEE
:10645000476A86EE867A0B6CC3F3080306EE903A21
:10646000F8EE666A9FED5D6A67EE867A76EEA77A49
:10647000F7EE006A77EEA67A27EE277A38E007EE85
:1064800010CAF8EE476A9FED566A86EE267A514B9F
:106490001B6CC3F3080306EE903AF8EE666A9FEDB4
:1064A0004F6A67EE867A76EEA77AF7EE006A77EEA5
:1064B000A67A27EE277A1BE007EE10CAF8EE476AA5
:1064C0009FED486A86EE267A424B1B6CC3F30803A5
:1064D00006EE903AF8EE666A9FED406A67EE867ABD
:1064E00076EEA77AF7EE006A77EEA67A27EE277A9D
:1064F000384A136CC3F3462307EE903AF8EE677AF6
:10650000F7EE006A77EEA67A87EE276ABCEEC66AD7
:1065100080ED006A136CC3F3064307EE903AF8EE81
:10652000677A77EEA67A87EE276ABCEEC66A80EDB8
:10653000016A136CC3F3066307EE903AF8EE677ACC
:1065400077EEA67AC7EE276AFCEEE66AC0ED026A2D
:106550005DF8044B704707EE10CAF8EE476A9FEDEE
:10656000226A86EE267A1B4B1B6CC3F3080306EEE9
:10657000903AF8EE666A9FED196A67EE867A76EED3
:10658000A77AF7EE006A77EEA67A27EE277AAFE7CA
:1065900007EE10CAF8EE476A9FED126A86EE267A79
:1065A0000C4B1B6CC3F3080306EE903AF8EE666AD8
:1065B0009FED0A6A67EE867A76EEA77AF7EE006AB2
:1065C00077EEA67A27EE277A92E7002303604360EE
:1065D0008360BDE7004402580090D00300000039FA
:1065E0000024744C0024744A001BB74B10B402689A
:1065F0005369916941F00801916101688A6942F02B
:1066000010028A6101680A6822F001020A600168CA
:106610000C69294A22400A6101688A6822F44042D2
:106620008A6090F88120D2B2042A0DD013F0200F96
:106630000AD0D0F8842042F08002C0F8842001689B
:106640008A6942F020028A6190F88120D2B2032A3E
:106650000DD013F0400F0AD0D0F8842042F004028D
:10666000C0F8842001688A6942F040028A6113F40C
:10667000007F0AD0D0F8842042F00102C0F88420C4
:1066800001688A6942F400728A6113F4807F0AD03B
:10669000D0F8843043F00803C0F88430026893696E
:1066A00043F4807393610023A0F86230A0F86A304D
:1066B0005DF8044B704700BF90FCFFFFC36B5B09A4
:1066C000C0680830C00803FB000070472DE9F8439C
:1066D00080460F4616461D46DDF8209000E0BDB10D
:1066E000D8F800305C6937EA04040CBF01230023AA
:1066F000B3420AD1FBF754FEA0EB0900A842EED347
:10670000B5F1FF3FEBD0032000E00020BDE8F883A7
:106710000320FBE7002800F0B78070B50446002393
:10672000836205685C4B5D4E9D4218BFB54214BF45
:106730000126002607D0A3F574439D4203D0C36809
:106740000F2B00F2A3802046FFF7B8FF2EB1544B69
:106750009D4202D0082800F29B804F4A4F4B9D4239
:1067600018BF954203D003F580639D4202D11028E3
:1067700000F2908094F88130F3B1022384F88130E4
:106780002268136823F00103136023689A6802F4F7
:10679000F812A169B1F1806F14D0636813F4800F0F
:1067A00023D0E368062B20D921680B6823F480737B
:1067B000206D03430B601DE084F880302046FBF71A
:1067C000A9F8DAE76168B1F5800F06D00029E4D1B5
:1067D000A16BB1F1805FE0D102E0A06B0028F5D1A0
:1067E000196841F480511960D7E721680B6823F4D8
:1067F00080730B60E369A16A0B431343E26B13439D
:10680000E16822680B439360636B626A1343A26B77
:106810001343A26913432269134362691343226A33
:10682000134362681343E26C1343A2681343A26CE0
:106830001343A16D22680B43D36063686BB9226870
:10684000936823F4C05343F4006393602268936811
:1068500023F4C06343F4806393602268136D23F0D4
:1068600001031365636813F4800F06D02268D368B0
:1068700023F00043616D0B43D3600020C4F8840013
:10688000012384F8813070BD012070470120FAE7B0
:106890000120F8E70120F6E7003001400038004011
:1068A000003C00402DE9F04782B004468A469146FC
:1068B0001D46D0F80080FBF773FD94F88160F6B2B6
:1068C000012E40F048810746B9F1000F18BFBAF118
:1068D000000F00F0418194F88030012B00F04081DE
:1068E000012384F88030032384F881300023C4F826
:1068F0008430C4F85CA0A4F86090A4F86290636649
:10690000A4F86830A4F86A3063672367A368B3F516
:10691000C02F1CD02268D36823F4C02343F4003373
:10692000D360226853686FF30F0349EA030353608F
:106930002268136843F0010313606368B3F5800FA6
:106940000BD0E3680F2B1BD8072B4DD8ACE0226887
:10695000136843F400631360E3E72268136843F4A9
:1069600000731360EDE7E26D12681A62E36D0433A1
:10697000E365B4F8622092B2013A92B2A4F86220C0
:10698000B4F862309BB2002B00F0C98023685A69CA
:1069900012F0020FE7D1FBF703FDC01BA84202D3A0
:1069A000B5F1FF3F01D1002DEAD12046FFF71EFED1
:1069B000D4F8843043F48073C4F88430012384F81D
:1069C0008130002384F880300326C5E0E36D1B8806
:1069D000A8F82030E36D0233E365B4F862309BB26F
:1069E000013B9BB2A4F86230B4F862309BB2002B3A
:1069F00000F095802268536913F0020F15D0B4F8A7
:106A000062309BB2012BE1D9E36B002BDED0E36D4A
:106A10001B681362E36D0433E365B4F862309BB224
:106A2000023B9BB2A4F86230DEE7FBF7B9FCC01B67
:106A3000A84202D3B5F1FF3F01D1002DD4D12046A9
:106A4000FFF7D4FDD4F8843043F48073C4F8843065
:106A5000012384F88130002384F8803003267BE012
:106A6000B4F862309BB2012B10D9E36B73B1E36DC4
:106A70001B88A8F82030E36D0233E365B4F8623078
:106A80009BB2023B9BB2A4F862300DE0E36D1B7831
:106A900082F82030E36D0133E365B4F862309BB2D5
:106AA000013B9BB2A4F86230B4F862309BB2002B79
:106AB00035D02268536913F0020F15D0B4F8623054
:106AC0009BB2032BCCD9E36B402BC9D9E36D1B6878
:106AD0001362E36D0433E365B4F862309BB2043BA8
:106AE0009BB2A4F86230DFE7FBF75AFCC01BA84258
:106AF00002D3B5F1FF3F01D1002DD5D12046FFF7DC
:106B000075FDD4F8843043F48073C4F884300123D5
:106B100084F88130002384F8803003261CE000973D
:106B20002B46002208212046FFF7D0FD28B1D4F8DB
:106B3000843043F02003C4F884302046FFF756FD2C
:106B4000012384F88130002384F88030D4F8843025
:106B500013B9002600E00226304602B0BDE8F087F7
:106B60000226F9E72DE9F04F83B004468A469146A4
:106B70001D46D0F800B0C66BC6F34F16FBF710FCED
:106B800094F88170FFB2012F40F02D820136B6B229
:106B90008046B9F1000F18BFBAF1000F00F024824F
:106BA000002D00F0218294F88030012B00F020822B
:106BB000012384F88030052384F881300023C4F851
:106BC0008430C4F86490A4F86A50A4F86850C4F8FB
:106BD0005CA0A4F86250A4F8605023676367226841
:106BE000D36823F4C023D36022689C499C4B9A420B
:106BF00018BF8A4209D003F580639A4202D04FF051
:106C0000080904E04FF0100901E04FF01009536843
:106C10006FF30F032B4353602268136843F00103A3
:106C200013606368B3F5800F06D0E3680F2B7AD941
:106C30004FEA990BA9461FE02268136843F40073DA
:106C40001360F2E723685A69B9F1000F14D059694B
:106C500011F0010F32D0626E1B6B1360636E043350
:106C60006366B4F86A309BB2013B9BB2A4F86A3009
:106C7000B4F86A901FFA89F945EA09039BB2002B20
:106C800000F0948123685A6912F0020FDAD0002DC7
:106C9000D8D005EB0B029145D4D2E26D12681A628E
:106CA000E36D0433E365B4F862309BB2013B9BB201
:106CB000A4F86230B4F86250ADB2C3E7B14514D263
:106CC00012F4004F11D0626E1B6B1360636E0433BD
:106CD0006366B4F86A309BB2013B9BB2A4F86A3099
:106CE000B4F86A901FFA89F9C6E7FBF759FBA0EBE5
:106CF00008000C9B984202D3B3F1FF3F02D10C9BDA
:106D0000002BB9D12046FFF771FCD4F8843043F44E
:106D10008073C4F88430012384F88130002384F820
:106D20008030032760E1072B40F23E814FEA590390
:106D30009A46A9461AE023685A69B9F1000F15D09E
:106D40005B6913F0010F34D0636EBBF830201A80FA
:106D5000636E02336366B4F86A309BB2013B9BB248
:106D6000A4F86A30B4F86A901FFA89F945EA090371
:106D70009BB2002B00F01A8123685B6913F0020FAD
:106D8000D9D0002DD7D05346EB189945D3D2E36D17
:106D90001B88ABF82030E36D0233E365B4F8623052
:106DA0009BB2013B9BB2A4F86230B4F86250ADB222
:106DB000C1E7B1451BD212F4004F18D0636EBBF887
:106DC00030201A80636E9A1C6266BBF830205A80AD
:106DD000636E02336366B4F86A309BB2023B9BB2C7
:106DE000A4F86A30B4F86A901FFA89F9BEE7B9F1DD
:106DF000010F15D112F4005F12D0636EBBF8302082
:106E00001A80636E02336366B4F86A309BB2013B4A
:106E10009BB2A4F86A30B4F86A901FFA89F9A5E722
:106E2000FBF7BEFAA0EB08000C9B984202D3B3F12B
:106E3000FF3F02D10C9B002B98D12046FFF7D6FBD9
:106E4000D4F8843043F48073C4F88430012384F888
:106E50008130002384F880300327C5E000300140F2
:106E60000038004023685A69BBF1000F15D05969FA
:106E700011F0010F34D0626E93F830301370636EEE
:106E800001336366B4F86A309BB2013B9BB2A4F84D
:106E90006A30B4F86AB01FFA8BFB45EA0B039BB269
:106EA000002B00F0838023685A6912F0020FD9D0BA
:106EB000002DD7D005EB09029345D3D2E26D1278AD
:106EC00083F82020E36D0133E365B4F862309BB2B0
:106ED000013B9BB2A4F86230B4F86250ADB2C1E796
:106EE000B3452AD212F4004F27D0626E93F83030A7
:106EF0001370636E5A1C6266226892F830205A70D2
:106F0000636E5A1C6266226892F830205A70636E73
:106F10005A1C6266226892F830205A70636E013300
:106F20006366B4F86A309BB2043B9BB2A4F86A3043
:106F3000B4F86AB01FFA8BFBAFE7BBF1030F15D8AB
:106F400012F4C04F12D0626E93F830301370636E3B
:106F500001336366B4F86A309BB2013B9BB2A4F87C
:106F60006A30B4F86AB01FFA8BFB96E7FBF718FAA1
:106F7000A0EB08000C9B984202D3B3F1FF3F02D173
:106F80000C9B002B89D12046FFF730FBD4F88430CE
:106F900043F48073C4F88430012384F881300023E3
:106FA00084F8803003271FE0AB4676E7CDF80080F9
:106FB0000C9B002208212046FFF788FB28B1D4F85B
:106FC000843043F02003C4F884302046FFF70EFBE2
:106FD000012384F88130002384F88030D4F8843091
:106FE00013B9002700E00227384603B0BDE8F08F50
:106FF0000227F9E7704770477047704708B5806B04
:107000000023A0F86A30A0F86230012380F88130B4
:10701000FFF7F3FF08BD70472DE9F8430446066803
:107020003269736902EA0305D6F8089090F8817016
:10703000FFB213F4006F02D012F0080F3FD105F039
:107040006403042B42D0002305F04508B8F1010F7A
:1070500044D005F02602022A45D0002B46D115F077
:10706000080F79D02268936943F00803936122687E
:10707000936943F0100393612268936943F40063BA
:1070800093612268136923F00803136123689B68E6
:1070900013F4404F3BD02046FFF7A8FA012384F8B1
:1070A0008130D4F88430002B4AD1052F4CD0042FE6
:1070B0004ED0032F1AD12046FFF79CFF16E0B3698C
:1070C00043F40063B361FFF7A6FF0FE0636F204650
:1070D0009847236F204698470123B5E7236F204642
:1070E00098474346B5E7636F20469847BDE8F88365
:1070F000072B1CD9636E328E1A80636E023363666F
:10710000B4F86A309BB2013B9BB2A4F86A30B4F881
:107110006A309BB2002BBED0E3680F2BE8D92268FF
:10712000636E126B1A60636E04336366E8E722686D
:10713000636E92F830201A70636E01336366DFE786
:107140002046FFF75AFFD1E72046FFF755FFCDE76E
:107150002046FFF750FFC9E715F4587FC6D015F059
:10716000400F0AD0D4F8843043F00403C4F88430CC
:107170002268936943F04003936115F4007F0AD0BD
:10718000D4F8843043F00103C4F884302268936952
:1071900043F40073936115F4807F0AD0D4F88430EF
:1071A00043F00803C4F884302268936943F4807381
:1071B000936115F0200F0AD0D4F8843043F0800397
:1071C000C4F884302268936943F020039361D4F8B3
:1071D0008430002B8AD02268136823F001031360E7
:1071E000226811691A4B0B40136109F44049B9F543
:1071F000404F25D12268936823F440439360E36FA6
:107200005BB1144A1A65E06FFCF700F828B1D4F8B6
:10721000843043F04003C4F88430A36F002B3FF464
:1072200065AF0C4A1A65A06FFBF7F0FF00283FF42A
:107230005DAFD4F8843043F04003C4F8843055E7A0
:10724000012384F881302046FFF7D7FE4EE700BFC8
:1072500094FCFFFFFD6F00087047000090F83D3080
:10726000DBB2012B42D1022380F83D300268D368A3
:1072700043F00103D36003681E4AB3F1804F18BF87
:10728000934225D0A2F57C42934221D002F5806240
:1072900093421DD002F58062934219D002F57842E4
:1072A000934215D0A2F56C42934211D002F594326C
:1072B00093420DD0A2F5C042934209D002F58062FC
:1072C000934205D01A6842F001021A60002070470C
:1072D0009968094A0A40062A18BFB2F5803F07D0CC
:1072E0001A6842F001021A600020704701207047BE
:1072F0000020704700000140070001007047704700
:107300007047704770B504460368DE681D6915F064
:10731000020F10D016F0020F0DD06FF002021A61AA
:107320000123037703689B6913F0030F64D0FFF711
:10733000E6FF0023237715F0040F12D016F0040F98
:107340000FD023686FF004021A61022323772368A9
:107350009B6913F4407F55D02046FFF7D0FF0023F0
:10736000237715F0080F12D016F0080F0FD02368FE
:107370006FF008021A61042323772368DB6913F096
:10738000030F46D02046FFF7BAFF0023237715F0FE
:10739000100F12D016F0100F0FD023686FF01002EC
:1073A0001A61082323772368DB6913F4407F37D001
:1073B0002046FFF7A4FF0023237715F0010F02D02A
:1073C00016F0010F33D115F4025F02D016F0800FD2
:1073D00035D115F4807F02D016F0800F37D115F02B
:1073E000400F02D016F0400F39D115F0200F02D017
:1073F00016F0200F3BD170BDFFF780FF2046FFF74E
:107400007FFF96E72046FFF779FF2046FFF778FFDA
:10741000A5E72046FFF772FF2046FFF771FFB4E7AC
:107420002046FFF76BFF2046FFF76AFFC3E723689C
:107430006FF001021A612046FAF75CF9C3E723688E
:107440006FF402521A61204600F0E3F8C1E72368A6
:107450006FF480721A61204600F0DCF8BFE7236801
:107460006FF040021A612046FFF74BFFBDE723682B
:107470006FF020021A61204600F0CAF8BBE7000056
:1074800030B50368424A904214BF4FF0000E4FF0EF
:10749000010EB0F1804F14BF72464EF00102AAB93E
:1074A0003C4CA04214BF002401243B4DA8420DD007
:1074B00064B904F1804404F58234A04214BF00246E
:1074C000012405F50065A84200D01CB123F070032B
:1074D0004C68234362BB2F4A904214BF0022012212
:1074E0002D4CA04224D01ABB02F1804202F5823218
:1074F000904214BF0022012204F50064A04217D07C
:10750000B2B9264A904214BF0022012204F59A34EF
:10751000A0420DD062B9224A904214BF002201223B
:1075200004F50064A04203D012B91E4A904204D16F
:1075300023F4407CCB6843EA0C0323F080034A69C0
:10754000134303608A68C2620A688262164A9042E4
:1075500014BF73464EF0010363B9104B984214BF39
:107560000023012302F57052904203D013B90F4B50
:10757000984201D10B69036301234361036913F04E
:10758000010F03D0036923F00103036130BD00BF85
:107590000000014000080040000400400044014099
:1075A00000E0004000E400400004014000480140C9
:1075B00060B310B5044690F83D3013B3022384F84D
:1075C0003D30214651F8040BFFF75AFF012384F8A0
:1075D000483084F83E3084F83F3084F8403084F8F6
:1075E000413084F8423084F8433084F8443084F8E1
:1075F000453084F8463084F8473084F83D30002028
:1076000010BD80F83C30FFF727FED7E70120704718
:10761000704770477047026852E8003F23F0C0038C
:1076200042E800310029F6D1026802F1080353E86C
:10763000003F23F40003083242E800310029F3D16F
:107640002023C0F888307047026852E8003F23F4D6
:10765000907342E800310029F6D1026802F1080374
:1076600053E8001F0D4B0B40083242E8003100295F
:10767000F3D1C36E012B06D02023C0F88C30002339
:10768000C36643677047026852E8003F23F0100367
:1076900042E800310029F6D1EEE700BFFEFFFFEF20
:1076A000704708B5026852E8003F23F0400342E803
:1076B00000310029F6D12023C0F8883000238367E9
:1076C000FFF7EEFF08BD7047704738B5846BD4F8FC
:1076D0008820D4F88C5023689B6813F0800F01D069
:1076E000212A10D023689B6813F0400F01D0222D6F
:1076F00010D0D4F8903043F01003C4F890302046F6
:1077000004F06CFC38BD0023A4F856302046FFF787
:1077100082FFE7E70023A4F85E302046FFF794FFDE
:10772000E7E708B5806B0023A0F85E30A0F856307C
:1077300004F054FC08BD000070B504460268D3692B
:107740001068916840F60F0C13EA0C0F0DD113F07E
:10775000200F10D010F0200F02D111F0805F0AD05E
:10776000636F93B3204698472FE0884D0D402DD18D
:10777000874E30422AD1E56E012D00F0C08013F40F
:10778000801F03D011F4800F40F0948113F0800F1C
:1077900007D010F0800F40F0948111F4000F40F0FA
:1077A000908113F0400F03D010F0400F40F0908113
:1077B00013F4000F03D010F0804F40F08D8113F0D0
:1077C000807F02D00028C0F28B8170BD13F0010FC2
:1077D00009D010F4807F06D001261662D4F89020DC
:1077E0003243C4F8902013F0020F0BD011F0010FB8
:1077F00008D0226802261662D4F8902042F00402D3
:10780000C4F8902013F0040F0BD011F0010F08D032
:10781000226804261662D4F8902042F00202C4F8CE
:10782000902013F0080F0BD010F0200F00D13DB1C5
:10783000226808251562D4F890202A43C4F89020C5
:1078400013F4006F0CD010F0806F09D022684FF451
:1078500000651562D4F8902042F02002C4F8902010
:10786000D4F89020002AB0D013F0200F09D010F0E7
:10787000200F02D111F0805F03D0636F0BB120465F
:107880009847D4F8902023689B6813F0400F02D1EA
:1078900012F0280F2CD02046FFF7D6FE23689B68F5
:1078A00013F0400F20D0226802F1080353E8003F94
:1078B00023F04003083242E800310029F3D1D4F824
:1078C00080306BB1334A1A65D4F88000FBF79EFC18
:1078D00000283FF47AAFD4F88000036D984774E72E
:1078E000204604F07BFB70E7204604F077FB6CE752
:1078F000204604F073FB0023C4F8903065E713F0D2
:10790000100F3FF43CAF10F0100F3FF438AF1023CE
:10791000136223689B6813F0400F00F09180D4F845
:10792000802013681C481D498B4218BF834237D002
:1079300018318B4234D018318B4231D018318B4200
:107940002ED018318B422BD018318B4228D01831D1
:107950008B4225D001F556718B4221D018318B42D4
:107960001ED018318B421BD018318B4218D01831E1
:107970008B4215D018318B4212D018318B420FD068
:1079800018318B420CD05B689BB20BE001000010F9
:107990002001000423770008100002402800024064
:1079A0005B689BB2002B3FF410AFB4F85C109942B7
:1079B0007FF60BAFA4F85E30D369B3F5807F32D089
:1079C000226852E8003F23F4807342E80031002926
:1079D000F6D1226802F1080353E8003F23F00103C7
:1079E000083242E800310029F3D1226802F108038D
:1079F00053E8003F23F04003083242E800310029F9
:107A0000F3D12023C4F88C300023E366226852E8C7
:107A1000003F23F0100342E800310029F6D1D4F8EA
:107A20008000FBF753FA02232367B4F85C10B4F824
:107A30005E309BB2C91A89B2204604F0AFFAC4E6A0
:107A4000B4F85C10B4F85E309BB2C91A89B2B4F8CD
:107A50005E309BB2002B3FF4B8AE00293FF4B5AEC8
:107A6000226852E8003F23F4907342E80030002877
:107A7000F6D1226802F1080353E8000F1A4B0340C5
:107A8000083242E800300028F3D12023C4F88C30BB
:107A90000023E3666367226852E8003F23F0100387
:107AA00042E800300028F6D102232367204604F084
:107AB00075FA8AE64FF480131362204600F006FE42
:107AC00083E6A36F002B3FF480AE204698477CE608
:107AD0002046FFF7E6FD78E6204600F0F9FD74E663
:107AE000204600F0F4FD70E6FEFFFFEF08B5806B66
:107AF00001230367C36E012B02D0FFF7E5FD08BD2C
:107B0000B0F85C10490804F049FAF8E708B50346F4
:107B1000806BDB69B3F5807F29D00023A0F85E304D
:107B2000026852E8003F23F4807342E800310029E4
:107B3000F6D1026802F1080353E8003F23F0010385
:107B4000083242E800310029F3D1026802F108034B
:107B500053E8003F23F04003083242E80031002997
:107B6000F3D12023C0F88C30C36E012B07D0002343
:107B70000367C36E012B0CD0FFF7A5FD08BD02689B
:107B800052E8003F23F0100342E800310029F6D10B
:107B9000EDE7B0F85C1004F001FAEFE770B586B0DD
:107BA000044683680269134342691343C26913435D
:107BB00001680868904A02401A430A6022685368C4
:107BC00023F44053E1680B435360A16922688B4B57
:107BD0009A4201D0236A19439068894B03400B43B2
:107BE00093602268D36A23F00F03616A0B43D36268
:107BF0002368844A934229D0834A934200F09480B8
:107C0000824A934200F0AA80814A934200F0C080E9
:107C1000804A934200F0D6807F4A934200F0088168
:107C20007E4A934200F02D817D4A934200F04081CC
:107C30007C4A934200F053817B4A934200F0788162
:107C40006E4A934200F09D81802233E0774A526D64
:107C500002F03802282A65D8DFE812F02900640013
:107C6000640064006400640064006400AB016400AC
:107C70006400640064006400640064002B0064001D
:107C80006400640064006400640064005E006400DA
:107C900064006400640064006400640060006400C8
:107CA00064006400640064006400640062000122F7
:107CB00000E0082251498B4200F09481E069B0F560
:107CC000004F00F00A82202A00F26182202A00F28E
:107CD000AE82DFE812F063027D02AC02AC028002E9
:107CE000AC02AC02AC028502AC02AC02AC02AC024B
:107CF000AC02AC02AC028A02AC02AC02AC02AC0236
:107D0000AC02AC02AC02AC02AC02AC02AC02AC0203
:107D1000AC02AC02AC0296021022CBE72022C9E7EB
:107D20004022C7E78022C5E7404A526D02F00702B1
:107D3000052A11D8DFE812F006003F0108000A000A
:107D40000C000E000022B5E70822B3E71022B1E7CD
:107D50002022AFE74022ADE78022ABE7334A526DE5
:107D600002F00702052A11D8DFE812F00600270109
:107D700008000A000C000E0000229BE7082299E789
:107D8000102297E7202295E7402293E7802291E78F
:107D9000264A526D02F00702052A11D8DFE812F0D8
:107DA00006000F0108000A000C000E00002281E707
:107DB00008227FE710227DE720227BE7402279E737
:107DC000802277E7194A526D02F00702052A11D87E
:107DD000DFE812F00600F70008000A000C000E00B1
:107DE000002267E7082265E7102263E7202261E7A7
:107DF00040225FE780225DE7F369FFCF000C005867
:107E0000FFF4FF1100100140004400400048004012
:107E1000004C004000500040001401400078004039
:107E2000007C004000180140001C01400044025842
:107E3000694A526D02F03802282A20D8DFE802F0A1
:107E4000151F1F1F1F1F1F1FC31F1F1F1F1F1F1FA8
:107E5000171F1F1F1F1F1F1F191F1F1F1F1F1F1F40
:107E60001B1F1F1F1F1F1F1F1D00012222E70822AB
:107E700020E710221EE720221CE740221AE780227A
:107E800018E7554A526D02F00702052A0ED8DFE8BE
:107E900002F0039C0507090B00220BE7082209E703
:107EA000102207E7202205E7402203E7802201E7AE
:107EB000494A526D02F00702052A0ED8DFE802F0A7
:107EC00003870507090B0022F4E60822F2E61022D8
:107ED000F0E62022EEE64022ECE68022EAE63E4A88
:107EE000526D02F03802282A20D8DFE802F0151F70
:107EF0001F1F1F1F1F1F721F1F1F1F1F1F1F171F47
:107F00001F1F1F1F1F1F191F1F1F1F1F1F1F1B1F8B
:107F10001F1F1F1F1F1F1D000122CBE60822C9E6DD
:107F20001022C7E62022C5E64022C3E68022C1E631
:107F3000294A526D02F03802282A20D8DFE802F0E0
:107F4000151F1F1F1F1F1F1F4E1F1F1F1F1F1F1F1C
:107F5000171F1F1F1F1F1F1F191F1F1F1F1F1F1F3F
:107F60001B1F1F1F1F1F1F1F1D000122A2E608222B
:107F7000A0E610229EE620229CE640229AE680227D
:107F800098E602F50E32926D02F00702052A0ED82D
:107F9000DFE802F003260507090B02228AE6082221
:107FA00088E6102286E6202284E6402282E68022AD
:107FB00080E604227EE604227CE604227AE604229D
:107FC00078E6042276E6042274E6042272E60422AD
:107FD00070E604226EE600BF00440258042269E6FF
:107FE000042267E6202A27D8022AC0F00E81023A2E
:107FF0001E2A00F20C81DFE812F026000A0156006A
:108000000A010A010A015B000A010A010A010A01C8
:108010000A010A010A0160000A010A010A010A01B3
:108020000A010A010A010A010A010A010A010A01F8
:108030000A010A010A016C00402A02D14FF40040F3
:1080400006E00120F4E0FEF7BFF8002800F0E18030
:10805000626A7E4B33F81220B0FBF2F3656805EBE1
:108060004501994200F2D780B3EB053F00F2D5807D
:10807000002633463146F8F74FFB090241EA10610A
:1080800000026B08C0182A46334641F10001F8F798
:1080900043FBA0F540726E4B9A4200F2C080236809
:1080A000D8603046C4E003A8FEF7A0F80498CCE7F7
:1080B0006846FEF79BF90198C7E7664B1B6813F00B
:1080C000200F08D0634B1B68C3F3C1036248D8403C
:1080D000BEE76248BCE76048BAE7202A15D8202AE4
:1080E00000F29F80DFE802F015369D9D399D9D9D31
:1080F0003E9D9D9D9D9D9D9D439D9D9D9D9D9D9D69
:108100009D9D9D9D9D9D9D9D4F00402A06D00120D7
:108110008EE0FDF7EDF9002800F08580626A4B4B98
:1081200033F81230B0FBF3F06268530803EB4003FE
:10813000B3FBF2F3A3F110014FF6EF72914274D842
:108140009AB222F00F02C3F3420313432268D360B2
:1081500000206DE0FDF7DEF9DDE703A8FEF746F845
:108160000498D8E76846FEF741F90198D3E7394B00
:108170001B6813F0200F08D0364B1B68C3F3C103F4
:108180003548D840CAE73548C8E73348C6E7402AEB
:1081900002D14FF4004005E0012049E0FDF7A8F9C5
:1081A00000284FD0626A294B33F81230B0FBF3F04D
:1081B000636800EB5300B0FBF3F0A0F110024FF640
:1081C000EF739A4240D8236880B2D86000202FE035
:1081D000FDF7A0F9E4E703A8FEF708F80498DFE745
:1081E0006846FEF703F90198DAE71A4B1B6813F0AB
:1081F000200F08D0174B1B68C3F3C1031648D840A3
:10820000D0E71648CEE71448CCE7012010E0012063
:108210000EE000200CE001200AE0012008E001202F
:1082200006E0012004E0002002E0012000E001203F
:108230000123A4F86A30A4F8683000236367A367B9
:1082400006B070BD0020F3E70120F1E7C42F01085C
:10825000FFFC0F00004402580090D00300093D00CD
:10826000836A13F0080F06D00268536823F40043B2
:10827000816B0B435360836A13F0010F06D00268D1
:10828000536823F40033C16A0B435360836A13F0CD
:10829000020F06D00268536823F48033016B0B434E
:1082A0005360836A13F0040F06D00268536823F406
:1082B0008023416B0B435360836A13F0100F06D089
:1082C0000268936823F48053C16B0B439360836A05
:1082D00013F0200F06D00268936823F40053016C5A
:1082E0000B439360836A13F0400F0AD0026853680F
:1082F00023F48013416C0B435360436CB3F5801F30
:108300000BD0836A13F0800F06D00268536823F401
:108310000023C16C0B43536070470268536823F419
:10832000C003816C0B435360EBE72DE9F84305462E
:108330000E4617469946DDF820802B68DC6936EA40
:1083400004040CBF01240024BC423AD1B8F1FF3F21
:10835000F3D0FAF725F8A0EB0900404534D8B8F17E
:10836000000F33D02B681A6812F0040FE5D0B6F175
:10837000400218BF0122802EDFD0002ADDD0DA694A
:1083800012F0080F11D1DA6912F4006FD5D04FF452
:1083900000621A622846FFF757F92023C5F890308B
:1083A000002385F8843003200CE008241C62284652
:1083B000FFF74AF9C5F89040002385F88430012082
:1083C00000E00020BDE8F8830320FBE70320F9E785
:1083D0002DE9F04182B01E46D0F88830202B5BD1C9
:1083E00004460D469046002A18BF002901D10120FD
:1083F00053E00023C0F890302123C0F88830F9F70B
:10840000CFFF0746A4F85480A4F85680A368B3F5BC
:10841000805F02D04FF0000816E0236943B34FF0AD
:10842000000811E02023C4F88830032035E038F834
:10843000023B2268C3F308039362B4F8562092B259
:10844000013A92B2A4F85620B4F856309BB293B1D8
:1084500000963B46002280212046FFF766FF002859
:10846000E0D1002DE3D015F8012B23689A62E4E7F0
:10847000A8460025E8E700963B460022402120461A
:10848000FFF753FF18B92023C4F8883005E02023F4
:10849000C4F88830032000E0022002B0BDE8F0817B
:1084A00030B583B004460023C0F89030F9F778FF68
:1084B00005462268126812F0080F10D123681B6865
:1084C00013F0040F28D12023C4F88830C4F88C306E
:1084D0000020E066206784F8840003B030BD6FF0B0
:1084E0007E430093034600224FF400112046FFF71D
:1084F0001CFF0028E2D0226852E8003F23F08003EE
:1085000042E800310029F6D12023C4F88830002346
:1085100084F884300320E0E76FF07E4300932B461D
:1085200000224FF480012046FFF7FFFE0028CAD04A
:10853000226852E8003F23F4907342E8003100299A
:10854000F6D1226802F1080353E8003F23F001034B
:10855000083242E800310029F3D12023C4F88C30DE
:10856000002384F884300320B7E778B310B50446BD
:10857000D0F888300BB32423C4F8883022681368FD
:1085800023F001031360A36AE3B92046FFF706FB5B
:10859000012811D02268536823F490435360226865
:1085A000936823F02A0393602268136843F0010361
:1085B00013602046FFF774FF10BD80F88430F9F790
:1085C000F5FCD8E72046FFF74BFEDEE701207047B9
:1085D00010B5044613468165A0F85C200022C0F85F
:1085E00090202222C0F88C20D0F88020AAB1214906
:1085F000D163D0F8802020491164D0F880201F4931
:10860000D164D0F88020002111650168826D243189
:10861000D0F88000FAF70EFB20BB236943B1226833
:1086200052E8003F43F4807342E800310029F6D15C
:10863000226802F1080353E8003F43F001030832C7
:1086400042E800310029F3D1226802F1080353E81F
:10865000003F43F04003083242E800310029F3D1E3
:10866000002010BD1023C4F890302023C4F88C30B3
:108670000120F6E70D7B0008ED7A0008CB760008B4
:10868000436E2BB90123A0F86A30A0F86830704718
:1086900030B403689A68C2F342629968490F094D81
:1086A0006B5C1B01084C615C93FBF1F3A0F86A3032
:1086B000AB5C1B01A25C93FBF2F3A0F8683030BC0A
:1086C000704700BFE42F0108DC2F01087047704796
:1086D000704790F88430012B18D0012380F8843043
:1086E0002423C0F8883003681A68196821F0010152
:1086F000196022F000520023436601680A602022BC
:10870000C0F8882080F884301846704702207047EF
:1087100038B590F88430012B1DD00446012380F831
:1087200084302423C0F8883003681D681A6822F05A
:1087300001021A600268936823F060431943916054
:10874000FFF79EFF23681D602023C4F888300020B7
:1087500084F8840038BD0220FCE738B590F88430F6
:10876000012B1DD00446012380F884302423C0F857
:10877000883003681D681A6822F001021A600268D6
:10878000936823F0606319439160FFF779FF2368D2
:108790001D602023C4F88830002084F8840038BD90
:1087A0000220FCE7D0F88C30202B21D110B50446F4
:1087B000002A18BF002901D1012010BD0123C36682
:1087C00000230367FFF704FF0028F6D1E36E012BB7
:1087D00001D00120F1E7236810221A62226852E8D2
:1087E000003F43F0100342E800310029F6D1E4E7EE
:1087F00002207047842801D0033070470020704762
:1088000008B500F069FD002008BD2DE9F04387B0F0
:108810000E464469C4B18569B5B14768D0F8008097
:10882000D0F81090B0F90800FFF7E4FF029501942A
:10883000009033464A464146384600F0DDFC05903C
:10884000059807B0BDE8F083446805680769B0F98A
:108850000800FFF7CFFF05AB019300903346BAB293
:108860002946204600F005FD0128E9D00020E8E770
:1088700008B500B9012000F081FE002008BD00F11C
:10888000080343604FF0FF328260C360036100233E
:108890000360704700230361704743684B609A6828
:1088A0008A60516099600861036801330360704712
:1088B00030B40D68B5F1FF3F11D000F108031C463C
:1088C0005B681A68AA42FAD963684B6099608C6049
:1088D0006160086103680133036030BC704704695C
:1088E000F2E70369416882688A60416851605A68AA
:1088F000824206D0002202611A68013A1A601868A2
:10890000704782685A60F5E782B0002301930D4BEF
:108910001B68B3F1FF3F08D04FF0500383F3118879
:10892000BFF36F8FBFF34F8FFEE74FF0500383F31A
:108930001188BFF36F8FBFF34F8F019B002BFCD0CB
:1089400002B070472000002408480068006880F3E7
:1089500008884FF0000080F3148862B661B6BFF358
:108960004F8FBFF36F8F00DF00BF000008ED00E006
:10897000DFF80C00016841F47001016070470000ED
:1089800088ED00E04FF0807340F8043C21F00101D5
:1089900040F8081C054B40F80C3C40F8202C6FF0C8
:1089A000020340F8243C4438704700BF098900089E
:1089B000074B19680868B0E8F04F80F30988BFF3E7
:1089C0006F8F4FF0000080F311887047AFF3008085
:1089D000708A00244FF0500383F31188BFF36F8F28
:1089E000BFF34F8F0B4A136801331360012B00D084
:1089F00070474FF0E023D3F8043D13F0FF0FF7D09A
:108A00004FF0500383F31188BFF36F8FBFF34F8F85
:108A1000FEE700BF20000024094B1B6843B94FF05C
:108A2000500383F31188BFF36F8FBFF34F8FFEE7BF
:108A3000013B034A13600BB983F31188704700BFF1
:108A400020000024000000000000000000000000E2
:108A5000EFF30980BFF36F8F154B1A681EF0100FEC
:108A600008BF20ED108A20E9F04F10602DE90900C1
:108A70004FF0500080F31188BFF34F8FBFF36F8F1B
:108A800000F0A2FD4FF0000080F3118809BC1968C6
:108A90000868B0E8F04F1EF0100F08BFB0EC108A65
:108AA00080F30988BFF36F8F704700BFAFF300807A
:108AB000708A002408B54FF0500383F31188BFF388
:108AC0006F8FBFF34F8F00F051FC28B14FF0E023C0
:108AD0004FF08052C3F8042D002383F3118808BDA2
:108AE0004FF0E022002313619361054B1B68054999
:108AF000A1FB03139B09013B5361072313617047DB
:108B000014000024D34D62104FF0E023D3F8002D61
:108B10003D4B9A421CD04FF0E023D3F8002D3B4B45
:108B20009A421ED030B583B0394B1A78D2B2019236
:108B3000FF221A701B78DBB28DF803309DF80330EA
:108B400003F05003334A1370334B07221A601BE0C3
:108B50004FF0500383F31188BFF36F8FBFF34F8F34
:108B6000FEE74FF0500383F31188BFF36F8FBFF31D
:108B70004F8FFEE7284A1368013B13609DF80330CE
:108B80005B00DBB28DF803309DF8033013F0800FEB
:108B9000F0D1214B1B68032B08D04FF0500383F317
:108BA0001188BFF36F8FBFF34F8FFEE71B021A4A86
:108BB000136003F4E0631360019BDBB2144A13708B
:108BC0004FF0E024D4F8203D43F47003C4F8203D76
:108BD000D4F8203D43F07043C4F8203DFFF780FFF8
:108BE00000250E4B1D60FFF7C3FED4F8343F43F061
:108BF0004043C4F8343FFFF7A7FE00F0E5FCFFF761
:108C000083FE284603B030BD71C20F4170C20F41D0
:108C100000E400E0F4130024F013002420000024FA
:108C2000134A12F0070F1FD0D11D21F0070147F2A0
:108C300030535B1A13440A460E480260002141601B
:108C40001344083B23F007030B4803605960196085
:108C5000991A51601360094B1960094B1960094B4F
:108C60004FF000421A60704747F23053E4E700BF0C
:108C700018140024101400240C14002404140024DC
:108C800008140024F8130024164B1A461B6883426C
:108C9000FBD3516802EB010C844509D0416800EB1D
:108CA000010C634509D00360904219D010607047F1
:108CB0004068014451601046F0E710B40A4C246843
:108CC000A3420BD05B681944416013681B680360C2
:108CD000904200D010605DF8044B70470460F7E7E5
:108CE000704700BF101400240C14002438B504464B
:108CF00000F034FB384B1B68B3B1384B1B681C4287
:108D000050D1002C50D004F1080214F0070F02D00B
:108D100022F007020832002A55D0314B1B689342DB
:108D200053D330490C6804E0FFF77AFFE5E72146AA
:108D30001C466368934202D22368002BF7D1264B6E
:108D40001B68A34243D00D68083523680B60636835
:108D50009B1A102B10D9A01810F0070F08D04FF055
:108D6000500383F31188BFF36F8FBFF34F8FFEE77C
:108D700043606260FFF788FF626819490B689B1ABD
:108D80000B60194909688B4201D217490B60134BDC
:108D90001B681343636000232360144A1368013384
:108DA000136002E0002500E0002500F06BFB15F0E9
:108DB000070F0ED04FF0500383F31188BFF36F8F6E
:108DC000BFF34F8FFEE70025EFE70025EDE7002515
:108DD000EBE7284638BD00BF0C140024F81300242C
:108DE0000814002410140024041400240014002487
:108DF000002834D038B50446A0F1080550F8043CEA
:108E0000174A1268134208D14FF0500383F31188B8
:108E1000BFF36F8FBFF34F8FFEE750F8081C41B1CF
:108E20004FF0500383F31188BFF36F8FBFF34F8F61
:108E3000FEE723EA020340F8043C00F08FFA54F8FE
:108E4000041C084A13680B4413602846FFF71CFFF4
:108E5000054A13680133136000F014FB38BD7047F6
:108E6000F813002408140024FC130024084B1B688A
:108E70001B6823B9074B4FF0FF321A607047044B51
:108E80001B68DB68DB685A68024B1A60704700BFDA
:108E9000B8890024508900242DE9F04707469846F8
:108EA000089DDDF824900A9C266B6FF04043134424
:108EB00006EB830626F00706002964D008464FF02B
:108EC000000CBCF10F0F09D810F80C2004EB0C03B8
:108ED00083F8342012B10CF1010CF2E7002384F87E
:108EE0004330062D00D90625E56265644FF0000A7F
:108EF000C4F848A0201DFFF7CDFC04F11800FFF7CF
:108F0000C9FC2461C5F10705A5616462C4F890A19C
:108F100084F894A14FF4A072514604F1500003F07C
:108F20009FFB1B4B636503F16802A265D033E365C9
:108F300001220023C4E93A2343F20E33A4F8F030AF
:108F40004AF6CD33A4F8F23041F23423A4F8F430D9
:108F50004EF26D63A4F8F6304DF6EC63A4F8F830E9
:108F60000523A4F8FA300B23A4F8FC304246394616
:108F70003046FFF707FD2060B9F1000F01D0C9F8B6
:108F80000040BDE8F087002384F83430A9E700BF33
:108F90007C92002438B5002407E004EB840293009F
:108FA0000E481844FFF76BFC0134062CF5D90C4D24
:108FB0002846FFF764FC0B4C2046FFF760FC0A488C
:108FC000FFF75DFC0948FFF75AFC0948FFF757FC1B
:108FD000084B1D60084B1C6038BD00BFE4890024AD
:108FE000D0890024BC890024A08900248C89002415
:108FF00074890024B8890024B489002410B504467B
:10900000FFF7E8FC214A136801331360204B1B680B
:109010005BB1204B1B686BB91D4B1B68DA6AE36AB6
:109020009A4207D81A4B1C6004E0194B1C60136865
:10903000012B28D0184A136801331360E06A01231A
:109040008340164A11680B43136000EB8000211D1A
:10905000134B03EB8000FFF720FCFFF7DDFC0D4B0B
:109060001B687BB10A4B1B68DA6AE36A9A4209D231
:109070004FF0E0234FF08052C3F8042DBFF34F8F21
:10908000BFF36F8F10BDFFF785FFD3E77089002412
:10909000708A00246489002454890024688900248B
:1090A000E489002410B50446503003F03DFB94F8E9
:1090B000953163B1012B11D0022B0ED04FF050032C
:1090C00083F31188BFF36F8FBFF34F8FFEE7206BE1
:1090D000FFF78EFE2046FFF78BFE10BD2046FFF700
:1090E00087FEFAE70F4B1B68D3B110B5FFF772FC90
:1090F0000D4BDB68DC68201DFFF7F3FB0B4A1368A0
:10910000013B1360074A1368013B1360FFF784FCBF
:109110002046FFF7C7FF034B1B68002BE6D110BDAD
:10912000704700BF888900248C890024708900243E
:1091300008B5FFF7D7FF074B1B68012BF9D94FF094
:10914000E0234FF08052C3F8042DBFF34F8FBFF3DD
:109150006F8FEEE7E489002470B504460D461F4B7F
:109160001E681F4B18680430FFF7BBFB48B91C4B47
:109170001B68DB6A01229A401A490B6823EA020342
:109180000B60B4F1FF3F14BF00230123002D08BF83
:1091900000236BB93444124B1B685C60A6420ED9A5
:1091A000114B18680E4B19680431FFF781FB70BD35
:1091B0000B4B196804310D48FFF76FFBF7E70C4BB9
:1091C0001868074B19680431FFF772FB094B1B68DD
:1091D000A342ECD9074B1C60E9E700BF6C8900246F
:1091E000708A002468890024B489002474890024CA
:1091F000B88900245089002430B587B00B9C8CB10D
:109200000C9DC5B14FF4CC750495049DB5F5CC7F8C
:109210001AD04FF0500383F31188BFF36F8FBFF361
:109220004F8FFEE74FF0500383F31188BFF36F8F2A
:10923000BFF34F8FFEE74FF0500383F31188BFF366
:109240006F8FBFF34F8FFEE7049D0C9D2C630224AC
:1092500085F8954100240394029505AC01940A9C7D
:109260000094FFF719FE0C98FFF7C8FE059807B0A9
:1092700030BD2DE9F04385B00746884614461E46AA
:109280009000FFF733FD10B381464FF4CC70FFF729
:109290002DFD0546A8B1C0F83090002380F8953127
:1092A000039302900D9B01930C9B0093334622463F
:1092B00041463846FFF7F0FD2846FFF79FFE0120A4
:1092C00007E04846FFF794FD4FF0FF3001E04FF014
:1092D000FF3005B0BDE8F08310B588B000240594D8
:1092E000069407AA06A905A8F8F796F8059B029325
:1092F000069B019300942346079A10491048FFF7F4
:109300007BFF104B1860B8B14FF0500383F3118806
:10931000BFF36F8FBFF34F8F0B4B1B6850330B4A5C
:1093200013600B4B4FF0FF321A600A4B01221A6098
:10933000094B1C60FFF7E8FB08B010BDC82D010801
:10934000319100084C890024708A0024E400002434
:1093500050890024648900246C890024024A13681F
:1093600001331360704700BF48890024F8B53A4BB9
:109370001B68002B69D1394B1D6801351D60C5B9CB
:10938000374B1B681B6843B14FF0500383F31188C0
:10939000BFF36F8FBFF34F8FFEE7314A1168314B38
:1093A000186810601960304A136801331360FFF7C2
:1093B0005DFD2E4B1B68AB423DD900272C4B1B6833
:1093C000DB6A03EB83039A002A4B9B58012B00D9DD
:1093D0000127294B1B68002B3CD001273AE00127CD
:1093E0001F4B1B681B6843B31D4B1B68DB68DC68A5
:1093F00063689D4226D3261D3046FFF772FAA36AA2
:109400001BB104F11800FFF76CFAE36A01229A40DD
:109410001A49086802430A6003EB83039A00314645
:1094200014481044FFF739FAE26A114B1B68DB6AF3
:109430009A42D4D2D4E70027D2E70C4B4FF0FF3248
:109440001A60BBE7094A1360B8E70D4A1368013395
:10945000136000273846F8BD488900246C89002431
:10946000B8890024B4890024588900245089002434
:10947000708A0024E48900245C890024688900241F
:109480006089002438B5354B1B6843B94FF0500351
:1094900083F31188BFF36F8FBFF34F8FFEE7FFF7A2
:1094A00099FA2E4B1A68013A1A601B68002B4FD1AB
:1094B0002B4B1B680BB900244BE00024294B1B6885
:1094C0001BB3284BDB68DC6804F11800FFF709FACE
:1094D000251D2846FFF705FAE06A01238340224A4A
:1094E00011680B43136000EB800029461F4B03EB10
:1094F0008000FFF7D2F9E26A1D4B1B68DB6A9A42D3
:10950000DCD31C4B01221A60D8E70CB1FFF7AEFC8C
:10951000194B1C6884B9174B1C68D4B14FF0E02379
:109520004FF08052C3F8042DBFF34F8FBFF36F8FFE
:1095300001240EE0013C07D0FFF718FF0028F9D006
:109540000C4B01221A60F5E70B4B00221A60E2E790
:109550000024FFF761FA204638BD00BF4889002487
:1095600070890024A089002468890024E4890024EB
:10957000708A00245C8900246089002410B5A8B199
:109580000446104B1B6843B14FF0500383F311881E
:10959000BFF36F8FBFF34F8FFEE7FFF7DFFE0021B2
:1095A0002046FFF7D9FDFFF76DFF48B94FF0E023E4
:1095B0004FF08052C3F8042DBFF34F8FBFF36F8F6E
:1095C00010BD00BF48890024224B1B681BB1224BF1
:1095D00001221A607047204B00221A601F4B1B6843
:1095E000B3FA83F3DBB2C3F11F0303EB83018A00F9
:1095F0001B498A5842B94FF0500383F31188BFF3D7
:109600006F8FBFF34F8FFEE7154803EB83018A008E
:10961000024451684968516003EB830C4FEA8C02A5
:109620000832024491420DD003EB83039A000C4BA5
:1096300013445B68DA680B4B1A601B6850330A4AA4
:1096400013607047486862469100054A0A445060BA
:10965000EAE700BF488900245C8900246889002467
:10966000E4890024708A0024E4000024084AD2F827
:10967000FC3043F08073C2F8FC30064B064AC3F856
:10968000B02F00225A601A6842F001021A60704737
:1096900000ED00E0001000E055CEACC5704708B505
:1096A000FFF7E4FF08BD0000074B5A68074B1B6833
:1096B0000749A1FB03139B0C03FB00F0024B5B6803
:1096C0009B1A8342FAD37047001000E01400002474
:1096D00083DE1B4310B504E04FF47A70FFF7E4FF1C
:1096E0002046431E9CB20028F6D110BD08B50022CA
:1096F00001210248FBF772F908BD00BF00080258BB
:1097000008B5012211460248FBF768F908BD00BF01
:109710000008025808B5002208210248FBF75EF94C
:1097200008BD00BF0008025808B501220821024800
:10973000FBF754F908BD00BF0008025800B587B018
:109740008DF80F004FF47A73009301230DF1170287
:109750000DF10F010348FDF705FA9DF8170007B05A
:109760005DF804FB5C0F002410B50C46FFF7E6FF24
:109770002046FFF7E3FF10BD10B50C4640F0800017
:10978000FFF7DCFF5520FFF7D9FF207010BD38B57B
:109790000D46144640F08000FFF7D0FF06E055204C
:1097A000FFF7CCFF05F8010B013CE4B2002CF6D129
:1097B00038BD000070B5FFF799FF8020FFF7BEFFAE
:1097C0005520FFF7BBFF5520FFF7B8FFFFF798FFC5
:1097D0009620FFF769FFFFF789FF8020FFF7AEFFB4
:1097E0005520FFF7ABFF5520FFF7A8FFFFF788FFD5
:1097F0009620FFF759FFFFF779FFB6217E20FFF78C
:10980000B3FFFFF77DFF5020FFF764FFFFF76EFF08
:109810008020FFF793FF5520FFF790FF5520FFF7BB
:109820008DFFFFF76DFF9620FFF73EFFFFF75EFF0E
:109830008020FFF783FF5520FFF780FF5520FFF7BB
:109840007DFF0446FFF75CFF9620FFF72DFF1E2CDF
:1098500032D10024052C2DD8FFF748FF174A04EB1E
:109860004403D1184E78D55C31462846FFF77CFF7B
:10987000FFF746FF9620FFF717FFFFF737FF45F08A
:109880008000FFF75BFF5520FFF758FF5520FFF7DB
:1098900055FF0546FFF734FF9620FFF705FFAE4260
:1098A00002D10134E4B2D5E704EB4404034B234472
:1098B000987800E0002070BDFF20FCE70030010830
:1098C00070B582B000248DF80740FFF723FF0DF13B
:1098D00007012046FFF750FFFFF726FF9620FFF70E
:1098E000E3FEFFF717FF0DF107012046FFF744FFE6
:1098F000FFF71AFF9620FFF7D7FEFFF70BFFB62101
:109900001420FFF731FFFFF70FFF5020FFF7E2FEB3
:10991000FFF700FF0DF107012046FFF72DFFFFF7CE
:1099200003FF9620FFF7C0FEFFF7F4FE0DF10701DD
:109930002046FFF721FFFFF7F7FE9620FFF7B4FE62
:109940009DF807300F2B2ED1052C29D8FFF7E2FE0A
:10995000164A04EB4403D1184D78D65C29463046AC
:10996000FFF702FFFFF7E0FE9620FFF79DFEFFF7EF
:10997000D1FE0DF107013046FFF7FEFEFFF7D4FEE2
:109980009620FFF791FE9DF807309D4202D10134E9
:10999000E4B2D9E704EB4404044B2344987800E094
:1099A000002002B070BDFF20FBE700BFEC2F0108D4
:1099B00010B5FFF773FEFFF772FEFFF7FBFE0446DC
:1099C000FFF77EFF2043C0B210BD0000F0B583B0AA
:1099D00006460D461446002700970197FFF786FEBE
:1099E0009220FFF7ABFE062269461220FFF7CFFE5A
:1099F000FFF786FE9DF801301B021BB29DF8002088
:109A0000134307EE903AF8EEE77A474A92ED007A70
:109A100067EE877AC5ED007A9DF803301B021BB212
:109A20009DF802100B4307EE903A92ED007AF8EEA3
:109A3000E77A67EE877AC5ED017A9DF805301B025B
:109A40001BB29DF80420134307EE903AF8EEE77A34
:109A500067EE877AC5ED027AFFF75CFE0822694659
:109A60003846FFF794FEFFF75FFE9DF800300F2B9E
:109A700027D0FFF73BFEA220FFF760FE02226946D7
:109A80002220FFF784FEFFF73BFE9DF800209DF8A3
:109A900001305B0943EAC203B3F5806F01DBA3F534
:109AA000006307EE903AF8EEE77AB4EE007A67EEDC
:109AB000877AB3EE077A77EE877AC4ED007A03B03F
:109AC000F0BD9DF803301B021BB29DF8022013432A
:109AD00007EE903AF8EEE77A144A92ED007A67EED4
:109AE000877AC6ED007A9DF805301B021BB29DF8FF
:109AF00004100B4307EE903A92ED007AF8EEE77A05
:109B000067EE877AC6ED017A9DF807301B021BB21B
:109B10009DF80620134307EE903AF8EEE77A67EED9
:109B2000877AC6ED027AA4E72800002424000024E6
:109B300030B58DB09DF848C0BDF844400394002472
:109B400004940594082506950794089409940A94AA
:109B50000B9440FA05F48DF804408DF8050041FAA5
:109B600005F08DF806008DF8071042FA05F18DF822
:109B700008108DF809208DF80A309DF840308DF8D6
:109B80000B30BCF1010F07D0BCF1020F0AD0BCF1C1
:109B9000030F0DD00DB030BD01AA03A90748FAF795
:109BA000FDFAF7E701AA03A90548FAF7F7FAF1E782
:109BB00001AA03A90348FAF7F1FAEBE71009002418
:109BC00070080024D007002430B58DB09DF844C043
:109BD000BDF840400394002404940594082506959C
:109BE0000794089409940A940B9440FA05F48DF8AC
:109BF00004408DF8050041FA05F08DF806008DF857
:109C0000071042FA05F18DF808108DF8092043FA83
:109C100005F28DF80A208DF80B30BCF1010F07D04A
:109C2000BCF1020F0AD0BCF1030F0DD00DB030BD56
:109C300001AA03A90748FAF7B1FAF7E701AA03A9AD
:109C40000548FAF7ABFAF1E701AA03A90348FAF7C6
:109C5000A5FAEBE71009002470080024D0070024BF
:109C600030B58DB09DF844C0BDF840400394002449
:109C700004940594082506950794089409940A9479
:109C80000B9440FA05F48DF804408DF8050041FA74
:109C900005F08DF806008DF8071042FA05F18DF8F1
:109CA00008108DF8092043FA05F28DF80A208DF886
:109CB0000B30BCF1010F07D0BCF1020F0AD0BCF190
:109CC000030F0DD00DB030BD01AA03A90748FAF764
:109CD00065FAF7E701AA03A90548FAF75FFAF1E781
:109CE00001AA03A90348FAF759FAEBE7100900247F
:109CF00070080024D007002400B585B01B4C032554
:109D00000195A1230093B4F90630B4F90420B4F905
:109D10000210B4F90000FFF757FF0295A223019348
:109D2000637D0093237DB4F90C20B4F90A10B4F9D3
:109D30000800FFF7FDFE0E4C01951C230093B4F9BB
:109D40000230B4F90020617B0020FFF789FF019504
:109D50002C230093B4F90630B4F90420A17B002031
:109D6000FFF77EFF0120FEF783FDC7E7748A00241A
:109D7000548F002410B504463E4B1B79012B14D19F
:109D800050B1012817D13B4B93ED0A0A1A78597844
:109D9000D87801F0E7FD0EE0364B9FED370A1A78D0
:109DA0005978D87801F0DEFD05E0324B5A78012170
:109DB000084601F097FD314B1B79012B14D154B1AA
:109DC000012C17D12D4B93ED0A0A1A785978D878BF
:109DD00001F0C8FD0EE0294B9FED270A1A7859784B
:109DE000D87801F0BFFD05E0244B5A7801210846E0
:109DF00001F078FD224B1B79012B14D154B1012CB9
:109E000017D11F4B93ED0A0A1A785978D87801F0C8
:109E1000A9FD0EE01A4B9FED180A1A785978D878E8
:109E200001F0A0FD05E0164B5A780121084601F02B
:109E300059FD144B1B79012B14D154B1012C17D1AE
:109E4000104B93ED0A0A1A785978D87801F08AFDF8
:109E50000EE00C4B9FED080A1A785978D87801F07B
:109E600081FD05E0074B5A780121084601F03AFDD3
:109E700010BD00BF309000240000000004900024BA
:109E8000D88F0024AC8F002400B583B01AE00224E0
:109E900001944FF40073009300231A4619461846A4
:109EA00000F0C6FC019440F2FF13009300231A4611
:109EB0001946184600F0BCFC0020FFF75BFF0120AC
:109EC000FEF7D6FC2F4B9B7B012B1CD0022B33D0F3
:109ED000002BDCD0022401944FF400730093002384
:109EE0001A461946184600F0A3FC019440F2FF13ED
:109EF000009300231A461946184600F099FC0020EA
:109F0000FFF738FFDBE7022401944FF4007300935E
:109F100000231A461946184600F08AFC019440F2C4
:109F2000FF13009300231A461946184600F080FCE0
:109F30000120FFF71FFFC2E7022401944FF40073D2
:109F40000093114BB3F90030104AB2F900201049C8
:109F5000B1F900100F48B0F9000000F069FC01945D
:109F600040F2FF13009300231A460B49B1F9001089
:109F70000A48B0F9000000F05BFC0120FFF7FAFE90
:109F80009DE700BF548F0024A80D0024AA0D0024D3
:109F9000AC0D0024AE0D0024A40D0024A60D002459
:109FA000494B9B7B012B10D0022B3DD0002B3BD08B
:109FB000464A47491162474A47491162474A484958
:109FC0001162484A484911622EE0404A92ED087AEF
:109FD0003D49B1F9060007EE900AF8EEE77ADFEDA9
:109FE000436A67EEA67A37EE277A82ED087A394A15
:109FF00092ED087A77EE677AC2ED087A374A92EDE9
:10A00000087AB1F9021007EE901AF8EEE77A67EED7
:10A01000A67A37EE677A82ED087A324A92ED087AAC
:10A0200077EE877AC2ED087A274A127B012A18D088
:10A03000254AD27B012A21D0022B2CD0224B1B7C1B
:10A04000012B3AD0214BD3ED087AF5EE407AF1EEB0
:10A0500010FA05D1214B264A1A62224B254A1A6270
:10A0600070471A4A244911621A4A244911621B4A4C
:10A070001F4911621B4A1F491162D9E7134A14494B
:10A080001162144A14491162144A15491162154AA1
:10A0900015491162D0E70C4B5B7B012BCED10B4BEA
:10A0A00000221A620B4B4FF000421A620B4B104A0F
:10A0B0001A620C4B0F4A1A62C0E7084B084A1A6230
:10A0C000084B094A1A627047548F002430900024CC
:10A0D0005A64DB3F049000245A64DBBFD88F00240D
:10A0E000B81E65BFAC8F0024B81E653FACC52737CE
:10A0F000986E12BE986E123EEC51A83FEC51A8BF6C
:10A10000134BB3F9022007EE902AF8EEE77AB1EE8E
:10A11000007A67EE877A0F4AC2ED007AB3F9002021
:10A1200007EE902AF8EEE77AF9EE006A67EEA67A73
:10A13000094AC2ED007AB3F9043007EE903AF8EE1E
:10A14000E77A67EE877A054BC3ED007A704700BF68
:10A15000548F0024880D0024840D0024800D0024D9
:10A16000044B1A68044B1A60044B1A68044B1A60BB
:10A17000704700BF880D00247C0D0024800D002452
:10A18000780D002408B5FFF7BBFFFFF7E9FF08BD16
:10A19000104B93ED006A104B93ED007A76EE076A50
:10A1A0000E4BD3ED007A76EEE75A0D4BC3ED005A15
:10A1B00037EE467A37EE676A0A4B83ED006A76EE31
:10A1C000A76A094BC3ED006A77EE877A074BC3EDA8
:10A1D000007A7047880D0024840D0024800D00242F
:10A1E000A00D00249C0D0024980D0024940D002443
:10A1F000084B93ED007A084BD3ED007A77EE276A8F
:10A20000064BC3ED006A77EEC77A054BC3ED007AC3
:10A21000704700BF7C0D0024780D0024900D0024B1
:10A220008C0D002408B59FED050AF0EE400A044AA3
:10A230000021044801F05AFD08BD00BF000080461F
:10A24000C8000024348E002410B5F0EE400A094BFB
:10A25000B3F9023000EE103A074CB8EEC00A2046BF
:10A2600001F062FDD4ED087AFDEEE77A17EE903A40
:10A2700018B210BDC48E0024348E002408B59FEDA2
:10A28000050AF0EE400A044A0021044801F02EFDC0
:10A2900008BD00BF00008046BC000024EC8D0024F7
:10A2A00010B5F0EE400A094BB3F90C3000EE103A4D
:10A2B000074CB8EEC00A204601F036FDD4ED087A0E
:10A2C000FDEEE77A17EE903A18B210BDC48E002466
:10A2D000EC8D002408B59FED050AF0EE400A044A13
:10A2E0000021044801F002FD08BD00BF00008046C7
:10A2F000B0000024A48D002410B5F0EE400A094BF4
:10A30000B3F9163000EE103A074CB8EEC00A2046FA
:10A3100001F00AFDD4ED087AFDEEE77A17EE903AE7
:10A3200018B210BDC48E0024A48D002408B59FED82
:10A33000050AF0EE400A044A0021044801F0D6FC68
:10A3400008BD00BF00008046A40000245C8D0024EE
:10A3500010B5F0EE400A094BB3F9203000EE103A88
:10A36000074CB8EEC00A204601F0DEFCD4ED087AB6
:10A37000FDEEE77A17EE903A18B210BDC48E0024B5
:10A380005C8D002408B59FED050AF0EE400A044AF2
:10A390000021044801F0AAFC08BD00BF000080466F
:10A3A00098000024148D002410B5F0EE400A094BEB
:10A3B000B3F92A3000EE103A074CB8EEC00A204636
:10A3C00001F0B2FCD4ED087AFDEEE77A17EE903A90
:10A3D00018B210BDC48E0024148D002408B59FED62
:10A3E000050AF0EE400A044A0021044801F07EFC10
:10A3F00008BD00BF000080468C000024CC8C0024E7
:10A4000010B5F0EE400A094BB3F9343000EE103AC3
:10A41000074CB8EEC00A204601F086FCD4ED087A5D
:10A42000FDEEE77A17EE903A18B210BDC48E002404
:10A43000CC8C002408B5154B93ED000AFFF704FF00
:10A44000134B1880134B93ED000AFFF729FF124BB3
:10A450001880124B93ED000AFFF74EFF104B188047
:10A46000104B93ED000AFFF773FF0F4B18800F4B53
:10A4700093ED000AFFF798FF0D4B18800D4B93EDFD
:10A48000000AFFF7BDFF0C4B188008BDA00D00248B
:10A49000AE0D00249C0D0024AC0D0024980D00246A
:10A4A000AA0D0024940D0024A80D0024900D002472
:10A4B000A60D00248C0D0024A40D002408B5F2EE96
:10A4C0000E0AB0EE600A034A0021034801F00EFCB8
:10A4D00008BD00BF80000024848C002410B5F0EE7D
:10A4E000400A054C054B93ED030A204601F01CFC85
:10A4F00094ED080A10BD00BF848C00243090002425
:10A5000008B5DFED050AB1EE040A044A002104484B
:10A5100001F0ECFB08BD00BF000000007400002447
:10A52000648B002410B5F0EE400A054C054B93ED0A
:10A53000020A204601F0F8FB94ED080A10BD00BFA6
:10A54000648B00243090002408B5F2EE0E0AB0EEC1
:10A55000600A034A0021034801F0C8FB08BD00BFA0
:10A56000680000243C8C002410B5F0EE400A054C35
:10A57000054B93ED030A204601F0D6FB94ED080A43
:10A5800010BD00BF3C8C00240490002408B5DFED12
:10A59000050AB1EE040A044A0021044801F0A6FBB2
:10A5A00008BD00BF000000005C0000241C8B0024DC
:10A5B00010B5F0EE400A054C054B93ED020A20461B
:10A5C00001F0B2FB94ED080A10BD00BF1C8B002403
:10A5D0000490002408B5F2EE0E0AB0EE600A034AB9
:10A5E0000021034801F082FB08BD00BF5000002499
:10A5F000F48B002410B5F0EE400A054C054B93EDAA
:10A60000030A204601F090FB94ED080A10BD00BF3C
:10A61000F48B0024D88F002408B5DFED050AB1EED5
:10A62000040A044A0021044801F060FB08BD00BF91
:10A630000000000044000024D48A002410B5F0EE8D
:10A64000400A054C054B93ED020A204601F06CFBD5
:10A6500094ED080A10BD00BFD48A0024D88F0024CE
:10A6600008B5F2EE0E0AB0EE600A034A0021034874
:10A6700001F03CFB08BD00BF38000024AC8B002477
:10A6800010B5F0EE400A054C054B93ED030A204649
:10A6900001F04AFB94ED080A10BD00BFAC8B00240A
:10A6A000AC8F002408B5DFED050AB1EE040A044AB8
:10A6B0000021044801F01AFB08BD00BF00000000A3
:10A6C0002C0000248C8A002410B5F0EE400A054CC2
:10A6D000054B93ED020A204601F026FB94ED080A93
:10A6E00010BD00BF8C8A0024AC8F0024F8B51A4F2F
:10A6F00097ED080AFFF716FF87ED090A174E96ED4A
:10A70000080AFFF755FF86ED090A154D95ED080A71
:10A71000FFF794FF85ED090A124C94ED080AFFF744
:10A72000D3FF84ED090A97ED090AFFF7D7FE87EDFD
:10A730000A0A96ED090AFFF717FF86ED0A0A95ED5A
:10A74000090AFFF757FF85ED0A0A94ED090AFFF79A
:10A7500097FF84ED0A0AF8BD30900024049000248D
:10A76000D88F0024AC8F002408B5FFF75BFDFFF7FE
:10A7700085FDFFF7AFFDFFF7D9FDFFF703FEFFF7FC
:10A780002DFEFFF79BFEFFF7DFFEFFF723FFFFF72E
:10A7900067FFFFF7B5FEFFF7F9FEFFF73DFFFFF795
:10A7A00081FF01F045F80DE0FFF7A0FF12E0FFF791
:10A7B000E9FCFFF7EDFCFFF71BFDFFF73BFE012077
:10A7C000FEF756F8FFF7ECFB054B9B7B013BDBB23A
:10A7D000012BE9D9024B9B7B022BE8D0E9E700BFB4
:10A7E000548F002400B587B00E49B1F90630B1F995
:10A7F0000820B1F90A00B1F90C400B4D2D68049501
:10A800000394029001920093B1F90430B1F902204F
:10A81000B1F90010054801F0F1FB0120FEF728F81E
:10A82000E2E700BF748A0024740D0024D02D0108D3
:10A8300030B58DB09DF844C0BDF84040039400246D
:10A8400004940594082506950794089409940A949D
:10A850000B9440FA05F48DF804408DF8050041FA98
:10A8600005F08DF806008DF8071042FA05F18DF815
:10A8700008108DF8092043FA05F28DF80A208DF8AA
:10A880000B30BCF1010F07D0BCF1020F0AD0BCF1B4
:10A89000030F0DD00DB030BD01AA03A90748F9F789
:10A8A0007DFCF7E701AA03A90548F9F777FCF1E772
:10A8B00001AA03A90348F9F771FCEBE7100900248A
:10A8C00070080024D007002408B5F7F769FD1D4B78
:10A8D000DB69C01AB0F5FA7F24D91A4B00221A712D
:10A8E000F7F75EFD184BDB69C01AB0F5FA7F1DD98A
:10A8F000154B00221A71F7F753FD144BDB69C01A90
:10A90000B0F5FA7F16D9114B00221A71F7F748FDFE
:10A910000F4BDB69C01AB0F5FA7F0FD90C4B002240
:10A920001A7108BD074B01221A71D9E7064B0122A3
:10A930001A71E0E7054B01221A71E7E7044B012287
:10A940001A71EEE73090002404900024D88F002480
:10A95000AC8F002408B5FFF7B7FF0120FDF788FF93
:10A96000F9E7000008B5514A9378D07800F0070164
:10A9700043EA012307EE903AF8EE677ADFED4C6A7E
:10A9800077EEE67A9FED4B7A87EE876A66EE077A76
:10A99000FDEEE77A484B17EE901A198092F804C042
:10A9A0000CF03F01490141EAD00107EE901AF8EEA0
:10A9B000677A77EEE67A87EE876A66EE077AFDEECB
:10A9C000E77A17EE901A598092F806E0D07900F0F5
:10A9D0000F01C90141EA5E0107EE901AF8EE677AAD
:10A9E00077EEE67A87EE876A66EE077AFDEEE77A1B
:10A9F00017EE901A99805179890041EA9C110EF066
:10AA0000010E41EA8E2107EE901AF8EE677A77EE92
:10AA1000E67A87EE876A66EE077AFDEEE77A17EE4A
:10AA2000901AD98092F808E092F809C00CF00F0152
:10AA3000C90141EA5E0107EE901AF8EE677A77EEF7
:10AA4000E67AC7EE876A66EE877AFDEEE77A17EE5A
:10AA5000901A1981C0F3C0111973C0F38011597392
:10AA6000C0F301109873CEF3000E83F80FE0CCF31F
:10AA7000001C83F810C0B2F90A101983B2F90C1047
:10AA80005983B2F90E109983117CC1F301009877B4
:10AA9000C1F38100D877C1F3011183F82010B2F817
:10AAA00011205A840120FDF7E3FE5CE75C9000244E
:10AAB0000000804400002544548F002480B52D4DB3
:10AAC0002D4C2E4A29462046FEF780FF9FED2C3A5A
:10AAD0002C4FB0EE434AF0EE433AD5ED022A95ED05
:10AAE000012AD5ED001A94ED021AD4ED010A94ED75
:10AAF000000A384600F0C0F9234DA5F108062B46A0
:10AB00002A1F3146384600F0B3FB55ED024ADFED0F
:10AB10001F7A64EEA75A1E4BC3ED005A55ED016A29
:10AB200026EEA77A83ED017A96ED025A65EE277A32
:10AB3000C3ED027A94ED016AB1EE466A154B83EDDE
:10AB4000006AA2685A6022689A60F1EE666AC3EDF4
:10AB5000036AC3ED044A83ED055AB1EE477A83EDEB
:10AB6000067AC3ED075AC3ED087A0120FDF780FE8F
:10AB7000A5E700BFCC0D0024D80D0024C80D00248B
:10AB80000000000000000024C40D0024E02E6542F7
:10AB9000B00D0024788F002408B500221146FF2054
:10ABA00001F04CFA4FF47A70FDF762FE0022FF21AB
:10ABB000104601F043FA4FF47A70FDF759FEFF2278
:10ABC0000021084601F03AFA4FF47A70FDF750FE82
:10ABD000E3E70000F6EE007A60EE277A10EE103A16
:10ABE000074AA2EB630307EE103A67EE277A67EE97
:10ABF000277AB7EE080A30EE670A27EE000A704798
:10AC0000DF59375F10B52DED068B0446B0EE409A44
:10AC1000F0EE609AB0EE418AF0EE618AB0EE42AAA0
:10AC2000F0EE62AAF5EE401AF1EE10FA14BF01231D
:10AC30000023B5EE402AF1EE10FA18BF43F00103ED
:10AC40002BB9F5EE402AF1EE10FA00F0938068EE91
:10AC5000A87A2AEE0A7A77EE877A2AEEAA0A37EEDF
:10AC6000800AFFF7B7FF68EE808A2AEE00AA6AEE34
:10AC700080AA94ED017AD4ED036A27EE266AD4ED1A
:10AC8000007AD4ED025A27EEA55A36EE456A27EE31
:10AC9000277A66EEA55A37EE257A67EEA77AF6EEA2
:10ACA000005A77EEE57A66EEA66A77EEA67A6AEE45
:10ACB000276A6AEE875A76EEE56A6AEE86AA68EE39
:10ACC000A77A7AEEE7AA68EE878A2AEE06AA78EED5
:10ACD000CA8A624BD3ED007AF5EEC07AF1EE10FA33
:10ACE00040F3B380D3ED007A67EEA67A9FED5C7AED
:10ACF00067EE877A5B4991ED006A76EE277AC1EDBF
:10AD0000007AD3ED007A67EEAA7A67EE877A564A20
:10AD100092ED006A76EE277AC2ED007AD3ED007AE2
:10AD200067EEA87A67EE877A504B93ED007A77EE5C
:10AD3000277AC3ED007AD1ED007A39EE279AD2ED69
:10AD4000007A79EEA79AD3ED007A38EE278A484B3D
:10AD5000D3ED007A67EEA67A39EE279AD3ED007A22
:10AD600067EEAA7A79EEA79AD3ED007A67EEA87A11
:10AD700038EE278ADFED3F7A29EE270A69EEA70A27
:10AD800028EE271AD4ED006A94ED017AD4ED027A08
:10AD900027EE409A20EEA76A39EE469AD4ED039A40
:10ADA00029EE816A39EE469A39EE269A84ED009AA8
:10ADB00060EE268A21EE276A78EE868A29EEA06A5E
:10ADC00078EEC68A78EE878AC4ED018A20EEA68ADC
:10ADD00021EE076A38EE468A29EE806A38EE068A46
:10ADE00038EE278A84ED028A21EE261A60EE870A61
:10ADF00031EE201A20EE270A31EE401A79EE819AC0
:10AE0000C4ED039A69EE097A28EEA87A77EE877A7C
:10AE100028EE087A77EE877A29EEA90A37EE800ABB
:10AE2000FFF7D8FE29EE009A84ED009A68EE808A3A
:10AE3000C4ED018A28EE008A84ED028A69EE809AC8
:10AE4000C4ED039ABDEC068B10BD0023054A1360C8
:10AE5000054A1360054A136079E700BFA88F0024F4
:10AE60006F12833AA48F0024A08F00249C8F0024AB
:10AE7000D40000246F12033A10B52DED108B86B06C
:10AE80000446B0EE409AF0EE609AB0EE418AF0EEE1
:10AE900061BAF0EE428AB0EE62CAB0EE43AAB0EEFA
:10AEA00063BAF0EE44AAB5EE403AF1EE10FA0CBFE8
:10AEB00001230023F5EE403AF1EE10FA03F001030E
:10AEC00018BF00232BB1B5EE404AF1EE10FA00F0A6
:10AED000B681F5EE40BAF1EE10FA14BF012300235B
:10AEE000F5EE408AF1EE10FA18BF43F001032BB9DA
:10AEF000B5EE40CAF1EE10FA00F035816BEEAB7A98
:10AF000028EEA87A77EE877A2CEE0C0A37EE800AC4
:10AF1000FFF760FE6BEE805ACDED025A28EE805AA4
:10AF20008DED035A6CEE004ACDED044A6AEE0A7AC2
:10AF30002BEE0B7A77EE877A2AEEAA0A37EE800A92
:10AF4000FFF748FE2AEE00AA2BEE00BA6AEE80AAAE
:10AF5000D4ED007A27EEA77A8DED057AD4ED01BA0B
:10AF600027EEABFAD4ED028A67EEA8FA94ED03DA85
:10AF700067EE8D7A6BEEABCA6BEEA86A6BEE8DBA9C
:10AF800068EEA8EA68EE8D8A2DEE0DDAB6EE00EADC
:10AF90003EEE6ECA3CEE4DCA2CEE0A7A76EEE7DA49
:10AFA0002DEE8B6A37EE067A3FEEAB6A8DED016AC5
:10AFB00026EE2A6A37EE067A37EE077A77EEA67A19
:10AFC00067EE8A7A7EEE6CCA7CEECD6A66EE8B6A9C
:10AFD00077EEA67A78EECF6A66EEAA6A77EEA67A60
:10AFE00077EEA77A27EE077A67EEA77A77EE277AC9
:10AFF00017EE900AF5F7E8FA41EC100B07F0F4F9B8
:10B0000051EC100BF5F738FB07EE100A7BEEEFBAA8
:10B010006BEE8A7A7FEE288A68EE8B6A77EEA67AE4
:10B020007CEEEECA6CEEAA6A77EEA67A77EEA77A85
:10B03000DDED056A76EECE6A76EE8D6A2CEE07CAF5
:10B040002BEEA76A3CEE06CA6DEE87DA28EEA76AF9
:10B050007DEE86DA9DED016A26EE077A6CEEA7CAD0
:10B0600077EE2C7A9DED035A25EE266ADDED044A33
:10B0700028EEA47A36EE476A2BEE277A6AEEAD5AAE
:10B0800037EE657A36EE076A2BEEA47ADDED025ACA
:10B0900065EEA66A77EE666A6AEE8CAA6AEE277A91
:10B0A0007AEEE7AA76EEAA7A68EEA58A6BEE85BA02
:10B0B00078EEEB8A2AEE2DAA2BEE0CBA3AEE4BAACA
:10B0C00078EE8A8A634B93ED007AB5EEC07AF1EEA2
:10B0D00010FA40F3B78093ED007A27EE067ADFEDA1
:10B0E0005E6A27EE267A5D49D1ED005A35EE877A01
:10B0F00081ED007A93ED007A27EE277A27EE267A03
:10B10000574AD2ED005A35EE877A82ED007A93EDF8
:10B11000007A27EE287A27EE267A524BD3ED006A82
:10B1200036EE877A83ED007A91ED007A39EE079A50
:10B1300092ED007A79EE879A93ED007A38EE078ADD
:10B14000494B93ED007A27EE067A39EE079A93ED94
:10B15000007A67EE277A79EEA79AD3ED007A67EE48
:10B16000A87A38EE278ADFED417A29EE279A69EE30
:10B17000A79A28EE278A94ED006AD4ED016A94ED2F
:10B18000027A66EEC9AA69EE877A7AEEE7AAD4ED6A
:10B19000037A67EE885A7AEEE5AA7AEE86AAC4EDBB
:10B1A00000AA29EE06AA68EE075A3AEE25AA67EE2B
:10B1B000A95A3AEE65AA3AEE26AA84ED01AA69EEEA
:10B1C000868A68EE265A78EEE58A67EE895A78EE26
:10B1D000A58A78EE878AC4ED028A28EE068A69EE8F
:10B1E000A69A38EE298A29EE079A38EE498A37EE70
:10B1F000888A84ED038A6AEEAA7A2AEE0A7A77EEC2
:10B20000877A28EEA87A77EE877A28EE080A37EE52
:10B21000800AFFF7DFFC6AEE80AAC4ED00AA2AEEDE
:10B2200000AA84ED01AA68EE808AC4ED028A28EEA5
:10B23000008A84ED038A06B0BDEC108B10BDFFF7C9
:10B24000E1FCF8E70023054A1360054A1360054A4C
:10B25000136075E7A88F00246F12833AA48F00242F
:10B26000A08F00249C8F0024D40000246F12033A86
:10B27000F8B52DED028B04460F4616461D46D0ED5F
:10B28000000A90ED030A20EE800AD0ED017A90EDDD
:10B29000027A27EE877A30EE070A60EEA00A67EEA0
:10B2A000A77A70EEA70A70EEA00AB7EE008A70EED9
:10B2B000C80A30EE000A07F0F7F887ED000AD4ED6F
:10B2C000017A94ED037A67EE877A94ED007AD4EDF3
:10B2D000026A27EE267A77EEC77AB8EE000A27EEE2
:10B2E000800A07F0B5F886ED000AD4ED000A94ED67
:10B2F000010A20EE800A94ED027AD4ED037A27EE5B
:10B30000277A30EE070A60EEA00A67EEA77A70EEA1
:10B31000A70A70EEA00A70EEC80A30EE000A07F025
:10B32000C3F885ED000ABDEC028BF8BD00B59BB0FB
:10B330000023129313930222149201221592169362
:10B34000179312A94248F8F7AFFE00285BD10023FB
:10B350000093022211463E48F8F7EBFE002855D133
:10B36000002201213A48F9F747F8002851D138481E
:10B37000F8F7FAFE00284FD100230A930B9302221C
:10B380000C9201220D920E930F930AA93148F8F7FF
:10B390008BFE002843D100230093022211462D4842
:10B3A000F8F7C7FE00283DD1002201212948F9F70E
:10B3B00023F8002839D12748F8F7D6FE002837D1DE
:10B3C0000023029303930222049201220592069322
:10B3D000079302A92048F8F767FE60BB002300939B
:10B3E000022211461C48F8F7A4FE38BB00220121B6
:10B3F0001948F9F701F820BB1748F8F7B5FE18BB54
:10B400001BB05DF804FBF6F781F9A0E7F6F77EF9CB
:10B41000A6E7F6F77BF9AAE7F6F778F9ACE7F6F7CF
:10B4200075F9B8E7F6F772F9BEE7F6F76FF9C2E714
:10B43000F6F76CF9C4E7F6F769F9CFE7F6F766F9BE
:10B44000D4E7F6F763F9D7E7F6F760F9D8E700BF76
:10B450001009002470080024D007002400283FD0E1
:10B46000F8B50C4606460B781B09437148788A7874
:10B47000C97823791F0947EA01171D0205F4706591
:10B4800063791D431021F2EE090ABAEE090A42EA75
:10B49000002000F017FC86ED020A0C21F2EE040AEF
:10B4A000BAEE040A384600F00DFC86ED030A0C21C2
:10B4B000F3EE0C0ABBEE0C0A284600F003FC86ED06
:10B4C000040AA37907EE903AF8EE677AC6ED057A9A
:10B4D000E37907EE903AF8EE677AC6ED067AF8BDA2
:10B4E0007047000011F0010F00D1704710B58CB00B
:10B4F00004466B4602AA4021F8F78CFE50B9236837
:10B50000984A934208D0984A934260D0974A93420F
:10B5100000F08D800CB010BD029B142B08D8112BAD
:10B52000F8D3113B032BF5D8DFE803F02D363F4865
:10B53000A3F20122062AEDD8DBB2013BDBB28C4834
:10B5400003EB830200EB420430F9121021819DF8D5
:10B5500000C09DF8011041EA0C2120F812109DF85E
:10B560000220120212B29DF803100A4362809DF875
:10B570000420120212B29DF805100A43A2809DF821
:10B580000620A271C6E77B4C69462046FFF766FF9E
:10B59000F6F706FFE061BDE7774C69462046FFF706
:10B5A0005DFFF6F7FDFEE061B4E7744C69462046A6
:10B5B000FFF754FFF6F7F4FEE061ABE7704C694625
:10B5C0002046FFF74BFFF6F7EBFEE061A2E7029B98
:10B5D000A3F20122062A9DD8DBB2013BDBB2694C03
:10B5E00003EB830104EB410C34F91120ACF8082083
:10B5F0009DF800209DF8010040EA022024F8110087
:10B600009DF80220120212B29DF803100A43ACF812
:10B6100002209DF80420120212B29DF805100A4380
:10B62000ACF804209DF806108CF8061072E7029B17
:10B63000A12B5BD017D81C2B45D02C2B7FF46AAFE5
:10B640009DF80320504BDA729DF804109DF80520F8
:10B6500042EA01229A809DF806109DF8072042EAEE
:10B660000122DA8056E7A22B5ED0FFF453AFA3F29B
:10B670000122062A3FF64EAFDBB2013BDBB2434963
:10B6800003EB830201EB420031F9124004819DF883
:10B6900000C09DF8014044EA0C2421F812409DF8B6
:10B6A0000220120212B29DF80340224342809DF80C
:10B6B0000420120212B29DF80540224382809DF8B8
:10B6C0000620827126E79DF803202F4B9A729DF881
:10B6D00004109DF8052042EA01221A809DF8061008
:10B6E0009DF8072042EA01225A8013E79DF80030B6
:10B6F0009DF8012042EA0322254B1A809DF8021092
:10B700009DF8032042EA01225A809DF804109DF81A
:10B71000052042EA01229A809DF806109DF8072034
:10B7200042EA0122DA80F5E69DF800309DF801201A
:10B7300042EA0322164B1A819DF802109DF803205D
:10B7400042EA01225A819DF804109DF8052042EA40
:10B7500001229A819DF806201A759DF807205A75D6
:10B76000D8E600BF00A0004000A4004000D4004084
:10B770000C8F00243090002404900024D88F0024E3
:10B78000AC8F0024C48E0024548F00247C8E0024AF
:10B79000748A0024082816D8DFE800F00517070986
:10B7A0000B0D0F111300002070470220704703207B
:10B7B0007047042070470520704706207047072017
:10B7C000704708207047082070470120704700002C
:10B7D000002918BF002823D070B58AB01546064648
:10B7E00008291BD801930024029403940846FFF70C
:10B7F000D1FF049005940694079408940994022DAF
:10B8000005D0032D05D0012D08D1064802E00648D9
:10B8100000E00648324601A9F8F7C0FC0AB070BD46
:10B82000704700BF1009002470080024D0070024CE
:10B830002DE9F047234F4FF02C0A5246002138469D
:10B8400000F00EFF4FF0030987F800904FF0010859
:10B8500087F801801123BB7087F803801A4E524687
:10B860000021304600F0FCFE86F800900223737041
:10B870001223B37086F80380144D524600212846E7
:10B8800000F0EEFE85F8009085F801901323AB7070
:10B8900085F803800E4C52460021204600F0E0FE61
:10B8A00084F80090042363701423A37084F8038049
:10B8B000084B3B62084B3362084B2B62084B2362F8
:10B8C000BDE8F0873090002404900024D88F002435
:10B8D000AC8F00245A64DB3F5A64DBBFB81E65BFDF
:10B8E000B81E653F00B583B084468E461346114AA4
:10B8F00092E8030002AA02E90300BCF1020F10D093
:10B90000BCF1030F11D0BCF1010F07D1FC228DF85F
:10B910000720724608216846FFF75AFF03B05DF81A
:10B9200004FBFD228DF80720F3E7FE228DF80720A7
:10B93000EFE700BFEC2D010831EE601A30EE600A2F
:10B9400001238340013B07EE903AF8EEE77A20EEC0
:10B95000270AC0EE017AFCEEE77A17EE903A98B229
:10B96000704700002DE9F0432DED028B83B0804637
:10B970008946B0EE408A0024274626462546A4463E
:10B98000042A4DD8DFE812F005007100B90001016A
:10B990004901DFEDC67AB4EEE70AF1EE10FA09D9F3
:10B9A000DFEDC37AB4EEE70AF1EE10FA04DBB0EE95
:10B9B000678A01E09FEDBD8ADFEDBE8A1020B2EEFE
:10B9C000091AFAEE090AB0EE680AFFF7B5FF044655
:10B9D0000C209FEDB91ADFEDB90AB0EE680AFFF747
:10B9E000ABFF07460C209FEDB61AF0EE680AB0EEEA
:10B9F000680AFFF7A1FF06460C20B1EE041AF0EE2C
:10BA0000680AB0EE680AFFF797FF05460C209FED25
:10BA1000A81ADFEDA60AB0EE480AFFF78DFF8446AC
:10BA2000230A8DF800308DF801403B098DF8023073
:10BA3000330A43EA07138DF803308DF804602B09AD
:10BA40008DF805304FEA1C2343EA05138DF80630C4
:10BA50008DF807C04B46424608216846FFF7B8FEFE
:10BA600003B0BDEC028BBDE8F083FAEE047AB4EECD
:10BA7000E70AF1EE10FA09D9F2EE047AB4EEE70A19
:10BA8000F1EE10FA04DBB0EE678A01E0BAEE048A48
:10BA9000DFED888A1020B2EE091AFAEE090AB0EE3C
:10BAA000680AFFF749FF04460C20B3EE0E1AFBEEBE
:10BAB0000E0AB0EE680AFFF73FFF07460C209FED25
:10BAC000801AF0EE680AB0EE680AFFF735FF064606
:10BAD0000C20B1EE041AF0EE680AB0EE680AFFF727
:10BAE0002BFF05460C20B2EE041AFAEE040AB0EE63
:10BAF000480AFFF721FF844692E7FAEE047AB4EE93
:10BB0000E70AF1EE10FA09D9F2EE047AB4EEE70A88
:10BB1000F1EE10FA04DBB0EE678A01E0BAEE048AB7
:10BB2000DFED648A1020B2EE091AFAEE090AB0EECF
:10BB3000680AFFF701FF04460C20B3EE0E1AFBEE75
:10BB40000E0AB0EE680AFFF7F7FE07460C209FEDDD
:10BB50005C1AF0EE680AB0EE680AFFF7EDFE0646E2
:10BB60000C20B1EE041AF0EE680AB0EE680AFFF796
:10BB7000E3FE05460C20B2EE041AFAEE040AB0EE1B
:10BB8000480AFFF7D9FE84464AE7FBEE0C7AB4EE8A
:10BB9000E70AF1EE10FA09D9F3EE0C7AB4EEE70AEF
:10BBA000F1EE10FA04DBB0EE678A01E0BBEE0C8A1E
:10BBB000DFED408A1020B2EE091AFAEE090AB0EE63
:10BBC000680AFFF7B9FE04460C20B2EE041AFAEE3A
:10BBD000040AB0EE680AFFF7AFFE07460C209FED9F
:10BBE000381AF0EE680AB0EE680AFFF7A5FE0646BE
:10BBF0000C20B1EE041AF0EE680AB0EE680AFFF706
:10BC00009BFE05460C20B3EE0C1AFBEE0C0AB0EEC0
:10BC1000480AFFF791FE844602E7FBEE027AB4EE93
:10BC2000E70AF1EE10FA09D9F3EE027AB4EEE70A68
:10BC3000F1EE10FA04DBB0EE678A01E0BBEE028A97
:10BC4000DFED1C8A1020B2EE091AFAEE090AB0EEF6
:10BC5000680AFFF771FE04460C209FED171ADFED0E
:10BC6000170AB0EE680AFFF767FE07460C209FED43
:10BC7000141AF0EE680AB0EE680AFFF75DFE064699
:10BC80000C20B1EE041AF0EE680AB0EE680AFFF775
:10BC900053FE05460C20B3EE021AFBEE020AB0EE8C
:10BCA000480AFFF749FE8446BAE600BF000058C2C2
:10BCB000000058420000000000003442000034C27E
:10BCC0000000FA4307EE900A70EEC00AF8EEE77A39
:10BCD00027EEA07A01238B40013B07EE903AF8EE65
:10BCE000E77AC7EE276A36EE800A70479446002A44
:10BCF00018BF002817D0017012684260DCF80420D9
:10BD00008260DCF80820C26080ED040AC0ED050AFC
:10BD100000228263426302630262C2628262426202
:10BD200042640264C26370470346002800F0A380A7
:10BD3000D0ED107AC0ED117A90ED0F7A80ED107A87
:10BD4000C0ED060A80ED070A70EEC00AC0ED0F0ACA
:10BD50000278002A4CD1D0ED017A60EEA77AC0EDCE
:10BD6000097AD0ED0A6A90ED026A20EE866A76EED4
:10BD7000866AC0ED0A6A426B8263026B426370EEB0
:10BD8000C70AC0ED0C0A90ED037A60EE870AC0ED99
:10BD90000B0A90ED057AF4EEC76AF1EE10FA13DDA6
:10BDA00080ED0A7A93ED0A7A77EE877A70EEA70A29
:10BDB000C3ED080AD3ED047AF4EEE70AF1EE10FAC7
:10BDC0000CDDC3ED087A15E0B1EE477AF4EEC76AF0
:10BDD000F1EE10FAE6D580ED0A7AE3E7F1EE677A44
:10BDE000F4EEE70AF1EE10FA04D5C3ED087A01E0AB
:10BDF000012A02D093ED080A7047D0ED016A30EEB7
:10BE0000C76A66EE866AC0ED096A90ED026A20EEA6
:10BE1000866A80ED0A6A426B8263026B426337EE88
:10BE2000077A70EEC70A77EEA07AC0ED0C7A90ED33
:10BE3000037A67EE877AC0ED0B7A90ED087A76EE9A
:10BE4000866A77EEA67A77EE277AC0ED087A90EDCB
:10BE5000047AF4EEC77AF1EE10FA02DD80ED087A8A
:10BE6000C8E7B1EE477AF4EEC77AF1EE10FAC1D521
:10BE700080ED087ABEE79FED010A704700000000E0
:10BE8000034660B94FF6FF720FE013F8011B5140F3
:10BE9000C9B2074830F8111081EA1222614601F157
:10BEA000FF3C1FFA8CFC0029EFD11046704700BF01
:10BEB00014300108002818BF02291BD938B50C46D8
:10BEC000054602394FF6FF7289B2FFF7D9FF2B19E9
:10BED00013F8023CC2B29A4201D0002038BDC0F330
:10BEE0000F202B1913F8013C984201D00020F5E7F0
:10BEF0000120F3E700207047152900D0704738B5BE
:10BF000004460378A92B00D038BD4378532BFBD1CE
:10BF1000FFF7D0FF0028F7D0054D20686168A268C0
:10BF2000E3680FC520692860237D2B71ECE700BF13
:10BF30005C9000240378A52B00D0704710B5044610
:10BF4000272900D010BD8279437943EA02231BB22E
:10BF500040F202329342F5D1FFF7ACFF0028F1D056
:10BF60000C4BD4F80720D4F80BC0D4F80F00D4F849
:10BF700013101A60C3F804C09860D960D4F8172071
:10BF80001A61B4F81B209A82F6F70AFA024B18607D
:10BF9000D8E700BF748A0024740D002402680D4B9A
:10BFA0009A4200D0704710B504460B4B1B78A92B62
:10BFB00008D0A52B0AD04FF4807207492046FCF721
:10BFC000F1FB10BD0448FFF797FFF4E70248FFF7C5
:10BFD000B1FFF0E7007800407490002408B50268D3
:10BFE000044B9A4200D008BD4FF480720249FCF71E
:10BFF000D9FBF8E700780040749000240FB410B526
:10C0000002AA52F8041B094B1A60094C204600F0A2
:10C010000BFB82B2074B1A800A2321460648FCF725
:10C02000D7F9BDE8104004B0704700BF78920024F3
:10C0300078910024749100243012002410B588B047
:10C0400000238DF807300EE04FF0600C14E04FF045
:10C05000600C1EE04FF0600CC3F1170420346C44F8
:10C0600004F818CC0133072B21DC41FA03F414F057
:10C07000010FE9D04FF0780CC3F1070420346C4471
:10C0800004F818CC40FA03F414F0010FDFD04FF09D
:10C09000780CC3F10F0420346C4404F818CC42FA35
:10C0A00003F414F0010FD5D04FF0780CD4E74FF61D
:10C0B000FF7300220DF107010F48FAF7F3FB0E4B57
:10C0C00093F88130DBB2012BF9D14FF6FF731822C0
:10C0D00002A90948FAF7E6FB002408E04FF6FF73CF
:10C0E00001220DF107010448FAF7DCFB0134632C4F
:10C0F000F4DD08B010BD00BFD40E00242DE9F047D8
:10C10000089D0E4604460F46002B4AD194468C45A6
:10C11000B2FA82F260D942B1C2F12003974020FA0C
:10C1200003F30CFA02FC1F4394404FEA1C4E1FFA23
:10C130008CF6B7FBFEF1230C0EFB117743EA0743A5
:10C1400001FB06F098420AD91CEB030301F1FF370B
:10C1500080F01581984240F21281023963441B1A23
:10C16000A4B2B3FBFEF00EFB103344EA034400FB21
:10C1700006F6A6420AD91CEB040400F1FF3380F056
:10C180000081A64240F2FD806444023840EA01404A
:10C19000A41B00211DB1D4400023C5E90043BDE824
:10C1A000F0878B4205D90DB1C5E900010021084691
:10C1B000F5E7B3FA83F1002946D1B34202D38242B4
:10C1C00000F2F580841A66EB030201201746002D69
:10C1D000E5D0C5E90047E2E7002A40F09380A1EBF3
:10C1E0000C034FEA1C471FFA8CFE0121B3FBF7F644
:10C1F00007FB1630230C43EA00430EFB06F098427F
:10C2000008D91CEB030306F1FF3802D2984200F272
:10C21000D08046461B1AA4B2B3FBF7F007FB1033DD
:10C2200044EA03440EFB00FEA64508D91CEB0404B7
:10C2300000F1FF3302D2A64500F2B6801846A4EB07
:10C240000E0440EA0640A5E7C1F120078B4022FA20
:10C2500007FC4CEA030C06FA01FE20FA07F426FA62
:10C2600007F344EA0E0400FA01F84FEA1C404FEAD3
:10C270001449B3FBF0FE1FFA8CF600FB1E3349EAAB
:10C2800003430EFB06F9994502FA01F20BD91CEBA8
:10C2900003030EF1FF3A80F08580994540F28280D9
:10C2A000AEF1020E6344A3EB0909A4B2B9FBF0F3AB
:10C2B00000FB139944EA094403FB06F6A64208D999
:10C2C0001CEB040403F1FF3068D2A64266D9023B9E
:10C2D000644443EA0E40A41BA0FB02E6B44273464A
:10C2E000B14652D34FD05DB1B8EB030264EB090401
:10C2F00004FA07F722FA01F31F43CC40C5E90074A2
:10C3000000214CE7C2F1200120FA01F30CFA02FCF3
:10C3100026FA01F1964033434FEA1C471FFA8CFE80
:10C32000B1FBF7F007FB1016190C41EA064100FBC0
:10C330000EF68E4204FA02F408D91CEB010100F15A
:10C34000FF382DD28E422BD902386144891B9BB213
:10C35000B1FBF7F607FB161143EA014306FB0EF1AA
:10C36000994208D91CEB030306F1FF3814D2994215
:10C3700012D9023E63445B1A46EA004136E7394669
:10C38000EDE6184602E7F045ADD2BEEB020366EBE0
:10C390000C060138B146A6E74646ECE7034698E7A7
:10C3A0004046D3E7D6467EE76444023847E708466E
:10C3B0000DE7023E63442DE7024A0349034800F0BB
:10C3C000C9B800BFD800002465EC0008E8000024CC
:10C3D0000C4B4168994210B5044601D002F042FC72
:10C3E000A168094B994202D0204602F03BFCE1686B
:10C3F000064B994204D02046BDE8104002F032BC02
:10C4000010BD00BF7C920024E49200244C930024D1
:10C410002DE9F843314A324C3249DFF8DC90DFF83D
:10C42000DC80314F1160002504232946082204F1E5
:10C430005C00C4E903352D4EA560C4E90055C4E98C
:10C440000555656600F00CF904F15800C4E9074988
:10C45000C4E90987E66200F00DFA2946244B6367B8
:10C46000082204F1C400C4E91A55C4E91E55256721
:10C47000C4F8CC50C4F8805000F0F2F804F168031E
:10C4800004F1C000C4F88430C4E92298C4E92476D9
:10C4900000F0F0F9174BC4F8DC30294604F596702B
:10C4A0000822C4E93455C4E93855C4F8D850C4F852
:10C4B0003451C4F8E85000F0D3F804F1D003C4E9D3
:10C4C0003D87C4F8F09004F59470C4F8FC60C4F89B
:10C4D000EC30BDE8F84300F0CDB900BFB4930024C0
:10C4E0007C920024B9C30008FDC5000821C60008DD
:10C4F000090001001200020099C50008BDC500082E
:10C5000010B504460A4800F0B9F9636B23B9094B2A
:10C51000094A1B68626323B1BDE81040044800F07B
:10C52000AFB9FFF775FFBDE81040014800F0A8B9AA
:10C53000C4930024B4930024D1C30008014800F040
:10C540009DB900BFC4930024014800F099B900BF11
:10C55000C49300242DE9F8430746884616464FF059
:10C560000009D6E90154013D10D4A389012B08D953
:10C57000B4F90E3001332146384602D0C04749EAAB
:10C580000009013D6B1C04F16804EED13668002EF1
:10C59000E7D14846BDE8F88310B50C46B1F90E1056
:10C5A00000F00EF9002803DB236D0344236510BD62
:10C5B000A38923F48053A38110BD00BF2DE9F0416E
:10C5C0000C46B1F90C101F46CB05054616460BD498
:10C5D00021F48051A1813B46B4F90E103246284621
:10C5E000BDE8F04100F002B9B4F90E1002230022B8
:10C5F00000F0D0F8B4F90C10EAE700BF10B50C4613
:10C60000B1F90E1000F0C6F8B4F90C30421C0EBFA0
:10C6100023F4805343F480532065A38110BD00BFF1
:10C62000B1F90E1000F06EB870B59AB013460A4E0C
:10C630000A466FF0004102910591084903910446B2
:10C6400000253068199569460094049400F040FD77
:10C65000009B1D701AB070BDE40000240802FFFFAB
:10C66000830730B547D0541E002A3ED0CAB20346D5
:10C6700001E0013C39D303F8012B9D07F9D1032CCC
:10C680002CD9CDB205EB05250F2C05EB054535D989
:10C69000A4F1100222F00F0C03F1100EE6444FEA51
:10C6A000121C1A46C2E90055C2E902551032724501
:10C6B000F8D10CF1010214F00C0F03EB021204F09C
:10C6C0000F0C13D0ACF1040323F003030433134421
:10C6D00042F8045B9342FBD10CF003042CB1C9B2C5
:10C6E0001C4403F8011BA342FBD130BD6446134632
:10C6F000002CF4D1F9E703461446C0E71A46A446D5
:10C70000E0E700BF38B5074D0022044608462A601E
:10C71000F5F7EEFA431C00D038BD2B68002BFBD098
:10C72000236038BDB8930024194B1B6883422ED078
:10C73000416C70B5054681B100268C593CB121464B
:10C740002468284600F00AF9002CF8D1696C0436F8
:10C75000802EF2D1284600F001F9A96B11B12846CC
:10C7600000F0FCF82C6C34B121462468284600F017
:10C77000F5F8002CF8D1E96C11B1284600F0EEF87C
:10C780006B6B1BB12846BDE87040184770BD704701
:10C79000E400002438B50C46084D84461146204676
:10C7A0001A4600232B606446F5F7ACFA431C00D010
:10C7B00038BD2B68002BFBD0236038BDB893002414
:10C7C00038B50C46084D8446114620461A460023CB
:10C7D0002B606446F5F76EFA431C00D038BD2B6819
:10C7E000002BFBD0236038BDB893002438B50C462D
:10C7F000084D8446114620461A4600232B606446A5
:10C80000F5F768FA431C00D038BD2B68002BFBD02D
:10C81000236038BDB8930024014B1868704700BFEF
:10C82000E400002470B50F4B0F4DAB42A3EB05069F
:10C8300007D0B610002455F8043B01349847A642AF
:10C84000F9D806F0B5F9094D094B5E1BAB424FEA2A
:10C85000A60606D0002455F8043B01349847A642AA
:10C86000F9D870BDA8340108A8340108A83401081B
:10C87000B0340108704700BF704700BF704700BF69
:10C88000704700BF024B13B1024800F005B8704773
:10C890000000000051EF0008002301461A46184628
:10C8A00002F0AABB2DE9F84306460820894602F0AB
:10C8B00063FBDFF8A4800546304600F0FDFBD8F8A6
:10C8C00008305F6827F00307A7F11104A4EB0904FF
:10C8D0002C44B4FBF5F4013C05FB04F4A54208DC50
:10C8E0000021304602F022FBD8F808303B44984241
:10C8F00005D0304600F0E6FB0020BDE8F883614239
:10C90000304602F013FB01300FD0114AD8F808303E
:10C910003F1B47F001075F60136830461B1B136025
:10C9200000F0D0FB0120BDE8F8830021304602F082
:10C93000FDFAD8F80820831A0F2BDADD43F0010343
:10C940005360044B02491B68C01A0860D1E700BF5E
:10C95000CC9300242C0200243802002400297CD02F
:10C960002DE9F0410C46804600F0A6FB54F8043C4B
:10C97000754FA4F1080523F001016818BE684268EC
:10C98000864222F0030200F08380DE07426000EB63
:10C99000020C33D454F8084CDCF804302D1B21442D
:10C9A000AC6807F1080C644503F0010364D0D5F8C6
:10C9B0000CE0C4F80CE0CEF80840002B00F08180B9
:10C9C00041F001036B600160B1F5007F22D278680D
:10C9D000CB080122490901338A40024357F833103A
:10C9E0007A6007EBC302083AC5E9021247F83350F0
:10C9F000CD604046BDE8F04100F064BBDCF8043097
:10CA0000DB072BD541F00103B1F5007F44F8043C6E
:10CA10000160DCD3B1F5206F4FEA512353D28B096B
:10CA200003F1390003F13802C300F818FB58083845
:10CA3000984203D161E09B68984204D05A6822F082
:10CA400003028A42F7D8D868C5E902308560DD6004
:10CA50004046BDE8F04100F035BB7047114407F196
:10CA6000080C836863453FD0C268DA60936041F088
:10CA700001036B606950A7E7002B5FD10A44D0E93E
:10CA80000213CB60996042F001036B60AA50B0E7DB
:10CA9000DB070A4407D454F8083CED1A1A44D5E9D8
:10CAA0000213CB60996042F001036B60274BBD60BD
:10CAB0001B6893429DD8264B40461968FFF7F2FE4B
:10CAC00097E71144CDE7142B08D9542B1DD80B0B35
:10CAD00003F16F0003F16E02C300A6E703F15C00EF
:10CAE00003F15B02C300A0E741F00103C7E904556D
:10CAF000C5E902CC6B6069507BE77968921001242C
:10CB000004FA02F20A437A609EE7B3F5AA7F06D8D8
:10CB1000CB0B03F1780003F17702C30085E740F205
:10CB20005452934206D88B0C03F17D0003F17C0232
:10CB3000C3007AE74FF47E737E2276E741F001036B
:10CB40006B60016055E700BF38020024300200240A
:10CB5000FC9300242DE9F04F01F10B05162D83B055
:10CB6000064623D8102900F2AF8000F0A5FA102560
:10CB700018230220B74F3B44A3F108025C6894429B
:10CB800000F01E816368E268A16823F00303CA60B5
:10CB90002344304691605A6842F001025A6000F026
:10CBA00091FA0834204603B0BDE8F08F35F0070550
:10CBB00000F18A80A94200F2878000F07DFAB5F585
:10CBC000FC7FC0F06E816B0A00F08280042B00F2C3
:10CBD0001D81AB0903F1390003F1380EC3009D4FED
:10CBE0003B44A3F1080C5C68A44507D10DE0002A82
:10CBF000E16880F2DF808C4507D00C46636823F043
:10CC000003035A1B0F2AF2DD7046DFF860823C698D
:10CC1000444500F0BC80636823F0030CACEB0503D3
:10CC20000F2B00F34281002BC7E9048880F22D818D
:10CC3000BCF5007FD7F804E080F0C8804FEADC0143
:10CC400001314FEA5C1C012303FA0CF357F8312041
:10CC5000A2604EEA030E07EBC103083BE360C7F88E
:10CC600004E047F83140D46083104FF0010C0CFA17
:10CC700003FCF44532D81CEA0E0F08D120F0030063
:10CC80004FEA4C0C1CEA0E0F00F10400F8D007EB41
:10CC9000C00AD6468146DEF80C300BE0596821F018
:10CCA00003014A1B0F2A1C46DB6800F3BB80002AE5
:10CCB00080F2DE809E45F1D109F1010919F0030FE0
:10CCC0000EF1080EE7D119E10C233360002469E767
:10CCD0004FF4007340204FF03F0E80E7BC6863685C
:10CCE00023F00309A94503D3A9EB05030F2B51DC5E
:10CCF000594B1B68082003F1100804EB090300934B
:10CD000002F03AF9554A13680133A844834605D026
:10CD100008F1FF388044434203EA080841463046A0
:10CD200002F004F9B0F1FF3F4C4A824600F0D8808F
:10CD3000009B834200F2D280494B186840440BF1BB
:10CD4000FF311860844640F0FC801AEA010F40F081
:10CD5000F880D7F808A0C84448F00102CAF80420B7
:10CD6000404B1968814238BF18603F4B19688142B7
:10CD700038BF1860544622F00308A845A8EB050305
:10CD800001D30F2B06DC304600F09CF99EE7D7F864
:10CD900004E069E7621943F0010345F001056560AD
:10CDA0003046BA60536000F08DF90834204603B075
:10CDB000BDE8F08FA2682344D16030468A60EAE67D
:10CDC000DC68A3427FF4DEAE02301EE7BCF5206FC4
:10CDD0004FEA5C227BD3142A00F2128102F15C0339
:10CDE000DB005B32F918FB580839994203D1ECE0BB
:10CDF0009B68994204D05A6822F003026245F7D832
:10CE0000D968C4E902318C60DC602DE7142B6AD943
:10CE1000542B00F2FE802B0B03F16F0003F16E0E1A
:10CE2000C300DCE6D4F808C03046661945F00105B9
:10CE30006560CCF80C30C3F808C042F00103C7E9C4
:10CE40000466C6E902887360625000F03BF908345A
:10CE5000A8E600BF38020024FC9300242C02002422
:10CE6000CC930024F8930024F4930024400200247F
:10CE7000214430464A6842F001024A6054F8082FC3
:10CE8000D3609A6000F01EF98CE6A4443046DCF8CA
:10CE9000043043F00103CCF8043000F013F90834F7
:10CEA00080E6E80805F1080364E6621943F0010131
:10CEB00045F0010565603046C7E90422C2E90288F1
:10CEC000516044F80C3000F0FDF808346AE64FEA8F
:10CED0009C1202F13903DB00383283E7BC4228D0D0
:10CEE000BC68626847E703F15C0003F15B0EC300B6
:10CEF00075E65AF80839534540F0D98010F0030F11
:10CF000000F1FF30F5D17B6823EA0C037B604FEA28
:10CF10004C0C9C453FF6E2AEBCF1000F04D1DDE6BF
:10CF20004FEA4C0C09F104091CEA030FF8D04846FB
:10CF3000ADE6604B186808EB000C0BF1FF31C3F84D
:10CF400000C0106801306ED0009AAAEB0202624461
:10CF50001A601AF00702CDE9002340D0C2F108029E
:10CF60009244D04408EA01005A44121A02EA010B22
:10CF70005946304601F0DAFF421C019B6FD0A0EB0E
:10CF80000A0000EB0B081868C7F808A048F0010277
:10CF90005844BC42CAF8042018603FF4E1AEB9F12D
:10CFA0000F0F43D96168A9F10C0222F0070201F0CA
:10CFB0000101114361604FF0050CA1180F2AC1E96E
:10CFC00001CC54D8DAF80420CAE692104FF0010CD4
:10CFD0000CFA02F24EEA020EC7F804E011E70AEB7F
:10CFE00008020A40ABEB020202EA010B5946304646
:10CFF00001F09CFF431C019BC1D1DDF800B0C2E7EA
:10D00000542A17D84FEA1C3202F16F03DB006E324C
:10D01000E8E6B3F5AA7F17D8EB0B03F1780003F12C
:10D02000770EC300DBE5C2F800A092E70123CAF83F
:10D030000430A8E6B2F5AA7F24D84FEADC3202F128
:10D040007803DB007732CDE640F25452934224D885
:10D05000AB0C03F17D0003F17C0EC300BFE5009A29
:10D06000083A9044A8EB0A084FF0000B8BE73046D3
:10D0700004F108010093FFF771FC009BD7F808A0AA
:10D0800018689FE740F254539A420CD84FEA9C42EA
:10D0900002F17D03DB007C32A4E64FF47E737F2037
:10D0A0004FF07E0E9BE54FF47E737E229AE67B68FE
:10D0B0002DE700BFCC9300240148FFF7DFBB00BF82
:10D0C000BC9300240148FFF7DBBB00BFBC930024E6
:10D0D0002DE9F04FD9B00C46099115460B938346C4
:10D0E00001F020FF036816931846F3F729FC00218E
:10D0F0001490082228A8FFF7B3FAA389190603D5CC
:10D100002369002B00F05E879FED7F7B0023CDE934
:10D110002D33CDE917338DED107B2FAA0E932C9272
:10D12000144615931C93199306932E46B246784BDA
:10D13000D3F8E45001F0F0FE28AA0346009224A997
:10D1400052465846A847002800F0B180C0F2A78098
:10D15000249A252A034601D09A44E8E7BAEB060749
:10D16000054640F0A880002319464FF0FF328DF8A5
:10D17000873007930AF1010A9AF80030059204916A
:10D180000AF1010AA3F120025A2A00F2C380DFE863
:10D1900012F0F402C100C100ED02C100C100C100E3
:10D1A0006A00C100C1003F025102C1004A020603E9
:10D1B000C100FF025B005B005B005B005B005B008B
:10D1C0005B005B005B00C100C100C100C100C10089
:10D1D000C100C1003B01C100BE01D3023B013B01C4
:10D1E0003B01C100C100C100C100CC02C100C100AF
:10D1F0008802C100C100C100E801C1005702C1009E
:10D20000C100B206C100C100C100C100C100C1001F
:10D21000C100C1003B01C100BE011A023B013B013C
:10D220003B01A0021A027F00C100C202C100B3028A
:10D23000D80622037F00C100E8017C00AE06C100D1
:10D24000C100DB06C1007C00A3F1300200211AF806
:10D25000013B01EB810102EB4101A3F13002092AFC
:10D26000F5D907918EE7584601F05CFE43681993A3
:10D270001846F3F765FB1C900546584601F052FE30
:10D2800083681793002D40F0B7859AF8003077E750
:10D29000049B43F0200304939AF8003070E70822BF
:10D2A000002128A8FFF7DCF901239A443FE7BAEBF5
:10D2B0000607054610D02E9B3B442E932D9B013331
:10D2C000072BC4E900672D9315DC0834069B3B440B
:10D2D0000693002D7FF447AF2E9B002B41F09381E6
:10D2E000099B9B8903F04003002B41F09283069831
:10D2F00059B0BDE8F08F09992CAA584601F086FC78
:10D300000028EDD12FACE1E7000000000000000094
:10D31000400600240C93002BDED000228DF8FC3058
:10D3200001238DF8872002930A92089305921292A6
:10D330000F920D923FAE049B13F0020302D00299AC
:10D340000231029104992E9D11F0840805D10799AC
:10D3500002980F1A002F00F3A1806AB101226260C7
:10D360002D9A013201350DF18701072A2E952D9254
:10D37000216000F3DB8308346BB12D9B22AA0133BB
:10D3800002352260072B4FF002022E952D9362602A
:10D3900000F3C1830834B8F1800F00F0C482059B0C
:10D3A000089A9F1A002F00F3FE82049BDA0500F111
:10D3B0002482089B63601D442D9B26600133072B4C
:10D3C0002E952D9300F33F830834049B5A0705D50F
:10D3D000079B029A9E1A002E00F3B583DDE9063200
:10D3E00002998A42ACBF9B185B180693002D40F04F
:10D3F0000B8300232D930A9B1BB10A995846FFF714
:10D40000ADFA2FAC564691E60C930B9B073323F0F5
:10D410000703B3EC027B58EC177B0B9328F0004317
:10D420001B938DED1A7ADDE91A01AF4B4FF0FF32F5
:10D430008DED107BF3F78AFD002840F00285DDE9D1
:10D440001A01A94B4FF0FF32F3F762FD002840F0BC
:10D45000F8840022002338464146F3F74FFD0028A8
:10D4600041F021809DF88720049BA04E23F080038B
:10D4700004939F4B0C994729D8BF1E4600230321D4
:10D480000A9302910891059312930F930D93002A2A
:10D490003FF451AF029B013302934CE795492D9A1B
:10D4A0001391102F25DD21462846099C914D1D938F
:10D4B0004FF0100904E0103F102F01F1080115DDB5
:10D4C00001321030072AC1E90059CDE92D20F2DDE3
:10D4D0002CAA2146584601F099FB002840F09C8276
:10D4E000103F102FDDE92D202FA9E9DC1D9B0C46F4
:10D4F00005460132139921603D44072ACDE92D25C7
:10D50000676000F3D4869DF88720083425E70B9ADE
:10D510000C93432B02F1040503D0049BDA0640F17F
:10D520001785082200212AA8FFF79AF80B9B3FAE27
:10D530001A6831462AAB584603F060F903460133B6
:10D54000089001F06182089B23EAE37302930022B2
:10D550000B958DF887200A92059212920F920D92E8
:10D56000E9E60B9F0C9357F8046B00238DF8873086
:10D57000002E00F016850C9B532B00F0BF86049BF9
:10D5800013F010030D9340F0B986059B002BC1F2F8
:10D5900045800D991A463046F3F772F90A90002833
:10D5A00001F066820A9B991B0D9B0891059321EA65
:10D5B000E17112930F930A9373239DF887200B97C1
:10D5C00002910C9363E70C93049B9B0640F1BD8092
:10D5D0000B9B073323F007031A46596852F8083BA0
:10D5E0000B920A460029C0F2CA8305990029C0F2AD
:10D5F0008382049921F0800553EA020140F07D8284
:10D60000059A002A40F07E820495089258AE60E1A7
:10D610000B9B53F8042B0792002A80F2DA83079AB7
:10D620000B9352420792049B43F0040304939AF82D
:10D630000030A5E52B238DF887309AF800309FE560
:10D640000C93049B43F0100515F0200200F0728348
:10D650000B9B073323F0070319465A6851F8083B20
:10D660000B9101210020059E8DF88700002EC0F24D
:10D67000198125F08000049053EA020040F01181E6
:10D68000002E40F02486002940F0808315F001032D
:10D69000089300F0A38330238DF85F310DF25F16FD
:10D6A00017E10C93049B43F010030493049B13F0C5
:10D6B000200200F055830B9B073323F00703194624
:10D6C0005A6851F8083B0B91049921F480650021B8
:10D6D000C8E79AF80030682B00F04E84049A42F0B4
:10D6E000400204924CE500BFFFFFEF7FF82D0108D8
:10D6F000F42D010824320108049B9D0640F190831B
:10D700000B9B069A1B681A60D2175A600B9B043356
:10D710000B9356460AE59AF800306C2B00F02284F1
:10D72000049A42F0100204922AE5049B43F0080395
:10D7300004939AF8003023E50C93049B43F0100304
:10D740000493049B9B063FF543AF04990B9ACF06C5
:10D7500052F8043B00F14B8304994E0640F1438696
:10D760000B9243F3C03211461BB23BE7049B43F0DC
:10D77000010304939AF8003002E59DF887209AF897
:10D780000030002A7FF4FCAC20228DF88720F7E4DB
:10D79000049B43F0800304939AF80030F0E4504671
:10D7A00010F8013B2A2B01F0E581A3F13002092A90
:10D7B00098BF002101F2E48010F8013B01EB8101E8
:10D7C00002EB4101A3F13002092AF5D941EAE172E5
:10D7D00005928246D6E40B9A049B43F0020552F868
:10D7E000043B0B9247F63002ADF8882078209B4A24
:10D7F0001592022100220C9034E70C9B652B40F31C
:10D800003381DDE9100100220023F3F76DFB0028CE
:10D8100000F0D2812D9B924A226001330135012212
:10D82000072B2E952D93626000F35C850834239BB3
:10D830000E9A934280F2C882149B169A1D44C4E942
:10D8400000232D9B2E950133072B2D9300F39E83F0
:10D8500008340E9B5E1E002E7FF7B7AD102E2D9B59
:10D86000DFF8009240F3E580DDF82480102704E023
:10D870000834103E102E40F3DC8001331035072BA6
:10D88000C4E90097CDE92D35F2DD2CAA4146584672
:10D8900001F0BCF9002840F0BF80DDE92D352FAC48
:10D8A000E7E7049D012900F02881022958AE1FD125
:10D8B000159803F00F011B09415C06F8011D43EAAE
:10D8C0000273120953EA0201F3D158AB9B1B049572
:10D8D0000893059908989DF8872081424FF000032E
:10D8E000B8BF01460A93029112930F930D93CEE5B0
:10D8F00003F00701DB0843EA4273D208303153EAF0
:10D900000207304606F8011DF2D1EF07DDD53029B8
:10D91000DBD03023023806F8013C58AB1B1A0495C3
:10D9200008930646D5E7079B029A9F1A002F7FF7B8
:10D9300036AD102F2D9BDFF82C9122DD2A464FF0BB
:10D9400010084D46DDF8249004E0103F102F04F13C
:10D95000080414DD01331032072BC4E90058CDE967
:10D960002D32F2DD2CAA4946584601F04FF9002825
:10D9700052D1103F102FDDE92D322FACEADCA94641
:10D98000154601333D44072BCDE92D35C4F80090F1
:10D99000676000F3DB84059B089A9F1A002F04F14F
:10D9A00008047FF702AD102F2D9BDFF8B8901FDD24
:10D9B0002A464FF01008099D04E0103F102F04F193
:10D9C000080414DD013327491032072BC4E900187D
:10D9D000CDE92D32F1DD2CAA2946584601F016F981
:10D9E000D0B9103F102FDDE92D322FACEADC1546FF
:10D9F00001333D44072BCDE92D35C4F80090676015
:10DA000000F38C810834D0E409992CAA584601F01F
:10DA1000FDF800283FF4EDAC0A9B002B3FF460AC0E
:10DA20000A995846FEF79AFF099B9B8903F0400329
:10DA30005AE401333544072BC4F800906660CDE901
:10DA40002D357FF7C1AC09992CAA584601F0DEF8B4
:10DA50000028E1D12E9D2FACB7E400BF042E0108B1
:10DA6000342E0108143201080E9B2D9F012B05F165
:10DA7000010507F1010704F1080840F30B810123B8
:10DA8000072FCDE92D752660636000F38381149B19
:10DA9000169A01371D44072FC8E90023CDE92D75DB
:10DAA00000F3858108F108080E9BDDE910015C1E7A
:10DAB00000220023F3F718FA002840F00481013710
:10DAC00001362544072FCDE92D75C8F80060C8F848
:10DAD000044000F3EB8008F10808189BC8F80430F4
:10DAE00001371D44072F26ABCDE92D75C8F800304E
:10DAF000A9DC08F1080468E4049D0A2B72F1000116
:10DB000080F05E8330338DF85F31012304950893F4
:10DB10000DF25F16DDE609992CAA584601F076F859
:10DB200000287FF479AF2E9D2FAC34E4099913932C
:10DB30002CAA584601F06AF800287FF46DAF2E9D9C
:10DB4000139B2FAC18E4B44A2D9B1392102E1FDDAB
:10DB5000DDF824801027914604E0103E102E04F1D9
:10DB6000080415DD01331035072BC4E90097CDE912
:10DB70002D35F2DD2CAA4146584601F047F8002821
:10DB80007FF44AAF103E102EDDE92D352FACE9DCD5
:10DB90000133139A3544072BC4E90026CDE92D350E
:10DBA0007FF71CAC09992CAA584601F02FF80028E1
:10DBB0007FF432AF2E9D11E42399002940F3518365
:10DBC000DDE90D329342A8BF1346002B98460ADDCB
:10DBD0001D44C4E900632D9B2E950133072B2D9323
:10DBE00000F3618608340D9FB8F1000FA8BFA7EBC2
:10DBF0000807002F00F3F5810D9B33440593049B28
:10DC00005F0500F11582239B0E9A9342C0F2A08219
:10DC1000049AD00700F19C820E9AB718D61A059B79
:10DC2000FF1AB742A8BF3746002F0ADD23602D9B9D
:10DC3000676001333D44072B2E952D9300F36586D5
:10DC40000834002FA8BFF61B002E7FF7BEAB102EA6
:10DC50002D9BDFF8C8917FF7ECAEDDF8248010270C
:10DC600004E00834103E102E7FF7E3AE0133103588
:10DC7000072BC4E90097CDE92D35F2DD2CAA4146EA
:10DC8000584600F0C3FF00287FF4C6AEDDE92D350D
:10DC90002FACE7E7049BD9073FF5F1AE0123072F2F
:10DCA000CDE92D75266063607FF717AF09992CAA1F
:10DCB000584600F0ABFF00287FF4AEAEDDE92D75CD
:10DCC0000DF1BC0809E70E9B012B7FF706AF112B66
:10DCD000DFF8489140F35C83CDF814A01026CA46C3
:10DCE000DDF8249005E008F10808103C102C40F302
:10DCF0004C8301371035072FC8E900A6CDE92D75F3
:10DD0000F1DD2CAA4946584600F080FF00287FF438
:10DD100083AEDDE92D750DF1BC08E6E709992CAA63
:10DD2000584600F073FF00287FF476AE2E9D2FAC8E
:10DD3000FFF73BBB0B9915F0100051F8043B0CD1D9
:10DD400015F0400604D00B919BB20246012189E4F4
:10DD500015F400721CBFDBB232460B91012181E445
:10DD600004980B9910F0100051F8043B3DD1049A2F
:10DD700012F0400534D09BB202460B91A4E45B4202
:10DD8000049D62EB42022D2001216CE4059B089367
:10DD900058AE9EE509992CAA584600F037FF002896
:10DDA0007FF43AAEDDE92D750DF1BC086FE60999F7
:10DDB0002CAA584600F02AFF00287FF42DAEDDE99A
:10DDC0002D750DF1BC086FE6049BDB077FF5FDAAFE
:10DDD00032E50B939AF80030FFF7D2B958AE78E5E8
:10DDE000049A12F4007240F009840B916CE40B92D7
:10DDF000DA171146FFF7F6BB179A9AF80030002A97
:10DE00003FF4BEA91278002A3FF4BAA9049A42F45A
:10DE100080620492FFF7B4B9243201081432010879
:10DE2000049BD80600F1AB82049B590600F1E08305
:10DE3000049B9A0540F1A3820B9B069A1B681A70FB
:10DE400064E4DDE9100102460B46F3F77FF8002891
:10DE500040F01E860C9B612B00F03185412B00F0B9
:10DE60004E85059B013300F002840C9B23F02003B8
:10DE7000472B00F0E1850A90DDE91001049A0029A2
:10DE800042F48079C0F2F9849DED107B8DED1E7B0C
:10DE9000002313930C9B413B252B00F22583DFE8E5
:10DEA00013F02904230323032303EA03B504230304
:10DEB0002303230323032303230323032303230332
:10DEC0002303230323032303230323032303230322
:10DED0002303230323032303230323032303230312
:10DEE00023032904230323032303EA03B504049D26
:10DEF0000C93FFF7A9BB0C93AD4B1593049B13F048
:10DF0000200200F033810B9B073323F007031946EF
:10DF10005A6851F8083B0B910498C1070BD553EA96
:10DF2000020108D00C998DF8891040F0020104918B
:10DF300030218DF88810049921F480650221FFF7C3
:10DF400091BB0C93FFF7B2BB0C939A4B1593D5E79B
:10DF50000B9B1B688DF8FC300123029308933FAEA6
:10DF6000FFF7F5BA049B43F0200304930AF1010A7A
:10DF70009AF80030FFF704B9049B43F4007304934C
:10DF80000AF1010A9AF80030FFF7FAB809992CAAA9
:10DF9000584600F03BFE00287FF43EAD2E9D2FAC8E
:10DFA00057E4059B0A96062B314628BF06230596A3
:10DFB00032460293804E0B97089312910F910D9168
:10DFC000FFF765BA40215846FEF7C4FD099B18606B
:10DFD0001861002800F00386099A40235361FFF777
:10DFE00093B8102F2D9BDFF8D49140F30B82494654
:10DFF0002A46B146099D4FF010080E4604E0083449
:10E00000103F102F40F3FA8101331032072BC4E97F
:10E010000068CDE92D32F2DD2CAA2946584600F0E1
:10E02000F5FD00287FF4F8ACDDE92D322FACE7E7F1
:10E030000E9BCDF830A006EB03090F9BDDF85CA02A
:10E04000DDF848800D96002B22462946059C099D47
:10E05000CDF81490DDF8709031DDB8F1000F40F389
:10E060003B8108F1FF382D98199B0130494407285E
:10E07000C2E900392E912D9000F387800832059B6C
:10E080009AF800001F1B8742A8BF0746002F0CDD2F
:10E090002D98013039440728C2E900472E912D9070
:10E0A00000F360819AF800000832002FACBFC61B55
:10E0B0000646002E16DC04440F9B002BCDDCB8F185
:10E0C000000FCEDCDDE90D632046F31898421446BC
:10E0D000024628BF1A46CDF85CA00D46DDF830A0F8
:10E0E000059290E5102E2D98344B23DD08941027CF
:10E0F00034461E4604E0103C102C02F1080216DDE6
:10E1000001302E4B10310728C2E90037CDE92D012F
:10E11000F1DD2CAA2946584600F078FD00287FF44E
:10E120007BAC103C102CDDE92D012FAAE8DC334636
:10E130002646089C1360013031440728CDE92D01A3
:10E14000566000F3A2839AF8000008320444B3E753
:10E15000149A16991544C4E900122D9A2E9501328D
:10E16000072A2D9200F3BE83083455E504980B99D5
:10E1700010F0100051F8043B17D1049A12F040053A
:10E180000ED09BB202460B91C6E62CAA29465846F1
:10E1900000F03CFD00287FF43FAC2E992FAA6EE7DB
:10E1A000049A12F4007240F01F820B91B4E600BF93
:10E1B000182E0108042E01082C2E01081432010823
:10E1C00000210894DFF81C93179CCDF810A005F4EB
:10E1D000806758AE4FF0050802958C4605E00A2B83
:10E1E00072F1000234D353462A46991841F10001D6
:10E1F000A9FB010525F0030000EB9500091A581A48
:10E200004FF0CC3562F1000E05FB00F5A0FB09A034
:10E2100009FB0E550AF0010E0544AEFB080E40182E
:10E220004FEA5A0A303006F8010C4AEAC57A0CF176
:10E23000010C013E6D08002FD1D021788C45CED144
:10E24000BCF1FF0FCBD00A2B72F1000280F0E78007
:10E250001794DDF810A0029D089CCDF838C0FFF798
:10E2600034BB2D9B9E4A2260013301350122072BCE
:10E270002E952D93626000F31B810834002940F035
:10E280009380049B0E9A03F0010313433FF49DA86F
:10E29000149B169A1D44C4E900232D9B2E9501332F
:10E2A000072B2D9300F3D68104F108028DE0099924
:10E2B00013932CAA584600F0A9FC00287FF4ACABBD
:10E2C0009DF887202E9D139B2FACFFF746B80129A0
:10E2D000049D7FF4EAAA15E40F9B013B0AF1FF3A83
:10E2E0000F93C0E609992CAA584600F08FFC00282D
:10E2F0007FF492AB2E9D2FACFFF799BA0DF1A808D1
:10E300000822002140462596FEF7AAF9059B002B1E
:10E31000C0F292800025029799462F460EE03FA951
:10E32000584602F06BFA431C384400F08F8348458E
:10E3300009DC05F1040500F0BD830746259A525912
:10E340004346002AEBD10897029F83E009992CAA43
:10E35000584600F05BFC00287FF45EAB2E9D2FAC8E
:10E36000FFF71DB82CAA2946584600F04FFC00289C
:10E370007FF452AB9AF800002E992FAA95E60B9BDA
:10E38000069A1B681A60FFF7C1B9D146DDF814A0E0
:10E39000C8F8009001372544072FCDE92D75C8F83E
:10E3A00004407FF798AB81E4149B169A1D44C4E99E
:10E3B00000232D9B2E950133072B2D9300F34A81CB
:10E3C00004F108020029C0F2E0820E9916600133C0
:10E3D0000D44072BCDE92D3551603FF734AB02F1E9
:10E3E0000804FEF7F2BF04990B928D054ABF43F370
:10E3F000C012DA175BB21146FFF7F4B81546324681
:10E400004E46914601333D44072BCDE92D35C4F8E6
:10E410000090676000F312810834FFF7EDBB1C9B8E
:10E420001999F61A1A46304600F042FD637803B196
:10E4300001344FF0000CD6E600231946CDF80080D9
:10E4400025AA584602F000FA03460133089000F06E
:10E45000FD822596089B002B36D0632B00F3E480C9
:10E4600000230A933FAE082200214046FEF7F8F849
:10E47000089DCDF800802B4625AA3146584602F06B
:10E48000E3F9854240F0A58308990B970023735464
:10E4900021EAE1719DF887200593029112930F9371
:10E4A0000D93FEF7F4BF2D228DF88720FEF7DCBF19
:10E4B00009992CAA584600F0A9FB00287FF4ACAAC1
:10E4C00023992E9D2FACD9E6089B9DF887200B97AA
:10E4D0000293059312930F930D930A93FEF7D7BF00
:10E4E000342E0108CDCCCCCC2AAB019325AB0093C4
:10E4F000022123AB9DED1E0B059A584600F054FEF9
:10E50000049BD907064600F1FC812A9B1B1A0E9337
:10E51000239B0D930D9BDA1C03DB059A9A4280F234
:10E520008B810C9B023B0C930D9B013B9DF8302093
:10E5300023930021002BB8BF0D9B8DF89820BABF04
:10E54000C3F101032D222B22092B8DF8992040F3D2
:10E5500065820DF1AF05B34F2A461046A7FB0312A3
:10E56000D20802EB8201A3EB4101303100F8011C1B
:10E5700019466329134600F1FF32EEDC303302F80E
:10E58000013C831EAB4280F021830DF1990213F808
:10E59000011B02F8011FAB42F9D158AB181AA0F1C8
:10E5A000AD0318930E9B189A012B1A44089240F35E
:10E5B0005882089B149A13440893049B089A23F4E6
:10E5C000806343F48073049322EAE272002312937F
:10E5D00002920F930D93139B002B40F01B819DF82B
:10E5E00087200593FEF753BFDBB22A460B9193E4D5
:10E5F0000B9B069A1B681A80FFF788B8DBB22A4685
:10E600000B91FFF761B8099C2CAA2146584600F0EF
:10E61000FDFAA38903F04003FEF766BE3046F2F729
:10E620008FF90146FEF7C0BF591C5846FEF792FA13
:10E630000646002800F0DB820A9014E709992CAA0C
:10E64000584600F0E3FA00287FF4E6A92E9D2FAC8F
:10E65000FFF7D2BA09992CAA584600F0D7FA002839
:10E660007FF4DAA9DDE92D3523992FAAAAE606233E
:10E670000A90059300E4059B022103F101082AABEF
:10E68000019325AB00939DED1E0B23AB42465846EC
:10E6900000F08AFD0C9B23F02007462F064600EB76
:10E6A000080518BF452705D13378302B00F03C8191
:10E6B000239B1D44DDE91E0100220023F2F714FC18
:10E6C000002840F059812A9BAB4206D230215A1CC7
:10E6D0002A9219702A9B9D42F9D8239A0D929B1B6E
:10E6E000472F0E933FF416AF462F00F02B810D9B62
:10E6F000013B1BE723A89DED1E0B00F04BFC002205
:10E700004FF07F5351EC100BF2F786F902460B469F
:10E71000CDE9022300220023F2F7E6FB08B1012332
:10E720002393059B404A0C98CDF820A0591E3F4BDF
:10E730000D96612808BF1A463746A0460592DDE9C6
:10E7400002458A46164609E0002200230AF1FF39F5
:10E75000F2F7CAFB002840F0BB81CA46344B0022C6
:10E7600020462946F2F758F90D460446F2F704FC14
:10E770008146F1F717FF02460B4620462946F1F77E
:10E78000C3FD16F80930BAF1FF3F3A46044607F8D0
:10E79000013B0D46D8D1CDE90245264BDDF820A03E
:10E7A0000D9E4446904600224D46F2F7C5FB0028D8
:10E7B00000F0FF81059BCDF8A880D97B17F8012CCC
:10E7C00091423B4609D1302003F8010C2A9B5A1E86
:10E7D0002A9213F8012C9142F6D0392A0BBF059AE0
:10E7E0000132927AD2B203F8012C3B469B1B0C9A61
:10E7F0000E93239B0D93612A03F1FF33239300F0C3
:10E80000B381412150220C91012193E6DDF814805F
:10E81000032134E72D2200238DF887200593FEF78E
:10E8200039BE00BFCDCCCCCC182E0108042E010877
:10E83000000030400000E03FDDE90D23934200F38B
:10E84000C480049B13F0010F0D9B00F00F81149AFC
:10E8500013440893049B5F0503D50D9B002B00F325
:10E860004781089B23EAE373029367230C930023F9
:10E87000CDF8109012930F93ADE601F100431F9372
:10E880002D231E901393FFF705BB2CAA294658464B
:10E8900000F0BCF900287FF4BFA89AF800002E9978
:10E8A0002FAA044408E409992CAA584600F0AEF9AE
:10E8B00000287FF4B1A82E9D2FACFFF794B97823E0
:10E8C0008DF88930049B43F00203049330238DF8C4
:10E8D0008830059B632B00F38E8000230A933FAEA4
:10E8E000FFF7CABA09992CAA584600F08FF90028F8
:10E8F0007FF492A8239B2E9D2FACFFF78DB9582350
:10E90000DEE7059B4727C518D4E609992CAA584687
:10E9100000F07CF900287FF47FA8239E0E9B2E9D9B
:10E920009E1B2FACFFF78DB9DDE91E0100220023ED
:10E93000F2F7DAFA002800F01981239B0D931D44A9
:10E94000AB1B0E93049B0D99059A03F0010300295C
:10E9500043EA020340F31A81002B40F0F2800D9B42
:10E96000089366230C93049B5B0500F1C380089B0E
:10E9700023EAE37302937AE7239A0D922B46AEE6DD
:10E98000002282460592FEF7FDBB4F421031DFF8B0
:10E990007892B8BF102404DB21E00832103F102F1A
:10E9A0001DDD01331035072BC2E90094CDE92D356B
:10E9B000F3DD09992CAA584600F028F900287FF4C5
:10E9C0002BA8DDE92D352FAAE8E70E9B149A9A189B
:10E9D0000D9B0892002B71DD67230C93C3E7013375
:10E9E0003D44072BCDE92D35C2F80090576000F368
:10E9F000AF800832E9E4591C5846FEF7ABF80646EA
:10EA000010B10A90FFF738BA099A938943F040038E
:10EA100093814FF0FF330693FEF769BC002934D190
:10EA200030228DF89A200DF19B02303302F8013B21
:10EA300026ABD31A1893B5E5059B002B7FF41BAAD0
:10EA4000059B0A9301230593FFF716BA099BB3F9B7
:10EA50000C3000220A9243F04003099A9381FEF79A
:10EA6000DBBF049BDB077FF5A8ADA2E50893F1E6C9
:10EA7000059B0293089373239DF887200B970590BD
:10EA800012900F900C93FEF702BD0DF19A02CCE7A5
:10EA9000119B5A4E002B049BA8BF9DF8872023F0A2
:10EAA0008003B8BF2D220493B8BF8DF88720544B44
:10EAB000FEF7E0BC059B029F0893CBE4C3F1010382
:10EAC0001A4422EAE2730293672308920C93CEE67B
:10EAD00051460029DDF820A00D9E4446FFF685AE84
:10EAE0004B1C3B44302207F8012B9F42FBD17DE6B3
:10EAF00067230C9317990B78FF2B74D000250D9A80
:10EB0000284603E001300131FF2B08D0934206DA9A
:10EB1000D21A4B78002BF5D10B780135F4E7179119
:10EB20000D920F901295129A0F9B1C99CDF8109090
:10EB30001344089A01FB0323089323EAE373029327
:10EB400049E5149B1A445318089366230C930AE76B
:10EB500009992CAA584600F059F800287EF45CAFB9
:10EB6000DDE92D352FAA30E470224DE6C8F101030E
:10EB700023939EE50B9A9AF8013052F8041B0B92EE
:10EB800041EAE17182460591FEF7FABA2BB90123F9
:10EB9000662202930C92089369E6149B03F1010824
:10EBA000059B4344089323EAE373029366230C9383
:10EBB0005DE6DDE90201134B0022F2F795F900282A
:10EBC0003FF413AEE8077FF510AEF3E50223189388
:10EBD000E8E4099BB3F90C3043F040033DE70C2314
:10EBE000CBF8003015E7002312930F939BE7099BA6
:10EBF0000A90B3F90C3043F040032EE7002E0108D1
:10EC0000FC2D01080000E03F143201082DE9F84313
:10EC1000154692682C68FAB180468946083401E0AE
:10EC20000834CFB16B68591E002B1746696013DD9D
:10EC300054F8046C002EF3D0334654F8082C49469F
:10EC4000404601F00DFE431C07D0AA68921B1746F0
:10EC5000AA600834002FE5D100200023C5E9013364
:10EC6000BDE8F88370B500293FD006460C4610B1C8
:10EC7000436B002B3CD0636EB4F90C20DD0732D41B
:10EC8000900538D52146304600F04CF8E36A054639
:10EC900033B1E169304698470028B8BF4FF0FF35DF
:10ECA000A3891A0639D4216B41B104F1400399427A
:10ECB00002D03046FDF752FE00232363616C21B180
:10ECC0003046FDF74BFE00236364FDF737FC636EAF
:10ECD0000022DB07A2811CD5A06DFDF7CDFDFDF75D
:10ECE00033FC284670BD002ACCD10025284670BDD3
:10ECF000FDF706FCBFE7A06DFDF7C0FDB4F90C30D1
:10ED0000002BBFD1636ED907EFD4A06DFDF7B8FD1E
:10ED1000EBE7A06DFDF7B4FDDEE721693046FDF7B6
:10ED20001DFEC0E7B1F90C202DE9F04116070C4695
:10ED300080464ED4496842F400630029A38163DD14
:10ED4000A56A002D42D0002112F48052D8F800604C
:10ED5000C8F80010E16964D101234046A847451C6A
:10ED600002466ED0B4F90C30A56AE169580705D5A2
:10ED70006368D21A236B0BB1E36BD21A00234046AF
:10ED8000A847431C4FD1D8F80010B4F90C301D2906
:10ED900040D8314ACA40D7073CD52269226023F4C3
:10EDA0000062A281DD044FF00002626001D50029FB
:10EDB00045D0216BC8F8006041B104F1400399428D
:10EDC00002D04046FDF7CAFD002323630020BDE8C2
:10EDD000F0810E69002EF9D00D680E6092070CBF0D
:10EDE0004B690023AD1B8B600BE02B463246E1697B
:10EDF000676A4046B847B0F1000CA5EB0C056644C5
:10EE000006DD002DF1DCE1E7E16B002998DCDDE7B0
:10EE1000B4F90C3043F04003A3814FF0FF30BDE85C
:10EE2000F081226DA2E7B4F90C302269226023F44C
:10EE30000062A281DB044FF000026260B9D5206558
:10EE4000B7E7D8F80030002B8CD01D2B01D0162B43
:10EE5000DED1C8F80060B9E70100402038B50C46A3
:10EE6000054608B1436B03B3B4F90C0088B1636E77
:10EE7000DB0701D481050FD528462146FFF752FF55
:10EE8000636EDA07054602D4A3899B0508D5284698
:10EE900038BD0546284638BDA06DFDF7EFFCEBE711
:10EEA000A06DFDF7EDFC284638BDFDF729FBDBE73B
:10EEB00040EA01039B0710B501D1032A17D8844605
:10EEC00001F1FF3E07E01EF8011F03F8011B541E6D
:10EED00029B19C4622466346002AF4D110BD9444D1
:10EEE000002CFBD003F8011B6345FBD110BD8E46FF
:10EEF0008446DEF80040A4F1013323EA040313F052
:10EF0000803F71460EF1040EDAD1043A032A4CF820
:10EF1000044BEED87146D3E7014B93F828017047B4
:10EF200040060024004870473007002438B5074DDC
:10EF30000022044608462A60F2F7E6FE431C00D091
:10EF400038BD2B68002BFBD0236038BDB89300245C
:10EF500038B5074D074C2C1BA41005D0013C55F8C3
:10EF6000043D9847002CF9D1BDE8384003F026BE97
:10EF7000B4340108B0340108082802D14FF480509D
:10EF8000704708B5FDF748FC162303604FF0FF30CB
:10EF900008BD00BF70B555EC104B0646134825F070
:10EFA00000430021834231601DD8204618431AD007
:10EFB0000F4828402A4658B90E4B002220462946C1
:10EFC000F1F72AFD0A4621F0004304466FF03501AF
:10EFD0001B156FF31E52A3F2FE3342F07F550B4414
:10EFE00045F40015336045EC104B70BDFFFFEF7F1B
:10EFF0000000F07F000050432DE9F8431B4D06460A
:10F00000286898460F469146FDF738FC184B1C6857
:10F010001CB3286865681F2D22DC4EB96B1C0235B5
:10F02000636044F82570FDF72BFC0020BDE8F883F1
:10F0300004EB85010123C1F88890D4F88821AB4006
:10F040001A43022EC4F88821C1F80881E6D1D4F809
:10F050008C211A43C4F88C21E0E7064C1C60D8E7E9
:10F06000FDF70EFC4FF0FF30E0E700BF2802002460
:10F07000C8930024009400242DE9F04F03690C6923
:10F08000A34283B0C0F28A80013C01F1140500F173
:10F09000140855F8243058F8242001339A428E463B
:10F0A00081464FEA840105EB840708EB840AB2FB32
:10F0B000F3F63AD3CDE900150022AC46404613469C
:10F0C0005CF8041B05681FFA81FB06FB0B22090C88
:10F0D0004FEA124B06FB01BB92B2A9B2891A19443E
:10F0E0001FFA8BF3C3EB214303EB154389B241EACB
:10F0F0000341674540F8041B4FEA1B424FEA234394
:10F10000DED2DDE9001558F8013073B9AAF1040A1E
:10F11000D04504D307E0D04504F1FF3403D25AF8B8
:10F120000439002BF7D0C9F810407146484601F069
:10F1300019FA00282EDB4146002255F8040BD1F8BD
:10F1400000C01FFA80FE1FFA8CF3A3EB0E031344DA
:10F15000020CC2EB234202EB1C429BB243EA024385
:10F16000AF4241F8043B4FEA2242E6D258F824204D
:10F1700008EB84036AB9043B434504D807E098458B
:10F1800004F1FF3403D253F80429002AF7D0C9F858
:10F1900010400136304603B0BDE8F08F002003B0C8
:10F1A000BDE8F08F000000002DE9F04F9DB0CDE9E3
:10F1B0000A320291816B269D04908DED060B57EC6F
:10F1C000106B49B1C26B4A600123934004468B60C7
:10F1D00000F066FF0023A363B7F10009B4BF012369
:10F1E00000232B60764BBCBF29F00049CDF81C9062
:10F1F00033EA090300F0AA809DED067B002251EC62
:10F20000170B00238DED007BF1F76EFE804668B191
:10F210000A9A01231360279B13B1279A694B136045
:10F22000694B059305981DB0BDE8F08F9DED000B6F
:10F2300004981AAA1BA901F073FA5FEA19558246CD
:10F2400040F09A80DDE91A85454405F23243202BCF
:10F2500040F38A83C3F1400309FA03F905F212432C
:10F2600026FA03F349EA0300F1F78CF90123013D83
:10F27000A1F1F8711293554B0022F1F745F84AA31A
:10F28000D3E90023F1F7C8FB49A3D3E90023F1F741
:10F290003DF8064628460F46F1F784F946A3D3E920
:10F2A0000023F1F7B9FB02460B4630463946F1F729
:10F2B0002DF806460F46F1F75FFE0022044609903E
:10F2C000002330463946F1F719FE002840F022832A
:10F2D000099CA8EB050808F1FF33162C089300F2EF
:10F2E0008A813B4B03EBC403D3E90023DDE9000132
:10F2F000F1F704FE002871D0631E099300231193D7
:10F30000089B002BC0F27D8100230C93099B002BEE
:10F310006ADA099B0C9A0D93D21A0C925A42002376
:10F320000993029B1092092B68D8052B40F3218387
:10F33000043B02930025029B023B032B00F236861E
:10F34000DFE813F06E046B04630447040A9AC9F300
:10F35000130942F20F7359EA060913601CD1279B67
:10F36000002B00F043861B4B05930833279A059822
:10F3700013601DB0BDE8F08FDDE90012C2F3130386
:10F38000084643F07F51CDF84880A5F2FF35DDF8FF
:10F39000688041F440116EE7279B002B40F0F48316
:10F3A0000D4B05933EE700BF61436F63A787D23FD4
:10F3B000B3C8608B288AC63FFB799F501344D33F64
:10F3C0000000F07F352E0108342E01080000F83FC0
:10F3D00068320108802E01088C2E0108B8F1000F58
:10F3E00040F3A38411900C90DDE908321344089394
:10F3F00000231093029B0D92092B96D9002301251F
:10F4000002930E954FF0FF3B0B93049BCDF84CB04D
:10F410000021D963049800F01DFE0590002800F03B
:10F42000CE85DDE90432BBF10E0F9A6300F218813C
:10F43000002D00F015810D99002940F34684B34B4F
:10F4400001F00F0203EBC203C805D3E900894FEABC
:10F45000211540F10884AE4BDDE90001D3E9082312
:10F46000F1F704FCCDE9140105F00F0503277DB188
:10F47000A74EE90708D540464946D6E90023F1F7EB
:10F48000CBFA0137804689466D1006F10806F0D1A7
:10F4900042464B46DDE91401F1F7E8FB8046894618
:10F4A000119B43B19B4B002240464946F1F726FD94
:10F4B000002840F00B853846F1F774F842464B4679
:10F4C000F1F7AAFA944B0022F0F720FFA1F1507354
:10F4D000CDE914011593BBF1000F00F0A8800D9B3E
:10F4E000CDE918B349464046F1F746FD189A874BD7
:10F4F00003EBC20313ED027B05468DED167BF1F79E
:10F5000051F80B46024649464046F0F7FDFE059F7E
:10F510000E9B30357E1CECB2804689463546002B6A
:10F5200000F06C84DDE916237C490020F1F79EFB96
:10F53000DDE91423F0F7E8FE3C7042464B460446F2
:10F540000D46F1F7F9FC002840F0B884CDF850A042
:10F55000CDF858B00027AB46A246189D2AE00137E7
:10F56000AF4280F2FD846E4B504659460022F1F7BF
:10F5700053FA6B4B002282468B4640464946F1F7D0
:10F580004BFA89468046F1F7F7FC0446F1F70AF892
:10F5900002460B4640464946F0F7B6FE303406F8C0
:10F5A000014B52465B4680468946F1F7A7FC00288E
:10F5B00040F0D38442464B4656490020F0F7A4FE63
:10F5C00052465B46F1F79AFC0028C8D0199BDDF83B
:10F5D00050A0059A374603F1010802E0974200F077
:10F5E0009B843E4617F8013D392BF7D00133DBB23F
:10F5F0003B7045467DE101231193089B002BBFF62C
:10F6000083AEC8F101030C93002308937EE63846CD
:10F61000F0F7C8FF42464B46F1F7FEF93E4B002299
:10F62000F0F774FEA1F15073CDE9140115933D4B31
:10F63000002240464946F0F767FEDDE914452246C0
:10F640002B4606460F46F1F777FC002840F07384FE
:10F6500030463946224605F10043F1F74FFC28BBFE
:10F660001B9B002BC0F290800D9A0E2A00F38C8019
:10F67000264B0D9A03EBC20393ED007B0B9B002BF3
:10F680008DED027B19DABBF1000F16DC0ED1254B94
:10F690000022DDE90201F1F7BFF902460B46DDE980
:10F6A0000001F1F735FC002800F045840023059E99
:10F6B00000931F460B9BDD432DE2059B5D1CDDE99E
:10F6C0000278DDE900013A464346F1F7CFFAF1F757
:10F6D00053FC0646F0F766FF3A464346F1F79CF9BD
:10F6E00002460B46DDE90001F0F70EFE059A06F131
:10F6F0003003BBF1010F2F46137000F02183012569
:10F70000CDF800A0A846DDE9029A2BE06832010896
:10F71000403201080000F03F00001C400000E03FC4
:10F7200000002440000014404A4653462046294623
:10F73000F1F79CFAF1F720FC0646F0F733FF4A4652
:10F740005346F1F769F908F101080B4602462946CC
:10F750002046F0F7D9FD06F13003D84507F8013B04
:10F7600000F0EC82844B0022F1F756F900220023CE
:10F7700004460D46F1F7B8FB0028D5D00D9DDDF805
:10F7800000A001353E46B4E00E9A002A40F0D88031
:10F790000023109E0C9D0E931F4665B1089A002A07
:10F7A00009DD0C99AA421346A8BF2B46C91AED1AC7
:10F7B000D31A0C910893109B53B10E9B13B1002EDA
:10F7C00040F0F7825146109A049800F0F9FD824605
:10F7D0000498012100F010FD099B0090002B40F0DF
:10F7E000BE81029B012B40F3D4810120089A104472
:10F7F00010F01F0000F09B80C0F12003042B40F3A9
:10F80000E3810C9BC0F11C00034402440C930544AB
:10F8100008920C9B002B05DD514604981A4600F017
:10F8200029FE8246089B002B05DD009904981A46A4
:10F8300000F020FE0090119B002B40F07581BBF181
:10F84000000F40F34C810E9B002B40F0A4800D9DD7
:10F850000135DDF81480009CDDF81090012607E0EA
:10F86000514600230A22484600F024FC0136824615
:10F8700021465046FFF700FCB34500F1300008F880
:10F88000010BEDDCBBF1000F059BCCBF5E460126F2
:10F89000814603EB060B002451460122049800F038
:10F8A000E9FD0099824600F05DFE002840F3EE81FC
:10F8B000059A02E0934500F003825E460BF1FF3BA0
:10F8C00016F8013C392BF5D001338BF80030DDF808
:10F8D00010800099404600F0E3FB57B12CB1BC42C8
:10F8E00003D02146404600F0DBFB0498394600F087
:10F8F000D7FB0498514600F0D3FB002333700A9BDA
:10F900001D60279B002B3FF48DAC05981E601DB039
:10F91000BDE8F08F2046F0F745FE32463B46F1F752
:10F92000E3FA00287FF4D4AC631E0993D0E41C23CF
:10F930000C9A1A440C92089A1A441D44089268E7DB
:10F94000029A012A40F3AD81109B0BF1FF36B342BE
:10F95000C0F26981BBF1000FA3EB060680F2EF82D3
:10F960000C9BA3EB0B056CE1C3F1200306FA03F03B
:10F970007AE40125DFE400BF00002440394600237B
:10F9800004980A2200F096FB139B002B074640F3D5
:10F99000FF820D969B46002D05DD394604982A46C8
:10F9A00000F068FD0746099B002B40F0E681B84651
:10F9B000059E731E03EB0B04069B03F00103CDE9C8
:10F9C0000B43049C00995046FFF756FB394683468B
:10F9D000504600F0C7FD009905464246204600F01B
:10F9E000E3FDC3680BF130090146ABBB09905046FB
:10F9F00000F0B8FD09990890204600F051FB089AE4
:10FA0000002A54D1029B1BB90C9B002B00F0AE8244
:10FA1000002D3FDB0B9BB3469E420BF8019B00F091
:10FA2000C381514600230A22204600F043FB47458C
:10FA3000824639464FF000034FF00A02204630D08C
:10FA400000F038FB4146074600230A22204600F01A
:10FA500031FB5E468046B5E7049800F021FB002D9F
:10FA600006DB069B03F00102029B1D432A4329D1BA
:10FA700051460122049800F0FDFC0099824600F0F6
:10FA800071FD002840F3F680B9F1390F00F049828A
:10FA90000BF131090D9D06F8019B3C4601354746A7
:10FAA00015E700F007FB5E46074680468AE7002D13
:10FAB000C0F29382029B1D430C9B1D4300F08D827C
:10FAC000002AA7DDB9F1390F00F02B820D9D09F155
:10FAD00001033C4606F8013B01354746F7E6029B29
:10FAE000022B7FF7B0AEBBF1000F40F025810099EB
:10FAF00004985B46052200F0DDFA0146009050466E
:10FB000000F030FD002840F31781059E0D9D312344
:10FB100006F8013B01350099049800F0C1FA01355F
:10FB2000002F7FF4E2AEE4E60099504600F01AFDA3
:10FB30000028BFF684AE5146002304980D9C0A228B
:10FB400000F0B8FA0E9B661E8246002B7FF416AFBB
:10FB5000139B002B40F311820D9D9B4679E60146D5
:10FB60001A46049800F02CFC029B0090012B6EDDDD
:10FB700000230993009A136902EB8303186900F0CC
:10FB8000E9FAC0F1200031E6984B05930333FFF703
:10FB9000EDBB069B002B7FF428AEDDE90612C2F315
:10FBA0001303002B7FF421AE914B134033B10C9B18
:10FBB00001330C93089B013308930123099A09939D
:10FBC000002A3FF412AED5E73FF423AEC0F13C0368
:10FBD000AEE601230E930B9B0D9A134403F1010B28
:10FBE0005E46012E1393B8BF0126172E40F3F9810C
:10FBF000012204235B0003F11400B042114602F11C
:10FC00000102F7D9049BD96304E401230E930B9EF0
:10FC1000002E36DD1396B346E7E700230E93DAE7AE
:10FC200000230E93F3E7109B099A1096F31A1A44D7
:10FC3000089B09925B4408930C9B1D465B440C9304
:10FC400000260498012100F0D7FA0746A5E5069B97
:10FC5000002B8DD1DDE90601C1F313030A46002B09
:10FC6000A2D0099086E79DED007B02278DED147BE5
:10FC7000FFF7FDBB7FF40EAF19F0010F7FF404AF67
:10FC800008E701230B939B46FFF7BFBB03D119F095
:10FC9000010F7FF40DAE5E461BF8013D302BFAD00C
:10FCA00015E6129A002A00F09C8003F23343089A6A
:10FCB000109E1A4408920C9A15461A440C92C0E7FA
:10FCC000059A31230135137001E600F0FA800D9A90
:10FCD000484B554205F00F0203EBC203D3E9002362
:10FCE000DDE90001F0F798FE2D11CDE9140100F0D7
:10FCF0005881414E0023022780468946EA0709D5EC
:10FD0000D6E9002340464946F0F786FE0137804693
:10FD1000894601236D1006F10806EFD1002B7FF410
:10FD2000BFABDDE91489FFF7BBBBC8F10103089045
:10FD30000C931190FFF758BB059EBBE4DDF800A0C3
:10FD400002460B46F0F7E2FA0D9DCDE900010135C0
:10FD500002460B46DDE90201A846F1F7CFF840B9AB
:10FD6000DDE90023DDE90201F1F7BEF818B1F30780
:10FD700001D5059A35E43E46BBE57968049800F064
:10FD800069F90546002800F021813B6902339A0099
:10FD900007F10C010C30F0F7D9FC04982946012238
:10FDA00000F068FB804603E60D9D3C460135474662
:10FDB00072E5049C39463246204600F001FB52466B
:10FDC00001460746204600F045FA51468046204647
:10FDD00000F066F9109B9B1BC24610933FF4F8ACF1
:10FDE000F0E41A9BC3F1360361E700BF8C2E0108D3
:10FDF0000000F07F6832010840320108DDE9162377
:10FE0000DDE91401F0F708FE059B1C70189B012B1F
:10FE1000CDE90E0100F0C380189F059B12961F4488
:10FE20007A4B002240464946F0F7F6FD0D4604465F
:10FE3000F1F7A2F88146F0F7B5FB09F13009024667
:10FE40000B4620462946F0F75FFA06F8019BBE42B2
:10FE500080468946E4D1129D6D4B0022DDE90E01FA
:10FE6000F0F754FA02460B4640464946F1F764F86B
:10FE700000286CD1DDE90E2365490020F0F744FA33
:10FE800002460B4640464946F1F738F880B91B9BBD
:10FE9000002BFFF67DAC0D9B0E2B3FF779AC5D4B35
:10FEA0000D9A03EBC20393ED007B8DED027B06E41C
:10FEB0003E46013F16F8013C302BF9D0199D013523
:10FEC00017E5DDE900890227FFF7EABABBF1000F69
:10FED0003FF49DAB139C002C7FF7C2AB0D9B013B05
:10FEE0000022404649461993484BF0F795FD80465D
:10FEF0008946781CF0F756FB42464B46F0F78CFDDE
:10FF0000454B0022F0F702FAA1F15073CDE914013C
:10FF100018941593FFF7E6BA08F101083123FFF7AB
:10FF200067BB0D9D059AB34639233C460BF8013B50
:10FF300001354746C1E4002300931F46E5E5089BD1
:10FF40005B4408930C9B1D465B440C9379E6199B1C
:10FF5000059A03F10108FFF744BBDDF850A0ADE7B7
:10FF6000DDF850A0DDF858B0FFF77ABBB9F1390FD2
:10FF7000D7D0002D3FF78CAD8CE5029B022B03DC24
:10FF80000D9DDDF84CB064E4DDF84CB00D96AAE5AB
:10FF9000029B022BF8DCDDF84CB00D96FBE43746F3
:10FFA0005AE7DDE914890227FFF77ABA049B002596
:10FFB000DD632946184600F04DF80590D0B9174B7F
:10FFC0001748002240F2AF1100F02AFD134B1448ED
:10FFD0002A4640F2EF2100F023FD002A3FF748AD0A
:10FFE00058E5049B0021D963FFF714BA0D4B059324
:10FFF000FFF718B9DDE904329A634FF0FF330122AD
:020000040801F1
:100000000B9513930E929B46FFF72ABB00002440EA
:100010000000E03F6832010800001C40902E0108FB
:10002000A42E0108802E010882B049B15AB16BB1EB
:1000300013780B601278101E18BF012002B07047B1
:1000400001A9002AF3D1104602B070476FF00100F9
:10005000F4E700BF436C70B505460C464BB153F84E
:10006000240080B1026843F824200023C0E9033350
:1000700070BD2122042100F0F3FC034668640028CF
:10008000EDD1002070BD012101FA04F6721D92002D
:10009000284600F0E5FC0028F3D0C0E90146E4E77B
:1000A00031B1436C4A6853F82200086043F82210CB
:1000B000704700BF2DE9F0410D6907460E461C460A
:1000C00001F1140E0020DEF800108BB202FB034396
:1000D0004FEA134C090C02FB01CC01309BB203EB3D
:1000E0000C4385424EF8043B4FEA1C44EBDC3CB128
:1000F000B368AB4207DD06EB850301355C61356112
:100100003046BDE8F081716838460131FFF7A2FF43
:100110008046A8B13269023206F10C0192000C301F
:10012000F0F714FB7B6C726853F82210316043F8CF
:100130002260464606EB850301355C613561DFE7E9
:10014000024B03484246BA2100F06AFC902E010897
:10015000002F0108B0F5803F034636BF030400209E
:100160001020B3F1807F3CBF1B020830B3F1805FE9
:100170003CBF1B010430B3F1804F03D3002B06DBDF
:10018000013070479B0003D45B0003D420207047EC
:100190000230704703307047036813F007020146CE
:1001A00007D0DA071FD4980721D55B080B60012020
:1001B000704798B2A0B11046DAB20AB908301B0AEB
:1001C0001A0704BF1B0904309A0704BF9B080230BA
:1001D000DA0703D45B0800F1010006D00B6070471A
:1001E0001B0C1020E8E700207047202070479B0878
:1001F0000B600220704700BF38B5436C04460D46C3
:100200004BB15868B0B102685A6000220123C0E9BE
:100210000323456138BD2122042100F021FC03465F
:1002200060640028EDD1094B0948002240F24511D5
:1002300000F0F6FB1C220121204600F011FC0028F2
:10024000F1D001220223C0E90123DEE7902E01084C
:10025000002F01082DE9F04FD1F810801569A8454D
:1002600085B00E46924605DB2A46534645468A46E9
:1002700090461E46DAF80830DAF8041005EB080458
:10028000A342B8BF0131FFF7E5FE8446002800F025
:100290008B8000F1140707EB840E774505D23B46AF
:1002A000002243F8042B9E45FBD8143606EB880841
:1002B0000AF11409464509EB850566D2A5EB0A0348
:1002C000153B23F003030AF1150A043355452CBFEF
:1002D0009B464FF0040BCDF808E00394AE46E2468F
:1002E00005E0090C2AD1B04507F104074AD956F8B0
:1002F000041B8DB2002DF4D0CC463C460023019661
:100300005CF8040B216886B28AB2000C05FB062259
:10031000090C1A4405FB001101EB124192B242EAAA
:100320000142E64544F8042B4FEA1143E8D8019E08
:1003300047F80B3056F8041C090CD4D03B68002257
:1003400048461D463C469446028801FB02C202EB29
:1003500015429BB243EA024344F8043B50F8043B85
:1003600025684FEA134CABB201FB0C3303EB12438D
:1003700070454FEA134CE7D3B04547F80B3007F10F
:100380000407B4D8DDE902E4D446002C02DC05E021
:10039000013C03D05EF8043D002BF9D06046CCF858
:1003A000104005B0BDE8F08F034B044862464FF49F
:1003B000B17100F035FB00BF902E0108002F01083D
:1003C00012F003032DE9F041144607462CD10D46E7
:1003D000A4101CD03E6C86B3E3074FF0000806D48F
:1003E000641014D03068A8B10646E307F8D5324649
:1003F00029463846FFF72EFF35B17B6C696853F804
:1004000021202A6043F8215064100546EAD128468D
:10041000BDE8F081324631463846FFF71BFF3060B9
:10042000C0F800800646E0E7013B0F4A52F823205F
:100430000023FFF73FFE0546CAE701213846FFF7D4
:1004400009FE064640B1012340F27122C0E90432A0
:10045000002338640360BFE7044B0548324640F28E
:10046000451100F0DDFA00BF34320108902E01087A
:10047000002F01082DE9F0470C4690462769A36834
:10048000496807EB62177D1C9D4206464FEA6219D8
:1004900004DD5B009D4201F10101FADC3046FFF70B
:1004A000D9FD8446002851D0B9F1000F00F11400A5
:1004B0000EDD09F105024FEA820E03460CEB8202C3
:1004C000002143F8041B9342FBD1AEF114031844FE
:1004D000216904F1140318F01F0803EB81012DD0EA
:1004E000C8F1200986464FF0000A1A6802FA08F29D
:1004F00042EA0A024EF8042B53F8042B994222FADE
:1005000009FAF2D80B1B153B23F00303043304F163
:100510001502914238BF042340F803A0BAF1000F3E
:1005200000D13D46736C6268CCF8105053F822102D
:100530002160604643F82240BDE8F087043853F854
:10054000042B40F8042F9942F9D8EAE7034B0448FA
:1005500062464FF4EF7100F063FA00BF902E01087D
:10056000002F01080B6984460069C01A16D10CF1EE
:10057000140C14310CEB830210B401EB830301E083
:10058000944508D252F8044D53F8041D8C42F7D01C
:1005900005D24FF0FF305DF8044B704770470120E3
:1005A0005DF8044B704700BF2DE9F04F15460A690E
:1005B0002B69D21A002A83B0884640F0878001F167
:1005C000140605F1140101EB830106EB830301E03E
:1005D0009E427ED253F8044D51F8042D9442F7D038
:1005E00075D32B460024454698466968FFF732FDCF
:1005F0008146002800F089802E69C460D8F8100078
:1006000005F1140B08F1140E09F1140A05F110029A
:100610000EEB80000BEB860157464FF0000CCDF837
:1006200004B05EF8044B52F8045F1FFA84FBABB2CF
:10063000A3EB0B03240C6344C4EB154404EB2344E9
:100640009BB243EA0443704547F8043B4FEA244C0D
:10065000E7D8A0EB080208F115084045A2F1150201
:1006600034BF0020012092080028DDF804B002F118
:1006700001044FEA840408BF04240BEB0405A942DB
:10068000544433D92746284650F8043B1CFA83FECD
:100690001A0C634402EB2E429BB243EA02438142AE
:1006A00047F8043B4FEA224CEED80139491B21F0B0
:1006B00003010C4423B954F8043D013E002BFAD049
:1006C0004846C9F8106003B0BDE8F08F89DA01240C
:1006D0008BE70021FFF7BEFC814678B101220023A1
:1006E000C0E90423484603B0BDE8F08F00284FEA74
:1006F000820208BF00220AEB0204DBE7064B074830
:100700004A4640F2372100F08BF9034B03484A4632
:1007100040F2452100F084F9902E0108002F0108D5
:100720002DE9F0430E4683B0012159EC108B15469C
:10073000FFF790FC0446002846D0C9F30A57C9F3D6
:1007400013030FB143F480130193B8F1000313D1E5
:1007500001A8FFF721FD019B636101222030226186
:100760000FB3A7F233470744C0F135003760286064
:10077000204603B0BDE8F08368460093FFF70CFD08
:10078000019BF8B10099C0F1200203FA02F2C340C4
:100790000A430193002B62610CBF01220222A36174
:1007A0002261002FDDD104EB8203A0F232403060E1
:1007B0001869FFF7CFFCC0EB42102860204603B059
:1007C000BDE8F083009AE5E7034B0448224640F277
:1007D0000F3100F025F900BF902E0108002F01080D
:1007E00049B1FF2A02D80A70012070478A230360AA
:1007F0004FF0FF3070470846704700BF70B50546A0
:1008000084B05BB11C460F4BD3F8E060234669B15E
:100810002846B047431C0FD004B070BD094B00F50B
:100820008274D3F8E06023460029F1D10A462846B5
:1008300001A9B047431CEFD100228A2322602B601C
:1008400004B070BD4006002410B582B0049CCDE910
:1008500000344FF0FF3300F059FB02B010BD00BF71
:100860002DE9F0478F681D46AF420B680C461646CF
:1008700036D8B1F90CC01CF4906F0ED13D46184625
:1008800031462A4600F04CF8A368DF1B2368A760B6
:100890002B4400202360BDE8F0874A69096902EB18
:1008A00042025F1A02EBD2726B1C52103B4493421D
:1008B00092BF914699461A461CF4806F804611D02B
:1008C0001146FCF747F9824600B321693A46EFF733
:1008D0003DFFA38923F4906343F08003A38105E0E7
:1008E0002F46CCE700F0F2F8824658B10AEB070336
:1008F000A9EB0707A760C4F810A0C4F81490236000
:100900002F46BCE721694046FCF728F8A3890C2252
:1009100043F04003C8F800204FF0FF30A381BAE74E
:1009200088420ED98B1883420BD900EB020C002AA7
:100930006ED0624613F801CD02F801CD9942F9D18B
:1009400070470F2A0FD8034602F1FF3C002A5FD000
:100950000CF1010C013B8C4411F8012B03F8012F21
:100960006145F9D1704740EA01039B0751D1A2F1DB
:10097000100370B501F1200C23F00F0501F1100EEA
:1009800000F11004AC441B095EF8105C44F8105CE4
:100990005EF80C5C44F80C5C5EF8085C44F8085C9B
:1009A0005EF8045C44F8045C0EF1100EE64504F1B8
:1009B0001004E9D1013312F00C0F01EB031102F026
:1009C0000F0400EB031328D0043C24F003064FEA85
:1009D000940C1E441C1F8E465EF8045B44F8045FB2
:1009E000B442F9D10CF1010402F0030203EB8403D9
:1009F00001EB840102F1FF3C4AB10CF1010C013B17
:100A00008C4411F8012B03F8012F6145F9D170BD19
:100A1000704702F1FF3C03469AE72246EAE700BF2F
:100A200000B50B4C25681446EE681A4685B003469F
:100A30000D464CB107490095CDE9011430460649F1
:100A400000F076FA01F0EEFB04490C46F3E700BF34
:100A5000E40000245C2F01086C2F0108682F0108B6
:100A600038B5A1FB021454BBFCF774F8054650B32B
:100A700050F8042C22F00302043A242A10D8132A36
:100A800013D91B2AC0E9004416D9242AC0E902441C
:100A90000ABFC0E9044400F1100200F1180205E0A9
:100AA0002146FBF7DDFD284638BD02460023C2E99A
:100AB00000339360284638BD00F10802F6E7FBF7E3
:100AC000ABFE0C2303600025284638BD2DE9F84F06
:100AD0001646002900F096800C46804606F10B056C
:100AE000FCF7EAFA54F8041C162DA4F1080921F0C9
:100AF000030758D81025AE4258D8AF4260DABE4B33
:100B00009A6809EB070C6245DCF8040000F090805D
:100B100020F0010363445B68DB0768D420F0030026
:100B20003B189D4247DDCB0712D454F8083CA9EB93
:100B3000030BDBF8043023F00302104400EB070A38
:100B4000554540F3F68007EB020A554540F3CC804B
:100B500031464046FBF7FEFF0646002800F02081A4
:100B600054F8043C23F001034B44A0F108029342E3
:100B700000F0B4803A1F242A00F2D780132A00F232
:100B8000A280034622461168196051685960926834
:100B90009A6021464046FBF7E1FE4046FCF792FA98
:100BA0003046BDE8F88F35F00705A4D50C23C8F80A
:100BB0000030002618E01F46DCE90223D3609A606B
:100BC000D9F804307A1B0F2A03F0010309EB070060
:100BD0001DD83B43C9F80430436843F00103436028
:100BE0004046FCF76FFA26463046BDE8F88FC90745
:100BF000AED454F8083CA9EB030BDBF8043023F027
:100C00000302A0E7BDE8F84F1146FBF7A3BF09EBCD
:100C100005012B4342F00102C9F804304A604368E1
:100C200043F00103436008314046FBF797FED7E7E6
:100C300020F00300C21905F1100C624580F291808A
:100C4000CA0785D454F8082CA9EB020BDBF8042062
:100C500022F00302104400EB070AD4453FF773AFBC
:100C60005E46DBF80C1056F8080F3A1F242AC160C4
:100C7000886000F2AE80132A40F2A9802168CBF888
:100C800008106168CBF80C101B2A00F2A880083409
:100C90000BF110022168116061685160A1689160D8
:100CA0000BEB0501AAEB050242F0010299604A60D4
:100CB000DBF8043003F001032B434046CBF804304B
:100CC000FCF700FA90E723680360636843601B2A1F
:100CD0003CD804F1080200F1080354E750F8043C42
:100CE00023F003031F446BE73A1F5E46DBF80C302A
:100CF00056F8081F242ACB60996022D8132A1ED9DF
:100D00002368CBF808306368CBF80C301B2A3BD83B
:100D100008340BF1100322681A6062685A60A268F6
:100D20009A6034465746D9464AE72146FFF7F8FD10
:100D30002FE7DCE902133A1FCB609960D5E7334611
:100D4000E9E721463046FFF7EBFDEAE7A368836059
:100D5000E368C360242A27D004F1100200F11003D5
:100D600011E709EB05019960531B43F001034B6048
:100D700054F8043C03F001032B43404644F8043C80
:100D8000FCF7A0F926462FE7A368CBF81030E368FC
:100D9000CBF81430242A10D010340BF11803BAE722
:100DA0004046FCF78FF904E72369036161694161FB
:100DB00004F1180200F11803E5E62369CBF81830B6
:100DC0006369CBF81C3018340BF12003A3E73246DB
:100DD00060E721463046FFF7A3FD074B60E7A168B7
:100DE000CBF81010E168CBF81410242A06D0103488
:100DF0000BF118024EE700BF380200242269CBF83D
:100E000018206269CBF81C2018340BF1200241E74E
:100E10002DE9F04F8BB0DDE9157A86461E46002F8E
:100E20005AD0156800295CD0149B002B69D0741E21
:100E30004EB3043DCDE9015EDDF850B004910026CB
:100E4000039105920BE0039B0BBB019B18680028E4
:100E500036D0DC4557D2013C631C664613D0019B5B
:100E6000029853F8042F0193DAF8E0503B4607A9A3
:100E7000D7E90098A847421C37D000EB060CDC45A8
:100E8000E1D9C7E9009830460BB0BDE8F08F0028E3
:100E90000EDD049B019D18445A1E07A900F1FF3E78
:100EA00011F8013B02F8013F7245F9D10195049018
:100EB000059B1A6804321A60019B18680028C8D183
:100EC0000399059A01B110600CF1FF3600223046FB
:100ED0003A600BB0BDE8F08F156800F58677002901
:100EE000A2D14FF0FF331493A1E7DDF808E00646E6
:100EF0008A2100223046CEF800103A600BB0BDE8DF
:100F0000F08F149EBFE76646BDE700BF10B584B002
:100F1000054C0698009007980190044800680294D8
:100F2000FFF776FF04B010BD40060024E400002463
:100F30000EB410B583B005AB064C53F8042B0193E7
:100F40000146206800F008F803B0BDE8104003B087
:100F5000704700BFE40000242DE9F04FC7B016AF82
:100F6000CDE9062183460822002138461C460C9311
:100F7000FBF776FBBBF1000F04D0DBF83430002B1D
:100F800000F02786079B5A6EB3F90C30D00702D4C5
:100F9000990540F10A859E0406D4079943F400534D
:100FA00022F400528B814A66950400F1C386079AA9
:100FB000B2F90C30190740F1CB801269002A00F019
:100FC000C78003F01A020A2A00F0D18000239E464F
:100FD000CDE90FEECDE91B33DFF8F8A8CDF838E006
:100FE0001DAB1A939946CDF820E0CDF834E0069D6C
:100FF000DAF8E440FDF790FF009703462A4614A96B
:101000005846A047002800F0D180C0F2C780149A4B
:10101000252A034601D01D44EAE7069BEE1A044642
:1010200040F0C88000234FF0FF316A788DF84B30D4
:1010300009936C1C059103930134A2F120035A2BF0
:1010400000F2F980DFE813F06002F700F7005A02BF
:10105000F700F700F7006A00F700F700E801F90170
:10106000F700F3010402F700FE015B005B005B0088
:101070005B005B005B005B005B005B00F700F70060
:10108000F700F700F700F700F700F700F7009D0101
:101090006A02F700F700F700F700F700F700F70023
:1010A000F700F700F7002002F700F700F7007601DD
:1010B000F7008D02F700F700E704F700F700F700EC
:1010C000F700F700F700F700F700F700F7009D01C1
:1010D000C201F700F700F7008402C2017E00F700AA
:1010E0000A03F700FB02E404DA027E00F70076014F
:1010F0007C00E104F700F7000A05F7007C00A2F18C
:101100003003002114F8012B01EB810103EB4101B5
:10111000A2F13003092BF5D909918EE75846FDF766
:1011200001FF43680F931846EFF70AFC109005463D
:101130005846FDF7F7FE83680E93002D40F0568465
:10114000227879E7039B227843F02003039373E727
:10115000079D5846294601F003F8002840F01E86F6
:10116000B5F90C3003F01A020A2A7FF42FAF079961
:10117000B1F90E20002AFFF629AF4A6ED60702D435
:101180009D0540F1CB85DDE906212346584600F058
:1011900017FE0890089847B0BDE8F08F082200219C
:1011A0003846FBF75DFA01231D4421E7069BEE1A42
:1011B000044612D0069BC9E900361C9B33441C939D
:1011C0001B9B0133072B1B9311DC09F10809089BBA
:1011D00033440893002C7FF425AF1C9B002B40F078
:1011E000B885079B0022B3F90C301B9218E00799D1
:1011F0001AAA584600F024FE78B90DF17409E6E702
:1012000007991AAA584600F01BFE00287ED00B9BB7
:101210001BB10B995846FBF7A1FB079BB3F90C30A8
:10122000079A526ED1077CD55B0600F18D85089830
:1012300047B0BDE8F08F0694002ACED000238DF889
:101240004B3001238DF8B42004930A932DAC002376
:101250000B930593039810F08408DDE91B2105D159
:101260000998049D451B002D00F3D6829DF84B0084
:1012700078B1013201200131C9F80400072A0DF1CB
:101280004B00CDE91B21C9F8000000F3FA8209F1F7
:1012900008097BB1013213A80231C9F80000072AFE
:1012A0004FF00200CDE91B21C9F8040000F3F882D9
:1012B00009F10809B8F1800F00F00C82059B0A982B
:1012C0001D1A002D00F34A820A9BC9F80040013222
:1012D0001944072ACDE91B21C9F8043000F37982AB
:1012E00009F10809039B580705D5099B049A9C1A24
:1012F000002C00F3E282DDE9083204988242ACBFA0
:101300009B181B18089300297FF47AAF00231B93C6
:101310000B9B1BB10B995846FBF720FB0DF1740991
:1013200065E69A0580D4079CA06DFBF7A9FAB4F98D
:101330000C3079E70C9E069456F8044B00238DF888
:101340004B30002C00F05D84532A00F0A283039BF5
:1013500013F0100540F09D83059B002BC0F2CD8457
:101360001A4629462046EFF78BFA0B90002800F02A
:101370000685031BCDE90A3523EAE373049300F0E5
:101380009DBC0C9B0694432A03F1040503D0039BE8
:10139000D80640F167830822002118A8FBF760F9FE
:1013A0000C9B2DAC1A68214618AB5846FFF726FA5D
:1013B000034601330A9000F0D6840A9B23EAE373C4
:1013C000049300230C958DF84B3040E7039B069463
:1013D000990640F1AC800C9B073323F007031946B4
:1013E0005A6851F8083B0C911146002AC0F23F811F
:1013F000059A002AC0F24881039A22F080020392E3
:1014000053EA010240F04081059B002B40F08B84A1
:1014100004930A9346AC49E10C9B53F8042B0992C0
:10142000002A80F2BA82099A0C9352420992039BD5
:10143000227843F004030393FEE52B2322788DF8F2
:101440004B30F9E5039B227843F080030393F3E5E7
:10145000204610F8012B2A2A00F09584A2F13003CF
:10146000092B98BF002100F2608410F8012B01EBDA
:10147000810103EB4101A2F13003092BF5D941EAC7
:10148000E17305930446D8E5039B069443F01002EC
:1014900012F0200100F051820C9B073323F0070368
:1014A0001846596850F8083B0C9022F48064039465
:1014B000059C002084428DF84B007CDB53EA01043C
:1014C00022F4906240F08183039C0392059B002BE1
:1014D00069D1002840F05C8214F001020A9200F009
:1014E000608230238DF817319DF84B3004920DF255
:1014F0001714002B40F0DF800B93E1E0039B227870
:1015000043F00103039397E59DF84B302278002BBD
:101510007FF492AD20238DF84B308DE5039B06942C
:1015200043F010030393039B99063FF554AF0C9AC5
:1015300052F8043B0C92039AD20600F14382039ABC
:10154000560640F13B8243F3C0310A461BB24CE7DA
:101550002278039B682A00F0958243F040030393AE
:101560006AE5039B069443F0100414F0200100F098
:10157000F3810C9B073323F007031A46596852F88E
:10158000083B0C9200228DF84B20059A002AC0F2ED
:101590001E8324F08002039253EA010274D1059B5A
:1015A0000120002B95D0012800F0BD8300230228E4
:1015B000194600F01A8146AC03F00702DB0843EA43
:1015C0004173C908303253EA0105204604F8012D61
:1015D000F2D1039BDD0740F11681302A00F0138120
:1015E0003023059A04F8013C023846AB1B1A9A4294
:1015F000B8BF1A460A930446049257E0039B0C9A1C
:10160000069443F00203039352F8043B0C9247F60E
:101610003002ADF84C20AD4A0D92002100228DF829
:101620004B20059A002AC0F2E080039C53EA010097
:1016300024F08002039240F0D880022046E7039B0A
:1016400006949C0640F1C1810C9B089A1B681A60A5
:10165000D2175A600C9B04330C93C8E42278039B86
:101660006C2A00F0088243F010030393E4E42D2277
:101670008DF84B20059A5B4261EB4101002A03DBA8
:10168000039A22F0800203920A2B71F1000280F08B
:1016900039823033DBB28DF81731059B012BB8BF8F
:1016A0000123049301230A930DF217149DF84B3084
:1016B000002B3FF421AF00230B93049B01330493D1
:1016C000039B13F002033FF4C5AD049B0233049364
:1016D0000223BFE5099B04981D1A002D7FF7EEAD8C
:1016E000102DDFF8EC8126DD40464B46A046DDF8A4
:1016F0001C901026044604E0103D102D03F1080351
:1017000015DD01321031072AC3E90046CDE91B215E
:10171000F2DD1AAA4946584600F092FB00287FF4F1
:1017200076AD103D102DDDE91B211DABE9DC99469E
:1017300023464446984601322944072ACDE91B2115
:10174000C9F80080C9F8045000F34882059B0A9844
:101750001D1A002D09F108097FF7B6AD102DDFF82D
:10176000708128DD4B461026A9462546079C06E0D9
:10177000A9F11009B9F1100F03F1080318DD0132C6
:1017800053481031072AC3E90006CDE91B21EFDDDC
:101790001AAA2146584600F053FB00287FF437ADC3
:1017A000A9F11009B9F1100FDDE91B211DABE6DC31
:1017B0002C464D46994601322944072ACDE91B2182
:1017C000C9F80080C9F8045000F3D58009F1080970
:1017D0007AE507991AAA584600F032FB00287FF4F0
:1017E00016AD1C990DF174097CE50D9846AC03F01B
:1017F0000F021B09825C04F8012D43EA01730909F9
:1018000053EA0102F3D1059A46AB1B1B9A42B8BFBB
:101810001A460A93049249E7102D2F4E23DD4846BD
:101820001193A146079C04E0103D102D00F1080023
:1018300016DD013210311023072ACDE91B21066085
:101840004360F1DD1AAA2146584600F0F9FA002853
:101850007FF4DDAC103D102DDDE91B211DA8E8DC77
:10186000119B4C46814601322944072ACDE91B21B0
:10187000C9F80060C9F8045000F3978109F108091C
:10188000F4E4079911931AAA584600F0D9FA0028EF
:101890007FF4BDACDDE91B21119B0DF17409F8E467
:1018A00007991AAA584600F0CBFA00287FF4AFAC8B
:1018B000DDE91B210DF17409FCE4102C1B9B064E85
:1018C00028DDDDF81C8010250DE000BF042E010886
:1018D000343401084006002444340108103C102C24
:1018E00009F1080916DD01331031072BC9E900653C
:1018F000CDE91B31F2DD1AAA4146584600F0A0FAA4
:1019000000287FF484AC103C102CDDE91B310DF174
:101910007409E8DC01332144072BC9E90064CDE9EF
:101920001B317FF7E8AC07991AAA584600F088FAED
:1019300000287FF46CAC1C99DDE40C9850F8043B53
:101940000C9012F010007FF4B0AD12F0400400F0E3
:1019500062819BB20146A8E50C9A52F8043B0C92B6
:1019600014F010027FF40EAE14F0400000F0598124
:101970009BB2114606E607991AAA584600F060FA8B
:1019800000287FF444ACDDE91B210DF174099BE4D0
:10199000059B04930A9346AC88E622780C93FFF7E4
:1019A0004BBB059B049346AC80E6079DA86DFAF7F8
:1019B00065FFB5F90C306A6EFFF7EDBA039A95052D
:1019C00000F18781D9170A460FE5039BD80600F17D
:1019D0001381039B590600F18B81039B9A0540F10B
:1019E0000B810C9B089A1B681A7033E60E9B2278B9
:1019F000002B3FF421AB1B78002B3FF41DAB039B66
:101A000043F480630393FFF717BB0694039CACE594
:101A1000039A06943CE5B24B06940D93039B13F096
:101A200020015FD00C9B073323F007031846596849
:101A300050F8083B0C90039CE6070AD553EA0100D6
:101A400007D08DF84D2044F00202039230228DF829
:101A50004C20039A22F480620392DFE5A14B0694A6
:101A60000D93DBE70C9B1B688DF8B43001230493C6
:101A70000A932DACA5E443F020036278039301346C
:101A8000FFF7DABA43F40073627803930134FFF787
:101A9000D3BA0822002118A81594FAF7E1FD059B96
:101AA000002BC0F2DC800025CDF81090A8469946A6
:101AB0000EE02DA95846FEF7A1FE431C404400F05D
:101AC0005281484509DC05F1040500F05481804647
:101AD000159A525918AB002AEBD1DDF81090CDF8C9
:101AE0002880C9E00C9850F8043B0C90039810F043
:101AF0001000A0D1039911F0400400F099809BB22E
:101B0000014698E7039ACDF8109046AC02F4806243
:101B1000A146CDF828B0744EDDF838B04FF0000C77
:101B2000144605E00A2B71F1000136D343462946DD
:101B30005A1842F10002A6FB020525F0030000EB53
:101B40009500121A981A4FF0CC3561F1000E05FB82
:101B500000F506FB0E55A0FB0680054408F0010EBB
:101B60000520AEFB000E80184FEA5808303009F807
:101B7000010C48EAC5780CF1010C09F1FF396D0838
:101B8000002CCFD09BF800206245CBD1BCF1FF0FD9
:101B9000C8D00A2B71F1000151D2CDF838B04C46B3
:101BA000DDF828B0DDF810902DE6079911931AAAF8
:101BB000584600F045F900287FF429ABDDE91B21E8
:101BC000119B0DF17409FFF751BB0392F3E40394E9
:101BD0005AE55846FAF794FCFFF7D4B907991AAAC0
:101BE000584600F02DF900287FF411ABDDE91B21E8
:101BF0000DF17409FFF762BB0C9B089A1B681A6011
:101C000028E5059B394C0C96062B28BF06230A9322
:101C10000493FFF71CBB12F400711CBFDBB221461A
:101C200043E414F400713FF4ADACDBB20146A9E427
:101C3000039911F400711CBFDBB22146FBE6109B37
:101C40000F99A9EB03091A464846FDF731F99BF8AD
:101C500001300BB10BF1010B4FF0000C66E718AB34
:101C600000930023194615AA5846FEF7EDFD0346DA
:101C700001330A9077D015940A9BE3B1632B45DCBE
:101C800000230B932DAC0822002118A8FAF7E8FCDA
:101C90000A9D18AB009315AA2B4621465846FEF71D
:101CA000D3FD854240F085800A9A0023A35422EA9E
:101CB000E273049302E00A9B04930B939DF84B306C
:101CC0001BB100230C960593F7E405930C96FFF7E0
:101CD000C1BA43F3C0110A465BB2FFF786BB00BF2F
:101CE000182E0108042E0108CDCCCCCC2C2E0108D6
:101CF0000C9B089A1B681A80ACE42046EEF720FE85
:101D000020EAE073CDE90A050493D7E7591C584649
:101D1000FAF720FF044630B30B90B4E7886DFAF76A
:101D2000AFFDFFF730BA3023B5E400230446059336
:101D3000FFF783B9D40707D4079B9B89980503D481
:101D4000079B986DFAF79CFD4FF0FF330893FFF760
:101D50006EBA07991AAA584600F072F800283FF4A4
:101D600040AAFFF75ABA079AB2F90C3043F0400381
:101D70009381FFF755BADDE904930A937CE7059B4D
:101D800004930A939AE70C9B627853F8041B0C9314
:101D900041EAE17104460591FFF74EB9079A536E87
:101DA000DB07D1D493899F05CED4906DFAF768FDF7
:101DB000CAE7079A938943F040039381FFF727BA54
:101DC000F0B51F468B89ADF26C4D23F00203ADF8E0
:101DD0000C301AAB009304934FF480630293059385
:101DE0004B6E1993CB89ADF80E30CB6907934B6AD4
:101DF000099315460023064616A80C460693FAF7E3
:101E000039FD2A463B4669463046FFF7A5F8051ED0
:101E100007DB69463046FDF721F8002818BF4FF070
:101E2000FF35BDF80C305B0603D5A38943F04003B2
:101E3000A3811698FAF720FD28460DF26C4DF0BDEF
:101E4000936810B514461BB918460023636010BD93
:101E500000F006F80023A3600023636010BD00BFFC
:101E60009368002B00F0F8802DE9F04FB1F90CC019
:101E70001CF0080F83B0904681460C4631D00B69A8
:101E80007BB31CF00207D8F8006038D00027D4F8E4
:101E900024B0E169DFF8C4A23D4655452B463A46D9
:101EA00028BF53464846C5B1D847002840F3CA80EA
:101EB000D8F808301B1A07442D1AC8F80830002B30
:101EC00000F0B68055452B46D4F824B0E16928BF10
:101ED00053463A464846002DE6D1D6E90075083605
:101EE000DBE72146484600F03BF9002840F0AF8090
:101EF000B4F90CC0D8F800601CF00207C6D11CF081
:101F0000010A63D12368A168574618468B46002F03
:101F100058D01CF4007F00F0B580B9420A4600F2A8
:101F2000E1801CF4906F2FD0216962695D1A02EB89
:101F3000420202EBD2726B1C52103B44934292BF9E
:101F400093469B461A461CF4806F00F0EA801146C7
:101F50004846FAF7FFFD002800F0F9802A4621697B
:101F60000090EEF7F3FBA289009B22F4906242F00E
:101F70008002A2815819ABEB0505C4F814B02361A7
:101F8000A5602060BB463A4651460092FEF7C8FC69
:101F9000A1682368009AA1EB0B011A443D46A16099
:101FA00022600027D8F808305B1BAA44C8F8083024
:101FB000002B3DD02368A168B4F90CC018468B46AD
:101FC000002FA6D1D6E900A708369EE73846BB46C3
:101FD0003D460097002D41D0002846D0009A206849
:101FE000A168D4E90473AA4228BF2A46B84204D99A
:101FF00001EB030A524500F38580934275DCE169E9
:10200000676A5A464846B847B0F1000A1ADD009B95
:10201000B3EB0A0300930FD00120D8F80830A3EBEC
:102020000A03D344A5EB0A05C8F80830002BD1D128
:10203000002003B0BDE8F08F21464846FCF70EFFB4
:102040000028EAD0B4F90C3043F04003A3814FF0EC
:10205000FF3003B0BDE8F08F00207047756833464D
:102060000836002DFAD0D3F800B02A460A21584687
:10207000EEF706FC002867D00130A0EB0B030093BD
:102080001A46ACE722699A4214D36269BA4211D85F
:102090006FF00043BB4228BF3B46656A93FBF2F3F7
:1020A000E16902FB03F348465246A847051EC9DD15
:1020B0007F1B77E7B94228BF39460D4618460A46C6
:1020C0005146FEF72DFCA1682368491B2B44A160F3
:1020D00023600029ECD121464846FCF7BFFE0028CA
:1020E000E6D0AFE7BB463A464EE759460192FEF7C7
:1020F00017FC019AA3689B1AA3602368134423600A
:10210000924684E759465246FEF70AFC2368534438
:10211000236021464846FCF7A1FE00283FF477AF34
:1021200090E74846FEF7D2FC034600287FF422AF32
:1021300021694846FAF712FCB4F90C300C22C9F8B0
:10214000002023F080037FE76A1C009247E70C22FF
:10215000B4F90C30C9F8002076E700BF00FCFF7F1F
:1021600038B52F4B1B6805460C4613B15A6B002A35
:102170004BD0B4F90C3018071CD5226922B313F0E8
:10218000010107D0616900204942A060A1613AB114
:10219000002038BD980758BF6169A160002AF7D1B7
:1021A000190658BF1046F4D543F04003A3814FF001
:1021B000FF3038BDD9062CD55A0712D4226943F016
:1021C0000803A381002ADAD103F42071B1F5007F5E
:1021D000D5D02146284600F02DF8B4F90C302269FC
:1021E000CDE7216B51B104F14002914204D0284661
:1021F000FAF7B4FBB4F90C30002222632269002103
:10220000C4E9002123F02403D9E71846FAF778F946
:10221000AFE7092243F040032A60A381C7E700BF6C
:10222000E400002408B5062000F072F80120EFF762
:102230003BFD00BF2DE9F041B1F90C300C46990788
:1022400096B008D504F143030122C4E904322360A7
:1022500016B0BDE8F081B4F90E100029064626DB61
:102260006A4600F081F800281FDB019D05F47045E7
:10227000A5F50055B5FA85F54FF480686D094FF462
:10228000006741463046FAF765FCE8B1B4F90C3016
:10229000C4F8148043F0800320602061A3813DBB1B
:1022A0003B43A38116B0BDE8F081B4F90C3013F0C4
:1022B000800519D04FF040080025414630462F4692
:1022C000FAF748FC0028E1D1B4F90C309A05BFD4E4
:1022D00023F0030304F1430243F002030121C4E9A4
:1022E0000421A3812260B3E74FF480682F46C8E73A
:1022F000B4F90E10304600F04DF810B9B4F90C30B6
:10230000CEE7A38923F0030343F001031BB2C7E721
:1023100038B5144B1F281D681ED8D5F8382104463F
:1023200062B152F820304BB1012B05D0591C0FD0AF
:10233000002142F820109847002038BD284600F0C0
:1023400051F8224601462846BDE8384000F034B82E
:1023500016232B60012038BD16232B604FF0FF3071
:1023600038BD00BFE400002470B50C46084D03469C
:102370000026204611461C462E60EFF7BCFC431C8D
:1023800000D070BD2B68002BFBD0236070BD00BF58
:10239000B893002438B5074D0022044608462A6049
:1023A000EFF7AEFC431C00D038BD2B68002BFBD0F0
:1023B000236038BDB893002470B50C46084D034621
:1023C0000026204611461C462E60EFF765FC431C94
:1023D00000D070BD2B68002BFBD0236070BD00BF08
:1023E000B8930024EFF756BC38B52DED028B55ECB1
:1023F000104B00F069F822462B4620462946B0EEE5
:10240000408AF0EE608AEEF7A1FD30B90022002389
:1024100020462946EEF772FD30B9B0EE480AF0EEDC
:10242000680ABDEC028B38BDFAF7F6F900220023EA
:102430002121016010461946EEF718FC41EC180BFB
:10244000B0EE480AF0EE680ABDEC028B38BD00BF62
:1024500008B52DED028BB0EE408A00F02BF9B4EEFA
:10246000488AF1EE10FAF0EE408A0AD6B0EE480A39
:1024700000F01CF8F7EE007AB4EEE70AF1EE10FA7D
:1024800004DCB0EE680ABDEC028B08BDFAF7C4F9B3
:10249000BDEC028B034621221A600248BDE80840C9
:1024A00000F00CB8682F010800F000BA10EE103AE6
:1024B00023F0004300EE103A704700BF9FED010A81
:1024C000704700BF0000C07F2DE9F84F764955ECFA
:1024D000104BA94300F0AB80002D2A46234655DD62
:1024E0002C1562D0C2F31302E107A4F2FF3742F4C5
:1024F000801203D4D90F01EB42025B005200002688
:1025000002EBD3727F105B001624B4464FF4001127
:102510000CEB010090424FEAD3754FEA430303DC12
:1025200000EB010C121A0E44013C05EB42024FEA8B
:102530005101EDD1A04620254FF000400AE043D0E4
:10254000510001EBD371013D0A464FEA43034FEAC4
:10255000500045D0944508EB000EF0DABEF1000FB4
:102560000EEB00080CDBE146A2EB0C019E4588BF98
:1025700001F1FF314900CC46A3EB0E030444E0E730
:10258000B8F1000FEFDB0CF10109EDE725F0004198
:10259000214346D0002D71D1D90A153A5B05002997
:1025A000FAD0CE02144676D40A4600215200D50253
:1025B000084601F10101F9D5C1F1200523FA05F51D
:1025C0002A438B40241A8DE79E4502D94FEA4C01DD
:1025D000B7E7BEF1000F0EEB000824DB0021CBE7CC
:1025E000194312D0DFF8C4A0DFF8C4B0DAE9000163
:1025F000DBE90023EDF788FEDAE9008902460B46A5
:1026000040464946EEF784FCF8B96508711001F1BF
:102610007F5101F5001101EB075345EAC67243EC07
:10262000102BBDE8F88FB8F1000FACDAD6E72246E0
:102630002B4620462946EEF7EFF922462B46EDF7CA
:1026400065FE41EC100BBDE8F88FB4F1FF3FDAE90D
:102650000001DBE9002322D0EDF758FEDAE900891A
:1026600002460B4640464946EEF748FCC8B1A31C5B
:1026700004F1020508BF01366D08C7E722462B4664
:1026800020462946EDF740FE02460B46EEF7EEFAED
:1026900041EC100BC5E74FF0FF300A4692E70136D8
:1026A000B4E70134B1E700BF0000F07F60340108F7
:1026B0005834010838B510EE105A25F00044B4F132
:1026C0007E5F2DED048BF0EE407A7FD077D8B4F1A9
:1026D0007C5F0ED2B4F1485F80F092809FED637A08
:1026E00030EE077AF7EE006AB4EEE67AF1EE10FA11
:1026F00062DCB0EE670AFFF7D9FEF7EE007A37EE3C
:10270000C08AB6EE007A28EE078ADFED596A9FED9F
:10271000597A9FED596A9FED595ADFED595ADFED0D
:10272000598AE8EE076A9FED587AA8EE067A9FED7F
:10273000576AA6EE885AA7EE086A9FED557ADFED34
:10274000556AE5EE085AA6EE087AE5EE886AE7EEE5
:10275000087AE6EE888AB0EE480AB0EE679A00F092
:1027600023FA4D4B9C4268EE888A3AD810EE103A14
:102770006FF30B0306EE903AA6EEE68A70EE267A29
:1027800088EE895AC8EE274A9FED447ADFED447AF5
:10279000B0EE006AA4EEC67A30EE000AF0EE675A98
:1027A00090EE057AE6EEC65A37EE657A37EEC70A3E
:1027B000002D01DCB1EE400ABDEC048B38BDBDEC50
:1027C000048B70EE407A87EEA70A38BDBDEC048B0F
:1027D0009FED320A9FED337A27EE800AA7EE870A33
:1027E00038BD88EE896A9FED307ADFED2E7AA0EE53
:1027F000060AF0EE006AA0EE267A37EEC70AD7E79F
:1028000020EE007ADFED1B6A9FED196ADFED1B5A9F
:102810009FED195ADFED1A4AA7EE266ABDEC048B2C
:10282000E6EE075ADFED186A9FED186AE7EE056AD3
:10283000E5EE874AA6EE876A9FED165ADFED145A39
:10284000DFED106AA4EE875AE6EE075AE5EE076A56
:10285000B7EE006AA5EE876A26EE877AC7EE066AAB
:10286000E0EE267AB0EE670A38BD00BFCAF24971C1
:10287000047F4F3A08EF11382EC69D3D461124BD06
:10288000A80A4E3EABAA2A3E613330BF2D57014005
:1028900039D119C090B0A6BE9999793F2EBD3BB3EE
:1028A000DB0F493FDB0FC93F2EBD3B3310B582B074
:1028B000CDED010A019B23F00042B2F1FF4FF0EE93
:1028C000407A30D810EE100A20F00041B1F1FF4FED
:1028D00029D8B3F17E5F42D09C1704F0020444EA89
:1028E000D07431B37AB3B2F1FF4F40D0B1F1FF4FA2
:1028F00029D0891AB1F1F45F4FEAE15234DA002BA2
:1029000042DA3C3240DA9FED340A012C4ED0022CE0
:1029100043D064B19FED317ADFED317A30EE070AB2
:1029200030EE670A03E09DED017A37EE270A02B028
:1029300010BD022C10D09FED2B7A032C08BFB0EEF7
:10294000470A02B010BD9FED280ADFED287A002863
:10295000A8BFB0EE670AEAE79FED210AE7E702B0F9
:10296000BDE8104000F04AB89FED200ACDE7B1F174
:10297000FF4F04F1FF3420D0022C26D81C4B03EB70
:10298000840393ED000AD2E79DED017A87EE870A72
:10299000FFF78CFD00F032F8B7E79FED107ADFED1E
:1029A000107A30EE070A37EEC00AC0E710EE103A90
:1029B00003F1004300EE103AB9E7022C08D80D4BA2
:1029C00003EB840393ED000AB1E79FED030AAEE742
:1029D0009FED090AABE700BF000000002EBDBB332E
:1029E000DB0F4940DB0F49C0DB0FC9BFDB0FC93F1D
:1029F0006834010874340108DB0F493F38B510EE24
:102A0000105A25F00044B4F1A14FF0EE407A0DD3F6
:102A1000B4F1FF4F5BD8DFED517A9FED517A002D75
:102A2000CCBFB0EE470AB0EE670A38BD4D4B9C42B2
:102A30005CD8B4F1445F4DD34FF0FF3327EEA76A63
:102A40009FED495A9FED497ADFED495ADFED494A3A
:102A500066EE066A5A1CA6EE857AE6EEA54A9FED5A
:102A6000465ADFED465AA7EE265AE4EEA65A9FEDE7
:102A7000447ADFED444AA5EE267AE5EEA64A9FEDBC
:102A8000425ADFED425AA7EE265A9FED417AA4EE54
:102A9000A67AE5EE265A27EE267AA5EE867A27EE66
:102AA000877A38D03B493C4A01EB8301D1ED006A7B
:102AB00037EE667A02EB8303D3ED006A37EE677A6E
:102AC000002D36EEC70AB0DAB1EE400A38BD30EE5E
:102AD000000A38BD9FED317A30EE077AF7EE006AD2
:102AE000B4EEE67AF1EE10FAA6DD38BDFFF7DEFCB3
:102AF0002B4B9C4212D8A3F5D0039C4223D8F0EE76
:102B0000007ABFEE007AA0EE277A002330EE270A83
:102B1000C7EE007A92E737EEC70A38BD214B9C42D8
:102B20000BD8F7EE087AB7EE007AA0EE277A0223E8
:102B300030EE670AC0EE077A80E7BFEE007AC7EE94
:102B4000007A03237AE7F7EE007A30EE677A30EE08
:102B5000270A0123C7EE007A70E700BFDB0FC9BF69
:102B6000DB0FC93FFFFFDF3ED769853C59DA4B3D9C
:102B700021A215BD6BF16EBD356B883D95879DBD5E
:102B80006E2EBA3D388EE3BD2549123EABAAAA3E51
:102B9000CDCC4CBE8034010890340108CAF2497192
:102BA000FFFF973FFFFF1B40B1EEC00A704700BF19
:102BB000F8B500BFF8BC08BC9E467047F8B500BF2A
:082BC000F8BC08BC9E467047FA
:102BC800BC2D0108F91300080000000000000000F7
:102BD800800000000000000000000000B02D010887
:102BE800E5A70008FDFF0000000000000004000049
:102BF8000000000000000000AC2D010899AB00089F
:102C0800FDFF000000000000800000000000000040
:102C180000000000A42D010865A90008FDFF0000C0
:102C2800000000000001000000000000000000009B
:102C3800982D0108BDAA0008FDFF00000000000053
:102C48000004000000000000000000008C2D0108B6
:102C5800899E0008FDFF0000000000000001000040
:102C68000000000000000000802D01080314000887
:102C7800FDFF0000000000008000000000000000D0
:102C880000000000742D01080D140008FDFF00006D
:102C980000000000800000000000000000000000AC
:102CA800642D010869A70008FDFF0000000000006E
:102CB800000400000000000000000000582D01087A
:102CC80055A90008FDFF00000000000000010000F9
:102CD8000000000000000000482D0108F99C0008D1
:102CE800FDFF0000000000000001000000000000DF
:102CF80000000000000000000000000000000000CC
:102D080000000000000000000100000002000000B8
:102D1800030000000400000000000000050000009F
:102D28000000000000000000000000000600000095
:102D38000000000000000000000000000700000084
:102D4800626F6172645F636F6D6D756E6963610058
:102D58006572726F725F636865636B006368617345
:102D68007369735F7461736B0000000073746F7034
:102D78005F636865636B000073686F6F745F74618D
:102D8800736B000063616E5F73656E740000000012
:102D9800696D755F64617461000000006765745F48
:102DA800726300006C65640064656275675F7561D5
:102DB8007274000064656661756C745461736B00AD
:102DC80049444C450000000025642C25642C2564EA
:102DD8002C25642C25642C25642C25642C25642042
:102DE8000D0A0000FFFFFFFFFFFFFF00494E4600EE
:102DF800696E66004E414E006E616E0030313233AE
:102E0800343536373839616263646566000000001E
:102E18003031323334353637383941424344454608
:102E280000000000286E756C6C290000300000005E
:102E38002E0000004C435F434F4C4C41544500006A
:102E48004C435F4354595045000000004C435F4DCC
:102E58004F4E4554415259004C435F4E554D4552D3
:102E6800494300004C435F54494D45004C435F4D76
:102E78004553534147455300496E66696E697479F5
:102E8800000000004E614E0042616C6C6F6320735D
:102E98007563636565646564000000002F64617490
:102EA800612F6A656E6B696E732F776F726B7370C3
:102EB8006163652F474E552D746F6F6C6368616948
:102EC8006E2F61726D2D31332F7372632F6E65779C
:102ED8006C69622D63796777696E2F6E65776C69A7
:102EE800622F6C6962632F7374646C69622F6474F7
:102EF8006F612E63000000002F646174612F6A65A2
:102F08006E6B696E732F776F726B73706163652F69
:102F1800474E552D746F6F6C636861696E2F6172CF
:102F28006D2D31332F7372632F6E65776C69622D47
:102F380063796777696E2F6E65776C69622F6C6944
:102F480062632F7374646C69622F6D707265632E8F
:102F5800630000002C2066756E6374696F6E3A20FA
:102F680000000000617373657274696F6E2022251A
:102F78007322206661696C65643A2066696C652015
:102F8800222573222C206C696E6520256425732503
:102F9800730A000000000000010203040102030498
:102FA800060708090006101600061016000102039D
:102FB80004050607080C1014182030400100020010
:102FC8000400060008000A000C0010002000400061
:102FD8008000000108040204080101010101010345
:102FE800070100000F000810820911000A15800B64
:102FF80016000C18010D00007D04017C000240AB96
:103008000341000553080658040700000000891111
:1030180012239B322446AD573665BF74488CC19D38
:103028005AAFD3BE6CCAE5DB7EE9F7F88110080118
:1030380093331A22A5562C47B7753E64C99C408D18
:10304800DBBF52AEEDDA64CBFFF976E802218B30B4
:10305800100299132667AF763444BD554AADC3BCF8
:10306800588ED19F6EEBE7FA7CC8F5D983310A20D8
:1030780091121803A7772E66B5543C45CBBD42ACD8
:10308800D99E508FEFFB66EAFDD874C904428D5370
:1030980016619F702004A9153227BB364CCEC5DFB8
:1030A8005EEDD7FC6888E1997AABF3BA85520C4398
:1030B80097711E60A1142805B3373A26CDDE44CF98
:1030C800DFFD56ECE9986089FBBB72AA06638F7234
:1030D80014409D512225AB343006B9174EEFC7FE78
:1030E8005CCCD5DD6AA9E3B8788AF19B87730E6258
:1030F80095501C41A3352A24B1163807CFFF46EE58
:10310800DDDC54CDEBB962A8F99A708B08848195FF
:103118001AA793B62CC2A5D33EE1B7F04008C91947
:10312800522BDB3A644EED5F766DFF7C8994008507
:103138009BB712A6ADD224C3BFF136E0C118480927
:10314800D33B5A2AE55E6C4FF77D7E6C0AA583B4A3
:10315800188691972EE3A7F23CC0B5D14229CB3807
:10316800500AD91B666FEF7E744CFD5D8BB502A4C7
:1031780099961087AFF326E2BDD034C1C3394A28E7
:10318800D11A580BE77F6E6EF55C7C4D0CC685D75F
:103198001EE597F42880A1913AA3B3B2444ACD5BC7
:1031A8005669DF78600CE91D722FFB3E8DD604C787
:1031B8009FF516E4A9902081BBB332A2C55A4C4BA7
:1031C800D7795E68E11C680DF33F7A2E0EE787F623
:1031D8001CC495D52AA1A3B03882B193466BCF7A87
:1031E8005448DD59622DEB3C700EF91F8FF706E647
:1031F8009DD414C5ABB122A0B9923083C77B4E6A67
:10320800D5585C49E33D6A2CF11E780F30303030D8
:1032180030303030303030303030303020202020E6
:103228002020202020202020202020200500000011
:10323800190000007D0000000080E03779C3414399
:10324800176E05B5B5B89346F5F93FE9034F384D04
:10325800321D30F94877825A3CBF737FDD4F1575B0
:10326800000000000000F03F0000000000002440C3
:1032780000000000000059400000000000408F409E
:10328800000000000088C34000000000006AF84009
:103298000000000080842E4100000000D01263412D
:1032A8000000000084D797410000000065CDCD41A3
:1032B800000000205FA00242000000E87648374284
:1032C800000000A2941A6D42000040E59C30A24222
:1032D8000000901EC4BCD64200003426F56B0C4397
:1032E8000080E03779C3414300A0D885573476433E
:1032F80000C84E676DC1AB43003D9160E458E1439F
:10330800408CB5781DAF154450EFE2D6E41A4B4413
:1033180092D54D06CFF08044F64AE1C7022DB54458
:10332800B49DD9794378EA44002020202020202029
:10333800202028282828282020202020202020205D
:10334800202020202020202020881010101010106D
:1033580010101010101010101004040404040404B9
:103368000404041010101010101041414141414153
:103378000101010101010101010101010101010135
:103388000101010110101010101042424242424245
:103398000202020202020202020202020202020205
:1033A80002020202101010102000000000000000AD
:1033B8000000000000000000000000000000000005
:1033C80000000000000000000000000000000000F5
:1033D80000000000000000000000000000000000E5
:1033E80000000000000000000000000000000000D5
:1033F80000000000000000000000000000000000C5
:1034080000000000000000000000000000000000B4
:1034180000000000000000000000000000000000A4
:1034280000000000000000000000000030303030D4
:1034380030303030303030303030303020202020C4
:1034480020202020202020202020202000000000F4
:1034580059F3F8C21F6EA501000000000000F03FFC
:1034680000000080DB0F4940DB0F49C0DB0F49BF7C
:10347800E4CB1640E4CB16C06937AC31682122335F
:10348800B40F14336821A2333863ED3EDA0F493F95
:083498005E987B3FDA0FC93F8B
:0834A000ACD2FE7F0100000028
:0834A80085C80008311000087E
:0434B00009100008F7
:1034B4000000803F00000000000000000000000049
:1034C4000090D0030090D003010000001000000021
:1034D400AAAAAAAA58A08B3AE7416B3A0000204155
:1034E4000000000000000000000000410AD7A33CD7
:1034F4000000000000002041000000000000000067
:10350400000000410AD7A33C000000000000204155
:103514000000000000000000000000410AD7A33CA6
:103524000000000000002041000000000000000036
:10353400000000410AD7A33C000000000000204125
:10354400CDCCCC3D0000000000002041CDCCCC3DD2
:10355400000000000000A040CDCCCC3D00000000E5
:103564000000A040CDCCCC3D000000000000A040F5
:10357400CDCCCC3D000000000000A040CDCCCC3D23
:10358400000000000000803F000000000300000075
:103594007C920024E8000024000000007C920024B7
:1035A400E49200244C93002400000000000000007A
:1035B4000000000000000000000000000000000007
:1035C40000000000000000000000000000000000F7
:1035D40000000000000000000000000000000000E7
:1035E40000000000000000000000000000000000D7
:1035F40000000000000000000000000000000000C7
:1036040000000000000000000000000000000000B6
:1036140000000000000000000000000000000000A6
:103624000000000000000000000000000000000096
:1036340001000000000000000E33CDAB34126DE633
:10364400ECDE05000B00000000000000000000009C
:103654000000000000000000000000000000000066
:103664000000000000000000000000000000000056
:103674000000000000000000000000000000000046
:103684000000000000000000000000000000000036
:103694000000000000000000000000000000000026
:1036A4000000000000000000000000000000000016
:1036B4000000000000000000000000000000000006
:1036C40000000000000000000000000000000000F6
:1036D4000000000000000000C0930024FFFFFFFF73
:1036E40000000200000000000000000000000000D4
:1036F400380200243802002440020024400200243E
:1037040048020024480200245002002450020024ED
:10371400580200245802002460020024600200249D
:10372400680200246802002470020024700200244D
:1037340078020024780200248002002480020024FD
:1037440088020024880200249002002490020024AD
:103754009802002498020024A0020024A00200245D
:10376400A8020024A8020024B0020024B00200240D
:10377400B8020024B8020024C0020024C0020024BD
:10378400C8020024C8020024D0020024D00200246D
:10379400D8020024D8020024E0020024E00200241D
:1037A400E8020024E8020024F0020024F0020024CD
:1037B400F8020024F802002400030024000300247B
:1037C4000803002408030024100300241003002429
:1037D40018030024180300242003002420030024D9
:1037E4002803002428030024300300243003002489
:1037F4003803002438030024400300244003002439
:1038040048030024480300245003002450030024E8
:103814005803002458030024600300246003002498
:103824006803002468030024700300247003002448
:1038340078030024780300248003002480030024F8
:1038440088030024880300249003002490030024A8
:103854009803002498030024A0030024A003002458
:10386400A8030024A8030024B0030024B003002408
:10387400B8030024B8030024C0030024C0030024B8
:10388400C8030024C8030024D0030024D003002468
:10389400D8030024D8030024E0030024E003002418
:1038A400E8030024E8030024F0030024F0030024C8
:1038B400F8030024F8030024000400240004002476
:1038C4000804002408040024100400241004002424
:1038D40018040024180400242004002420040024D4
:1038E4002804002428040024300400243004002484
:1038F4003804002438040024400400244004002434
:1039040048040024480400245004002450040024E3
:103914005804002458040024600400246004002493
:103924006804002468040024700400247004002443
:1039340078040024780400248004002480040024F3
:1039440088040024880400249004002490040024A3
:103954009804002498040024A0040024A004002453
:10396400A8040024A8040024B0040024B004002403
:10397400B8040024B8040024C0040024C0040024B3
:10398400C8040024C8040024D0040024D004002463
:10399400D8040024D8040024E0040024E004002413
:1039A400E8040024E8040024F0040024F0040024C3
:1039B400F8040024F8040024000500240005002471
:1039C400080500240805002410050024100500241F
:1039D40018050024180500242005002420050024CF
:1039E400280500242805002430050024300500247F
:1039F400380500243805002440050024400500242F
:103A040048050024480500245005002450050024DE
:103A1400580500245805002460050024600500248E
:103A2400680500246805002470050024700500243E
:103A340078050024780500248005002480050024EE
:103A4400880500248805002490050024900500249E
:103A54009805002498050024A0050024A00500244E
:103A6400A8050024A8050024B0050024B0050024FE
:103A7400B8050024B8050024C0050024C0050024AE
:103A8400C8050024C8050024D0050024D00500245E
:103A9400D8050024D8050024E0050024E00500240E
:103AA400E8050024E8050024F0050024F0050024BE
:103AB400F8050024F805002400060024000600246C
:103AC400080600240806002410060024100600241A
:103AD40018060024180600242006002420060024CA
:103AE400280600242806002430060024300600247A
:103AF400430000000000000000000000000000007F
:103B040000000000000000000000000000000000B1
:103B1400430000000000000000000000000000005E
:103B24000000000000000000000000000000000091
:103B3400430000000000000000000000000000003E
:103B44000000000000000000000000000000000071
:103B5400430000000000000000000000000000001E
:103B64000000000000000000000000000000000051
:103B740043000000000000000000000000000000FE
:103B84000000000000000000000000000000000031
:103B940043000000000000000000000000000000DE
:103BA4000000000000000000000000000000000011
:103BB40043000000000000000000000000000000BE
:103BC40000000000000000000000000000000000F1
:103BD400E107010829000108000000003033010852
:103BE400382E0108682F0108682F0108682F010882
:103BF400682F0108682F0108682F0108682F010841
:103C0400682F0108682F0108FFFFFFFFFFFFFFFF78
:103C1400FFFFFFFFFFFF000001004153434949003C
:103C24000000000000000000000000000000000090
:103C34000000000000000000000041534349490017
:103C44000000000000000000000000000000000070
:0C3C540000000000000000000000000064
:04000005080022D9F4
:00000001FF
