:020000040800F2
:10000000000002208D200008511800085318000835
:10001000551800085718000859180008000000007B
:1000200000000000000000000000000091500008E7
:100030005B180008000000003151000895510008CD
:10004000DD200008DD200008DD200008DD2000089C
:10005000DD200008DD200008DD200008DD2000088C
:10006000DD200008DD200008DD200008DD2000087C
:100070005D180008DD200008DD200008DD200008F4
:10008000DD200008DD200008DD200008DD2000085C
:100090006D180008DD200008DD200008DD200008C4
:1000A000DD200008DD200008DD200008DD2000083C
:1000B000DD200008DD200008DD200008DD2000082C
:1000C000DD200008DD200008DD200008DD2000081C
:1000D000DD2000087D180008DD200008E58200080A
:1000E000DD200008DD200008DD200008DD200008FC
:1000F000DD200008DD200008DD200008DD200008EC
:10010000DD200008DD200008DD200008DD200008DB
:10011000DD200008DD200008DD2000088D18000823
:10012000DD2000089D180008AD180008DD2000083B
:10013000DD200008DD200008DD200008DD200008AB
:10014000BD180008DD200008DD200008DD200008C3
:10015000DD200008CD180008DD180008ED180008A3
:10016000DD200008DD200008DD200008DD2000087B
:10017000DD200008DD200008DD2000080000000070
:08018000DD200008DD2000086D
:1001C00081F0004102E000BF83F0004330B54FEA08
:1001D00041044FEA430594EA050F08BF90EA020F75
:1001E0001FBF54EA000C55EA020C7FEA645C7FEA08
:1001F000655C00F0E2804FEA5454D4EB5555B8BF2B
:100200006D420CDD2C4480EA020281EA030382EA9B
:10021000000083EA010180EA020281EA0303362D2D
:1002200088BF30BD11F0004F4FEA01314FF4801C00
:100230004CEA113102D0404261EB410113F0004F12
:100240004FEA03334CEA133302D0524263EB4303C9
:1002500094EA050F00F0A780A4F10104D5F1200E67
:100260000DDB02FA0EFC22FA05F2801841F10001C2
:1002700003FA0EF2801843FA05F359410EE0A5F196
:1002800020050EF1200E012A03FA0EFC28BF4CF0C7
:10029000020C43FA05F3C01851EBE37101F000457D
:1002A00007D54FF0000EDCF1000C7EEB00006EEB8A
:1002B0000101B1F5801F1BD3B1F5001F0CD3490814
:1002C0005FEA30004FEA3C0C04F101044FEA44526B
:1002D00012F5800F80F09A80BCF1004F08BF5FEAF2
:1002E000500C50F1000041EB045141EA050130BDD2
:1002F0005FEA4C0C404141EB0101013C28BFB1F5E4
:10030000801FE9D291F0000F04BF01460020B1FA2E
:1003100081F308BF2033A3F10B03B3F120020CDA01
:100320000C3208DD02F1140CC2F10C0201FA0CF0DF
:1003300021FA02F10CE002F11402D8BFC2F1200C44
:1003400001FA02F120FA0CFCDCBF41EA0C019040FA
:10035000E41AA2BF01EB0451294330BD6FEA040443
:100360001F3C1CDA0C340EDC04F11404C4F120022E
:1003700020FA04F001FA02F340EA030021FA04F340
:1003800045EA030130BDC4F10C04C4F1200220FA97
:1003900002F001FA04F340EA0300294630BD21FAD5
:1003A00004F0294630BD94F0000F83F4801306BF9B
:1003B00081F480110134013D4EE77FEA645C18BF8F
:1003C0007FEA655C29D094EA050F08BF90EA020F26
:1003D00005D054EA000C04BF1946104630BD91EA1E
:1003E000030F1EBF0021002030BD5FEA545C05D121
:1003F0004000494128BF41F0004130BD14F5800460
:100400003CBF01F5801130BD01F0004545F0FE41D3
:1004100041F470014FF0000030BD7FEA645C1ABF08
:10042000194610467FEA655C1CBF0B46024650EA3F
:10043000013406BF52EA033591EA030F41F400216B
:1004400030BD00BF90F0000F04BF0021704730B5F1
:100450004FF4806404F132044FF000054FF00001C6
:1004600050E700BF90F0000F04BF0021704730B587
:100470004FF4806404F1320410F0004548BF40425C
:100480004FF000013EE700BF42004FEAE2014FEAB1
:1004900031014FEA02701FBF12F07F4393F07F4F8C
:1004A00081F06051704732F07F4208BF704793F08F
:1004B0007F4F04BF41F40021704730B54FF46074A2
:1004C00001F0004521F000411CE700BF50EA0102A5
:1004D00008BF704730B54FF000050AE050EA01024E
:1004E00008BF704730B511F0004502D5404261EBBE
:1004F00041014FF4806404F132045FEA915C3FF4FF
:10050000D8AE4FF003025FEADC0C18BF03325FEA9B
:10051000DC0C18BF033202EBDC02C2F1200300FA4C
:1005200003FC20FA02F001FA03FE40EA0E0021FA71
:1005300002F11444BDE600BF4FEA4102B2F1E043CC
:1005400024BFB3F5001CDCF1FE5C0DD901F0004CBA
:100550004FEAC0024CEA5070B2F1004F40EB83000A
:1005600008BF20F00100704711F0804F21D113F136
:100570003872BCBF01F00040704741F480114FEA6F
:100580005252C2F11802C2F1200C10FA0CF320FAF8
:1005900002F018BF40F001004FEAC1234FEAD32315
:1005A00003FA0CFC40EA0C0023FA02F34FEA43037F
:1005B000CCE77FEA625307D150EA01331EBF4FF008
:1005C000FE4040F44000704701F0004040F0FE4023
:1005D00040F40000704700BF53B94AB9002908BF72
:1005E00000281CBF4FF0FF314FF0FF3000F00CB877
:1005F000ADF1080C6DE904CE08F0D2F8DDF804E0A6
:10060000DDE9022304B07047704700BF844641EA29
:10061000000313F003036DD1403A41D351F8043B7A
:1006200040F8043B51F8043B40F8043B51F8043BCC
:1006300040F8043B51F8043B40F8043B51F8043BBC
:1006400040F8043B51F8043B40F8043B51F8043BAC
:1006500040F8043B51F8043B40F8043B51F8043B9C
:1006600040F8043B51F8043B40F8043B51F8043B8C
:1006700040F8043B51F8043B40F8043B51F8043B7C
:1006800040F8043B51F8043B40F8043B51F8043B6C
:1006900040F8043B51F8043B40F8043B403ABDD2DB
:1006A000303211D351F8043B40F8043B51F8043B7D
:1006B00040F8043B51F8043B40F8043B51F8043B3C
:1006C00040F8043B103AEDD20C3205D351F8043B0C
:1006D00040F8043B043AF9D2043208D0D2071CBFD8
:1006E00011F8013B00F8013B01D30B880380604601
:1006F000704700BF082A13D38B078DD010F0030377
:100700008AD0C3F10403D21ADB071CBF11F8013BE6
:1007100000F8013B80D331F8023B20F8023B7BE735
:10072000043AD9D3013A11F8013B00F8013BF9D260
:100730000B7803704B7843708B78837060467047FA
:1007400001F0FF01102A2BDB10F0070F08D010F882
:10075000013B013A8B422DD010F0070F42B3F6D186
:10076000F0B441EA012141EA014122F007047FF09F
:1007700000070023F0E80256083C85EA010586EAF6
:10078000010685FA47F5A3FA87F586FA47F6A5FA32
:1007900087F68EB9EED1F0BC01F0FF0102F007023E
:1007A00032B110F8013B013A83EA010313B1F8D1E9
:1007B0000020704701387047002D06BF35460338CA
:1007C000073815F0010F07D1013015F4807F02BF03
:1007D000013015F4C03F0130F0BC0138704700BF54
:1007E0000000000000000000000000000000000009
:1007F00000000000000000000000000000000000F9
:1008000030B490F800F020F007016FF0000C10F009
:10081000070491F820F040F048804FF000046FF09A
:100820000700D1E9002391F840F000F1080082FAB6
:100830004CF2A4FA8CF283FA4CF3A2FA8CF34BBB81
:10084000D1E9022382FA4CF200F10800A4FA8CF2FA
:1008500083FA4CF3A2FA8CF3E3B9D1E9042382FAC8
:100860004CF200F10800A4FA8CF283FA4CF3A2FADD
:100870008CF37BB9D1E9062301F1200182FA4CF215
:1008800000F10800A4FA8CF283FA4CF3A2FA8CF37C
:10089000002BC6D0002A04BF04301A4612BAB2FA9E
:1008A00082F200EBD20030BC7047D1E9002304F0A3
:1008B0000305C4F100004FEAC50514F0040F91F8D8
:1008C00040F00CFA05F562EA05021CBF63EA050375
:1008D00062464FF00004AAE770B54FF0FF0C4CF4ED
:1008E000E06C1CEA11541DBF1CEA135594EA0C0F6E
:1008F00095EA0C0F00F0DEF82C4481EA030621EAA9
:100900004C5123EA4C5350EA013518BF52EA0335E3
:1009100041F4801143F4801338D0A0FB02CE4FF095
:100920000005E1FB02E506F00042E0FB03E54FF0C5
:100930000006E1FB03569CF0000F18BF4EF0010EBD
:10094000A4F1FF04B6F5007F64F5407404D25FEAB9
:100950004E0E6D4146EB060642EAC62141EA55516C
:100960004FEAC52040EA5E504FEACE2EB4F1FD0CAE
:1009700088BFBCF5E06F1ED8BEF1004F08BF5FEA2C
:10098000500E50F1000041EB045170BD06F00046DE
:1009900046EA010140EA020081EA0301B4EB5C048B
:1009A000C2BFD4EB0C0541EA045170BD41F4801183
:1009B0004FF0000E013C00F3AB8014F1360FDEBFA8
:1009C000002001F0004170BDC4F10004203C35DA84
:1009D0000C341BDC04F11404C4F1200500FA05F307
:1009E00020FA04F001FA05F240EA020001F00042A8
:1009F00021F0004110EBD37021FA04F642EB06011E
:100A00005EEA430E08BF20EAD37070BDC4F10C0447
:100A1000C4F1200500FA04F320FA05F001FA04F20B
:100A200040EA020001F0004110EBD37041F10001F7
:100A30005EEA430E08BF20EAD37070BDC4F1200502
:100A400000FA05F24EEA020E20FA04F301FA05F26A
:100A500043EA020321FA04F001F0004121FA04F212
:100A600020EA020000EBD3705EEA430E08BF20EAE2
:100A7000D37070BD94F0000F0FD101F0004640001C
:100A800041EB010111F4801F08BF013CF7D041EA9E
:100A9000060195F0000F18BF704703F000465200A2
:100AA00043EB030313F4801F08BF013DF7D043EA73
:100AB0000603704794EA0C0F0CEA135518BF95EA29
:100AC0000C0F0CD050EA410618BF52EA4306D1D1B0
:100AD00081EA030101F000414FF0000070BD50EACF
:100AE000410606BF1046194652EA430619D094EA59
:100AF0000C0F02D150EA013613D195EA0C0F05D143
:100B000052EA03361CBF104619460AD181EA030196
:100B100001F0004141F0FE4141F470014FF000004E
:100B200070BD41F0FE4141F4780170BD70B54FF0E9
:100B3000FF0C4CF4E06C1CEA11541DBF1CEA135569
:100B400094EA0C0F95EA0C0F00F0A7F8A4EB05044B
:100B500081EA030E52EA03354FEA013100F0888042
:100B60004FEA03334FF0805545EA131343EA12630B
:100B70004FEA022245EA111545EA10654FEA0026C0
:100B80000EF000419D4208BF964244F1FD0404F579
:100B9000407402D25B084FEA3202B61A65EB0305D5
:100BA0005B084FEA32024FF480104FF4002CB6EB92
:100BB000020E75EB030E22BFB61A754640EA0C0012
:100BC0005B084FEA3202B6EB020E75EB030E22BF52
:100BD000B61A754640EA5C005B084FEA3202B6EB93
:100BE000020E75EB030E22BFB61A754640EA9C0052
:100BF0005B084FEA3202B6EB020E75EB030E22BF22
:100C0000B61A754640EADC0055EA060E18D04FEADF
:100C1000051545EA16754FEA06164FEAC30343EA7F
:100C200052734FEAC2025FEA1C1CC0D111F4801F4C
:100C30000BD141EA00014FF000004FF0004CB6E745
:100C400011F4801F04BF01430020B4F1FD0C88BFE4
:100C5000BCF5E06F3FF6AFAEB5EB030C04BFB6EBEF
:100C6000020C5FEA500C50F1000041EB045170BDE2
:100C70000EF0004E4EEA113114EB5C04C2BFD4EB0F
:100C80000C0541EA045170BD41F480114FF0000E93
:100C9000013C90E645EA060E8DE60CEA135594EA0F
:100CA0000C0F08BF95EA0C0F3FF43BAF94EA0C0F12
:100CB0000AD150EA01347FF434AF95EA0C0F7FF487
:100CC00025AF104619462CE795EA0C0F06D152EADB
:100CD00003353FF4FDAE1046194622E750EA4106BF
:100CE00018BF52EA43067FF4C5AE50EA41047FF4D0
:100CF0000DAF52EA43057FF4EBAE12E74FF0FF3C35
:100D000006E000BF4FF0010C02E000BF4FF0010C05
:100D10004DF804CD4FEA410C7FEA6C5C4FEA430C7E
:100D200018BF7FEA6C5C1BD001B050EA410C0CBFCD
:100D300052EA430C91EA030F02BF90EA020F00202F
:100D4000704710F1000F91EA030F58BF994208BF96
:100D500090422CBFD8176FEAE37040F00100704753
:100D60004FEA410C7FEA6C5C02D150EA013C07D1AA
:100D70004FEA430C7FEA6C5CD6D152EA033CD3D0F5
:100D80005DF8040B704700BF8446104662468C46EF
:100D90001946634600E000BF01B5FFF7B7FF002822
:100DA00048BF10F1000F01BD4DF808EDFFF7F4FF4B
:100DB0000CBF012000205DF808FB00BF4DF808EDD6
:100DC000FFF7EAFF34BF012000205DF808FB00BFF9
:100DD0004DF808EDFFF7E0FF94BF012000205DF81B
:100DE00008FB00BF4DF808EDFFF7CEFF94BF0120D0
:100DF00000205DF808FB00BF4DF808EDFFF7C4FFC9
:100E000034BF012000205DF808FB00BF4FEA410C11
:100E10007FEA6C5C02D150EA013C0AD14FEA430CF4
:100E20007FEA6C5C02D152EA033C02D14FF0000031
:100E300070474FF0010070474FEA410212F500126F
:100E400015D211D56FF47873B3EB625212D94FEA11
:100E5000C12343F0004343EA505311F0004F23FAFB
:100E600002F018BF404270474FF00000704750EA50
:100E7000013005D111F0004008BF6FF0004070470D
:100E80004FF00000704700BF0348044B834202D07C
:100E9000034B03B118477047CC070020CC07002054
:100EA000000000000548064B1B1AD90F01EBA301F7
:100EB000491002D0034B03B118477047CC070020FC
:100EC000CC0700200000000010B5064C237843B981
:100ED000FFF7DAFF044B13B10448AFF3008001239E
:100EE000237010BDD007002000000000E8050108B5
:100EF00008B5054B1BB105490548AFF30080BDE8B7
:100F00000840FFF7CFBF00BF00000000D40700205B
:100F1000E805010808B50D480D4B03600323436045
:100F200000238360C3604FF4102202614FF400126B
:100F30004261037643768376C3760377437701F085
:100F4000FBF800B908BD00F0CDFAFBE71808002057
:100F50000064004008B50D480D4B03600323436057
:100F600000238360C3604FF4102202614FF400122B
:100F70004261037643768376C3760377437701F045
:100F8000DBF800B908BD00F0ADFAFBE7F007002080
:100F90000068004010B58AB00023059306930793BC
:100FA0000893099303683D4A934204D03C4A934214
:100FB00034D00AB010BD3B4A136801331360012BD3
:100FC0001FD000240194384B1A6B42F008021A63B8
:100FD0001B6B03F008030193019B0323059302227B
:100FE000069208930923099305A9304801F04EFFA2
:100FF00022460521142001F0D3FC142001F0E0FC6E
:10100000D7E700230093284B1A6C42F000721A6451
:101010001B6C03F000730093009BD2E70023029344
:10102000214B1A6C42F080621A641B6C03F08063DF
:101030000293029B1B4A136801331360012B20D0DB
:1010400000240494184B1A6B42F002021A631B6BC3
:1010500003F002030493049B602305930223069389
:10106000032308930923099305A9114801F00EFFF2
:1010700022460521402001F093FC402001F0A0FC15
:1010800097E700230393084B1A6C42F000721A642E
:101090001B6C03F000730393039BD1E700640040D3
:1010A00000680040EC07002000380240000C0240BD
:1010B0000004024010B582B0002400941E4B1A6B4D
:1010C00042F480021A631A6B02F480020092009AC2
:1010D00001941A6B42F400121A631B6B03F40013A1
:1010E0000193019B224605210C2001F059FC0C20A4
:1010F00001F066FC22460521392001F051FC39201F
:1011000001F05EFC224605213A2001F049FC3A201C
:1011100001F056FC22460521452001F041FC452006
:1011200001F04EFC22460521462001F039FC462004
:1011300001F046FC02B010BD0038024008B50120A5
:1011400003F0FFFEFBE70000034B0360034B0B6063
:1011500080231360704700BF400A00204008002031
:1011600010B5DCB0754C0DF5AA7CA646BEE80F00A4
:10117000ACE80F009EE807008CE80700002155A8A6
:1011800003F0ACFE6E4B18600DF59C7C04F11C0E58
:10119000BEE80F00ACE80F009EE807008CE80700EF
:1011A00000214EA803F09AFE664B18600DF58E7C68
:1011B00004F1380EBEE80F00ACE80F009EE807000F
:1011C0008CE80700002147A803F088FE5E4B1860FA
:1011D0000DF5807C04F1540EBEE80F00ACE80F0062
:1011E0009EE807008CE80700002140A803F076FE87
:1011F000564B18600DF1E40C04F1700EBEE80F00C0
:10120000ACE80F009EE807008CE80700002139A831
:1012100003F064FE4E4B18600DF1C80C04F18C0E07
:10122000BEE80F00ACE80F009EE807008CE807005E
:10123000002132A803F052FE464B18600DF1AC0CB1
:1012400004F1A80EBEE80F00ACE80F009EE807000E
:101250008CE8070000212BA803F040FE3E4B1860ED
:101260000DF1900C04F1C40EBEE80F00ACE80F00C5
:101270009EE807008CE80700002124A803F02EFE5A
:10128000364B18600DF1740C04F1E00EBEE80F004F
:10129000ACE80F009EE807008CE8070000211DA8BD
:1012A00003F01CFE2E4B18600DF1580C04F1FC0EDF
:1012B000BEE80F00ACE80F009EE807008CE80700CE
:1012C000002116A803F00AFE264B18600DF13C0C15
:1012D00004F58C7EBEE80F00ACE80F009EE8070026
:1012E0008CE8070000210FA803F0F8FD1E4B1860E2
:1012F0000DF1200C04F59A7EBEE80F00ACE80F005B
:101300009EE807008CE80700002108A803F0E6FD2E
:10131000164B18600DF1040C04F5A8740FCCACE862
:101320000F0094E807008CE80700002101A803F0F3
:10133000D5FD0F4B18605CB010BD00BF0006010862
:10134000080C0020040C0020000C0020FC0B0020E6
:10135000F80B0020F40B0020F00B0020EC0B002019
:10136000E80B0020E40B0020E00B0020DC0B002049
:10137000D80B00202DE9F0418EB0002409940A9486
:101380000B940C940D9401944B4B1A6B42F0020297
:101390001A631A6B02F002020192019A02941A6B0C
:1013A00042F040021A631A6B02F040020292029A63
:1013B00003941A6B42F001021A631A6B02F00102E5
:1013C0000392039A04941A6B42F008021A631A6B90
:1013D00002F008020492049A05941A6B42F0040287
:1013E0001A631A6B02F004020592059A06941A6BAE
:1013F00042F480721A631A6B02F480720692069AA3
:1014000007941A6B42F080021A631A6B02F0800292
:101410000792079A08941A6B42F010021A631B6B2A
:1014200003F010030893089B244F22464FF4E05129
:10143000384601F028FEDFF8908001221021404656
:1014400001F021FE1E4E01221146304601F01BFE26
:101450004FF4E053099301250A950B940C9409A9C4
:10146000384601F013FD102309930A950B950227C6
:101470000C9709A9404601F009FD302309934FF468
:1014800088130A930B9509A90E4801F0FFFC0995F2
:101490000A950B950C9709A9304601F0F7FC4FF41B
:1014A000804309930A940B9509A9304601F0EEFC9C
:1014B0000EB0BDE8F08100BF00380240001C0240C1
:1014C00000040240000802400000024008B5026823
:1014D000034B9A4200D008BD00F01CFEFBE700BFA2
:1014E0000014004072B6FEE700B595B0302200212E
:1014F00008A807F007FC00230393049305930693C1
:1015000007930193204A116C41F080511164126CD1
:1015100002F080520192019A02931C4B1A6842F425
:1015200080421A601B6803F480430293029B0123EC
:1015300008934FF48033099302230E934FF48002F3
:101540000F9206221092A822119212930423139351
:1015500008A801F0A7FD98B90F2303930223049371
:10156000002305934FF4A05306934FF48053079341
:10157000052103A801F0E6FF20B915B05DF804FBD2
:10158000FFF7B0FFFFF7AEFF0038024000700040E9
:1015900008B500F0A5FDFFF7A7FFFFF7EBFEFFF78B
:1015A00089FD00F0EFFB00F0CFFBFFF7B3FCFFF786
:1015B000D1FC00F0AFFB00F093FA00F023FB00F049
:1015C00063F82C4C204602F0A7FB0021204602F0D5
:1015D000DFFE0421204602F0DBFE0821204602F057
:1015E000D7FE0021204602F0D3FE234C204602F015
:1015F00093FB0021204602F0CBFE0421204602F09E
:10160000C7FE0821204602F0C3FE01221B491C48E8
:1016100003F046FC06F058FE06F060FE194B186019
:1016200005F092FB04F008FD05F0C2FD05F0F0FDA9
:1016300005F01EFE05F04CFE05F0A8FE06F07AFA55
:1016400006F054FA06F0A4FA06F0FCFA06F00CFBD9
:1016500006F03AFB06F068FB06F096FB06F0C4FBCA
:1016600006F0F2FB06F052FFFFF77AFD03F031FCC3
:10167000FEE700BF340E0020EC0D00200E0C002011
:10168000EC100020440D002008B50F480F4B0360FC
:101690004FF48273436000238360C36002220261BF
:1016A000012242614FF4007282613822C2610362FA
:1016B000436283620A23C36202F0DCF800B908BD0A
:1016C000FFF710FFFBE700BF480D0020003001408E
:1016D000F0B589B000230393049305930693079311
:1016E00002681E4B9A4201D009B0F0BD002400945C
:1016F00003F584335A6C42F480525A645A6C02F4F3
:1017000080520092009A01941A6B42F002021A630E
:101710001A6B02F002020192019A02941A6B42F0D3
:1017200001021A631B6B03F001030293029B18234F
:10173000039302270497032606960525079503A918
:10174000074801F0A3FB80230393049705940696B2
:10175000079503A9034801F099FBC5E70030014054
:10176000000402400000024000B583B00022009255
:101770000D4B596C41F480415964596C01F480411E
:10178000009100990192196C41F0805119641B6C11
:1017900003F080530193019B0F216FF0010001F0D2
:1017A000FFF803B05DF804FB0038024030B589B0A3
:1017B000044600230193214B1A6C42F020021A6464
:1017C0001B6C03F020030193019B02A903A801F005
:1017D0008FFF069BCBB901F06BFF0346184AA2FBB3
:1017E00003239B0C013B1748174A026040F2E73283
:1017F000C2604360002303618360836102F02EFCBA
:10180000054630B1284609B030BD01F051FF430014
:10181000E4E70C4802F0BEFA05460028F2D1372072
:1018200001F0CEF80F2C01D90125EBE7002221466B
:10183000372001F0B5F8054B1C60E3E700380240A3
:1018400083DE1B43A00D0020001400401C0000207C
:10185000FEE7FEE7FEE7FEE7FEE7704708B5024851
:1018600001F026FA08BD00BF3C0F002008B5024871
:1018700000F01AFF08BD00BF1808002008B5024894
:1018800003F01EF908BD00BFEC10002008B50248A7
:1018900002F0C9FA08BD00BFA00D002008B502483B
:1018A00001F006FA08BD00BF7C0E002008B5024812
:1018B00001F0FEF908BD00BFFC0F002008B502488A
:1018C00000F0F2FE08BD00BFF007002008B5024896
:1018D00001F0EEF908BD00BFDC0E002008B502489B
:1018E00001F0E6F908BD00BF9C0F002008B50248D2
:1018F00003F0E6F808BD00BF5C100020012070472F
:1019000008B507F0DBFA162303604FF0FF3008BD7F
:1019100008B54FF0FF31FFF7F3FFFEE770B50C4657
:101920001646002506E0AFF30080214601F8010BC2
:1019300001350C46B542F6DB304670BD70B50C463D
:101940001646002504E014F8010BAFF300800135C2
:10195000B542F8DB304670BD4FF0FF3070474FF4B2
:1019600000534B60002070470120704700207047F3
:1019700010B503460C4A0D490D48006840B10C48AB
:1019800000680344521A934206D8094A136010BDF6
:101990000748084C0460F2E707F090FA0C23036054
:1019A0004FF0FF30F3E700BF00000220000400000A
:1019B000E80D002030590020034AD2F8883043F463
:1019C0007003C2F88830704700ED00E082B0036811
:1019D000104A934204D0104A93420ED002B070478E
:1019E000002300930D4B5A6C42F001025A645B6C69
:1019F00003F001030093009BF0E700230193074BE2
:101A00005A6C42F002025A645B6C03F002030193C9
:101A1000019BE3E700000140000401400038024060
:101A200070B588B00023039304930593069307933E
:101A30000368254A934204D0244A934219D008B03F
:101A400070BD00230093224B1A6B42F010021A6300
:101A50001B6B03F010030093009B4FF4D4430393DC
:101A6000022304930123079303A91A4801F00EFAF5
:101A7000E5E700240194164B1A6B42F480721A6356
:101A80001A6B02F480720192019A02941A6B42F06E
:101A900004021A631B6B03F004030293029BC0232E
:101AA0000393022604960325079503A90A4801F02B
:101AB000EDF940230393049605940694079503A932
:101AC000064801F0E3F9BAE70000014000040140D4
:101AD000003802400010024000200240000802408E
:101AE00010B596B000241294139414941594109485
:101AF000119409940A940B940C940D940E940F94E1
:101B00002022214601A807F0FDF83C483C4B036029
:101B1000A7234360846044F61F63C360046144618B
:101B2000846102F09BFA00284DD14FF48053129348
:101B300012A9324802F09DFB002847D12F4802F03D
:101B4000B9FA002845D100231093119310A92B480E
:101B500002F0A0FC00283FD1602309934FF4FA6300
:101B60000A9300220B920C920D920E920F9209A9E9
:101B7000224802F003FB002831D1042209A91F48A2
:101B800002F0FCFA70BB082209A91C4802F0F6FA20
:101B900058BB0C2209A9194802F0F0FA40BB0023F7
:101BA000019302930393049305934FF4005206921A
:101BB000089301A9114802F0B3FCE0B90F48FFF700
:101BC0002FFF16B010BDFFF78DFCAEE7FFF78AFCC4
:101BD000B4E7FFF787FCB6E7FFF784FCBCE7FFF745
:101BE00081FCCAE7FFF77EFCCDE7FFF77BFCD0E77F
:101BF000FFF778FCD3E7FFF775FCDFE7340E002032
:101C00000000014010B596B000241294139414946F
:101C100015941094119409940A940B940C940D94B7
:101C20000E940F942022214601A807F06BF8374844
:101C3000374B0360A7234360846044F61F63C3608F
:101C400004614461846102F009FA002846D14FF42E
:101C50008053129312A92D4802F00BFB002840D1AB
:101C60002A4802F027FA00283ED10023109311934E
:101C700010A9264802F00EFC002838D160230993F1
:101C80004FF4FA630A9300220B920C920D920E927B
:101C90000F9209A91D4802F071FA58BB042209A944
:101CA0001A4802F06BFA40BB082209A9174802F053
:101CB00065FA28BB002301930293039304930593D1
:101CC0004FF400520692089301A9104802F028FC34
:101CD000C8B90E48FFF7A4FE16B010BDFFF702FC0E
:101CE000B5E7FFF7FFFBBBE7FFF7FCFBBDE7FFF73F
:101CF000F9FBC3E7FFF7F6FBD0E7FFF7F3FBD3E70A
:101D0000FFF7F0FBD6E7FFF7EDFBE2E7EC0D002075
:101D10000004014008B50A480A4B03604FF4E13360
:101D2000436000238360C36003610C2242618361CE
:101D3000C36102F05AFD00B908BDFFF7D3FBFBE712
:101D4000EC1000200010014008B50B480B4B03605D
:101D50000B4B436000238360C3604FF480620261D9
:101D6000042242618361C36102F03FFD00B908BDF6
:101D7000FFF7B8FBFBE700BFA410002000480040BD
:101D8000A086010008B50A480A4B03604FF4E1330E
:101D9000436000238360C36003610C22426183615E
:101DA000C36102F022FD00B908BDFFF79BFBFBE712
:101DB0005C100020001401402DE9F0418CB0044675
:101DC00000230793089309930A930B9303689D4A92
:101DD00093420AD09C4A934200F082809B4A9342ED
:101DE00000F0C7800CB0BDE8F08100250095984B4D
:101DF0005A6C42F010025A645A6C02F010020092BF
:101E0000009A01951A6B42F002021A631A6B02F0F3
:101E100002020192019A02951A6B42F001021A63C2
:101E20001B6B03F001030293029B802307934FF087
:101E30000208CDF8208003270A9707260B9607A9EA
:101E4000844801F023F84FF400730793CDF8208005
:101E500009950A970B9607A97F4801F017F87F4864
:101E60007F4B03604FF0006343608560C5604FF4B3
:101E70008063036145618561C5614FF4003303628E
:101E8000456200F01DFE28BB744BE3639C637548FC
:101E9000754B03604FF00063436040238360002371
:101EA000C3604FF48062026143618361C3614FF498
:101EB00040320262436200F003FE70B9694BA363D3
:101EC0009C6300220521252000F06AFD252000F0FA
:101ED00077FD87E7FFF706FBD6E7FFF703FBEDE7A4
:101EE000002503955A4B1A6C42F480221A641A6C2E
:101EF00002F480220392039A04951A6B42F00402C2
:101F00001A631B6B03F004030493049B4FF44063B8
:101F100007930223089303230A9307230B9307A92C
:101F2000524800F0B3FF5248524B03604FF0006339
:101F300043608560C5604FF48063036145618561DE
:101F40004FF48073C3614FF400330362456200F0C5
:101F5000B7FD58B9464BE3639C6300220521272057
:101F600000F01EFD272000F02BFD3BE7FFF7BAFA3B
:101F7000F0E700250595364B5A6C42F020025A6472
:101F80005A6C02F020020592059A06951A6B42F0EF
:101F900040021A631B6B03F040030693069B4FF449
:101FA000844307930223089303230A9308230B9384
:101FB00007A9314800F06AFF3048314B03604FF009
:101FC0002063436040238360C5604FF480630361F6
:101FD000456185614FF48073C3614FF480330362C0
:101FE000456200F06DFD30BB244BA3639C63254824
:101FF000254B03604FF02063436000238360C36080
:102000004FF480620261436183614FF48072C26168
:102010004FF480320262436200F052FD70B9194BF6
:10202000E3639C6300220521472000F0B9FC4720B0
:1020300000F0C6FCD6E6FFF755FAD5E7FFF752FAEF
:10204000EDE700BF001001400048004000140140CF
:10205000003802400004024000000240FC0F002053
:10206000406402409C0F0020B86402400008024017
:102070003C0F00202860024000180240DC0E0020C7
:10208000A06402407C0E002028640240DFF834D0B7
:10209000FFF792FC0C480D490D4A002302E0D4588A
:1020A000C4500433C4188C42F9D30A4A0A4C0023A2
:1020B00001E013600432A242FBD306F005FFFFF7F4
:1020C00067FA70470000022000000020CC070020C3
:1020D00094130108D00700202C590020FEE70000CF
:1020E00008B50B4B1A6842F400721A601A6842F481
:1020F00080621A601A6842F480721A60032000F04D
:102100003DFC0F20FFF752FBFFF72EFB002008BD20
:10211000003C0240034A1168034B1B780B441360D8
:10212000704700BF3411002018000020014B1868D0
:10213000704700BF34110020002800F0A18038B59E
:10214000044690F82030D3B12268136843F00103AD
:102150001360FFF7EBFF054623685A6812F0010F82
:1021600010D1FFF7E3FF401B0A28F5D9636A43F457
:1021700000336362052384F82030012038BDFEF768
:1021800009FFE1E71A6822F002021A60FFF7CEFFAA
:10219000054623685A6812F0020F0DD0FFF7C6FFFC
:1021A000401B0A28F5D9636A43F4003363620523B0
:1021B00084F820300120E1E7227E012A3DD01A6810
:1021C00022F080021A60637E012B3BD022681368E4
:1021D00023F040031360A37E012B39D022681368DB
:1021E00023F020031360E37E012B37D022681368AD
:1021F00043F010031360237F012B35D0226813684E
:1022000023F008031360637F012B33D02268136827
:1022100023F004031360A368E268134322691343A5
:10222000626913436268013A21681343CB6100205D
:102230006062012384F82030A0E71A6842F080022F
:102240001A60C0E72268136843F040031360C2E7D6
:102250002268136843F020031360C4E72268136800
:1022600023F010031360C6E72268136843F00803E5
:102270001360C8E72268136843F004031360CAE7D9
:102280000120704790F82030013BDBB2012B05D9CB
:10229000436A43F4802343620120704730B5464BC4
:1022A000D3F8002242F00102C3F80022D3F8002242
:1022B00022F47C52C3F80022D3F80022486A42EA92
:1022C0000022C3F800224A6902F01F02012000FA2E
:1022D00002F2D3F81C026FEA020C20EA0200C3F8F3
:1022E0001C02CB69C3B9344BD3F80C020CEA0000D2
:1022F000C3F80C028C884869CD6844EA054448302C
:1023000043F830408C68088840EA04404C6904F186
:10231000480E03EBCE035860CB69012B1ED08B69AE
:10232000002B33D12448D0F804320CEA0303C0F860
:1023300004320B698BBB2048D0F814320CEA03033B
:10234000C0F814320B6A012B2ED01B4AD2F800328F
:1023500023F00103C2F80032002030BD164BD3F841
:102360000C021043C3F80C028C8848690D6844EADB
:102370000544483043F8304088894C698D6840EA0C
:102380000540483403EBC4035860C8E70A48D0F856
:1023900004321343C0F80432CBE70748D0F81432B4
:1023A0001343C0F81432CDE70349D1F81C3213436C
:1023B000C1F81C32C9E700BF0064004070B5044694
:1023C00090F82050EDB2012D06D0436A43F400236B
:1023D00043620125284670BD022380F82030026840
:1023E000136823F001031360FFF7A0FE064623687D
:1023F0005B6813F0010F0CD0FFF798FE831B0A2BCC
:10240000F5D9636A43F400336362052384F820300E
:10241000E0E700256562DDE730B590F820C004688C
:10242000A4680CF1FF3C5FFA8CFCBCF1010F62D890
:1024300014F0E05F59D0C4F3016C012404FA0CF4E9
:102440001C608B68002B3DD10D68CB68046843EAA3
:1024500045550CF118031B01E55003680C690CF19C
:10246000180E03EB0E135C600B7D012B35D0D17978
:1024700093791B0443EA0163517943EA01231479F8
:102480000168234301EB0C11C1F88C31D1789378AA
:102490001B0443EA0163517843EA0123117802687F
:1024A0000B4302EB0C12C2F8883102680CF1180CD5
:1024B0004FEA0C1C52F80C3043F0010342F80C3088
:1024C00000201DE04C6843EAC403CC6823430CF1B0
:1024D0001804240105682B51BFE7036803EB0E13B2
:1024E000596841F480715960C1E7436A43F40013AD
:1024F0004362012004E0436A43F4802343620120E5
:1025000030BD90F820C00CF1FF3C5FFA8CFCBCF1B0
:10251000010F00F2A58030B451B90468E46814F0EA
:10252000030F10D1436A43F40013436201207EE09D
:102530000468246914F0030F05D1436A43F40013BF
:102540004362012073E0056801F11B0424012C594A
:1025500004F004049460002C6BD1056801F11B04A5
:1025600024012C59640D1460046801F11B0C4FEA1E
:102570000C1C54F80C4004F00204D4600468A44419
:10258000DCF8045015F0080F5BD0082414610468CF
:1025900001F11B0C04EB0C146468C4F30724946170
:1025A000046804EB0C146468240C5461026802EBA8
:1025B0000112D2F8B8211A70026802EB0112D2F8A7
:1025C000B821C2F307225A70026802EB0112D2F856
:1025D000B821C2F307429A70026802EB0112D2F8E6
:1025E000B821120EDA70026802EB0112D2F8BC2197
:1025F0001A71026802EB0112D2F8BC21C2F3072261
:102600005A71026802EB0112D2F8BC21C2F30742F0
:102610009A71026802EB0112D2F8BC21120EDA7133
:10262000C1B90268D36843F02003D360002030BCF6
:102630007047056801F11B0424012C59E40854601B
:1026400092E701F11B0504EB0514646804F00F0424
:1026500014619CE70268136943F020031361E5E706
:10266000436A43F4802343620120704790F820308E
:10267000013BDBB2012B05D9436A43F4802343625B
:1026800001207047026853690B4353610020704773
:102690007047704770477047704770477047704782
:1026A00070477047704770472DE9F84F054603683B
:1026B0005C69D3F804809F68D3F80CA0D3F810901D
:1026C000D3F818B014F001063BD017F0010616D06D
:1026D00001229A6017F0020F08D117F0040F0CD1F5
:1026E00017F0080606D04FF4805608E0FFF7D0FF39
:1026F000002604E0FFF7CFFF01E04FF4006617F477
:10270000807F0DD02B684FF480729A6017F4007FA1
:1027100040F0968017F4806F00F0968046F40056E3
:1027200017F4803F0DD02B684FF480329A6017F475
:10273000003F40F0938017F4802F00F0938046F420
:10274000004614F0080F07D01AF0100F04D046F41A
:1027500000762B681022DA6014F0040F03D01AF010
:10276000080F40F0898014F0020F05D02B68DB6859
:1027700013F0030F40F0878014F0400F07D019F0DA
:10278000100F04D046F480662B6810221A6114F0F2
:10279000200F02D019F0080F79D114F0100F04D0D7
:1027A0002B681B6913F0030F78D114F4003F02D09B
:1027B00018F0100F76D114F4803F02D018F0080FF3
:1027C00077D114F4004F37D018F0040F31D014F43F
:1027D000807F04D01BF0010F01D046F0010614F4F5
:1027E000007F04D01BF0020F01D046F0020614F463
:1027F000806F04D01BF0040F01D046F0040614F4DF
:10280000006F16D01BF0700B13D0BBF1400F66D0D9
:1028100056D8BBF1200F5CD0BBF1300F5CD0BBF1C0
:10282000100F01D146F008062A68936923F070035F
:1028300093612B6804225A60002E56D1BDE8F88FB0
:102840002846FFF726FF6BE717F4006F02D046F427
:10285000804665E72846FFF71FFF61E72846FFF738
:1028600019FF6EE717F4002F02D046F4803668E7B0
:102870002846FFF712FF64E72B680822DA60284633
:10288000FFF70CFF6FE7284603F096FC74E72B6810
:1028900008221A612846FFF703FF7EE72846FFF764
:1028A000FEFE82E72B6810225A602846FFF7F9FEE9
:1028B00081E72B6808225A602846FFF7F3FE80E77D
:1028C000BBF1500F0ED0BBF1600FADD146F4807656
:1028D000AAE746F01006A7E746F02006A4E746F070
:1028E0004006A1E746F080069EE76B6A33436B62C1
:1028F0002846FFF7D8FEA1E7002807DB00F01F02FB
:10290000400901239340024A42F82030704700BF3B
:1029100000E100E0002808DB0901C9B200F16040D5
:1029200000F5614080F80013704700F00F000901C6
:10293000C9B2014B1954704714ED00E000B500F026
:102940000700C0F1070CBCF1040F28BF4FF0040CC6
:10295000031D062B0FD9C31E4FF0FF3E0EFA0CF0DD
:1029600021EA000199400EFA03FE22EA0E0241EA32
:1029700002005DF804FB0023EEE70000074AD3687D
:1029800023F4E0631B041B0C000200F4E06003432B
:1029900043F0BF6343F40033D360704700ED00E0C1
:1029A00010B50446054BD868C0F30220FFF7C6FFF8
:1029B00001462046FFF7AEFF10BD00BF00ED00E06E
:1029C00008B5FFF799FF08BD30B405682C6824F4FA
:1029D00080242C60046863608368402B05D0036802
:1029E00099600368DA6030BC704703689A600368D6
:1029F000D960F8E710B40368D9B210390A4AA2FBCB
:102A000001421209094CA25CC2655F2907D96FF324
:102A1000090304338365806D5DF8044B70476FF3E1
:102A200009038365F7E700BFABAAAAAAEC0901086E
:102A3000836A826992B9012B0AD0022B02D00BB1B2
:102A400000207047C36A13F0807F28D100207047B0
:102A5000C36AB3F1C07F24D000207047B2F5005F95
:102A600009D0022B25D9032B25D1C36A13F0807F0F
:102A700023D100207047032B03D8DFE803F01404B0
:102A8000140A00207047C36A13F0807F0DD1002024
:102A90007047C36AB3F1C07F09D00020704701209E
:102AA00070470120704701207047012070470120C6
:102AB00070470120704700207047012070470000D8
:102AC00070B50446FFF732FB002C5BD005460223AD
:102AD00084F83530002384F834302268136823F0FA
:102AE0000103136023681A6812F0010F0AD0FFF780
:102AF0001DFB431B052BF5D920236365032084F8B8
:102B0000350070BD1A68204911406268A068024310
:102B1000E06802432069024360690243A0690243FE
:102B2000E0690243206A02430A43616A04291ED015
:102B30001A602668756925F00705636A1D43042B32
:102B400007D1A36A1D43E36A1BB12046FFF770FF5C
:102B500090B975612046FFF74DFFE26D3F2393402A
:102B6000836000206065012384F83530C9E7E16A9D
:102B7000206B01430A43DBE740236365012084F8AF
:102B80003500BEE70120BCE73F8010F038B50446B1
:102B9000856D90F8340001282BD0012084F8340092
:102BA00094F83500C0B2012804D0002384F83430F2
:102BB000022038BD022084F83500002060652046E0
:102BC000FFF702FFE26D3F239340AB60226813687A
:102BD00043F016031360236C23B12268136843F09B
:102BE000080313602268136843F001031360002098
:102BF000DFE70220DDE770B50446866DFFF796FA41
:102C000094F83530DBB2022B06D0802363650023B5
:102C100084F83430012070BD05462268136823F023
:102C2000160313602268536923F080035361236CF9
:102C3000E3B12268136823F0080313602268136865
:102C400023F00103136023681B6813F0010F11D0F8
:102C5000FFF76CFA431B052BF5D92023636503208E
:102C600084F83500002384F83430D4E7A36C002BBB
:102C7000DFD1E3E7E26D3F239340B360012384F8A3
:102C80003530002084F83400C5E790F83530DBB2E9
:102C9000022B03D08023436501207047052380F871
:102CA00035300268136823F0010313600020704779
:102CB000F0B583B0044600230193724B1D68724B3C
:102CC000A3FB0535AD0A876D3E68C26D08239340AE
:102CD000334210D003681A6812F0040F0BD01A6840
:102CE00022F004021A60C26D08239340BB60436D5A
:102CF00043F001034365E26D01239340334209D061
:102D00002268526912F0800F04D0BB60636D43F0FB
:102D100002036365E26D04239340334209D02268C5
:102D2000126812F0020F04D0BB60636D43F004031D
:102D30006365E26D10239340334224D02268126809
:102D400012F0080F1FD0BB6023681A6812F4802F9E
:102D50000DD01B6813F4002F04D1236C9BB12046C7
:102D6000984710E0A36C73B1204698470BE01A68AF
:102D700012F4807F03D11A6822F008021A60236CD3
:102D80000BB120469847E26D20239340334255D043
:102D90002268126812F0100F50D0BB6094F83530E2
:102DA000DBB2052B0ED023681A6812F4802F33D0C3
:102DB0001B6813F4002F2AD1636C002B3ED02046F1
:102DC00098473BE02268136823F0160313602268DB
:102DD000536923F080035361236CA3B12268136805
:102DE00023F008031360E26D3F239340BB6001238F
:102DF00084F83530002384F83430236D002B3FD025
:102E0000204698473CE0A36C002BE7D1EBE7E36B4F
:102E1000A3B12046984711E01A6812F4807F09D1C7
:102E20001A6822F010021A60012384F8353000235A
:102E300084F83430E36B0BB120469847636DFBB1E7
:102E4000636D13F0010F17D0052384F83530226825
:102E5000136823F001031360019B01330193AB421C
:102E600004D823681B6813F0010FF5D1012384F8FF
:102E70003530002384F83430E36C0BB1204698479A
:102E800003B0F0BD14000020B5814E1B00230F2BB2
:102E900000F2E98070B582B065E085684FEA430EC4
:102EA000032404FA0EF425EA0405CC6804FA0EF4AF
:102EB0002C438460446824EA02044A68C2F3001286
:102EC0009A40224342605CE0DC08083450F8242039
:102ED00003F00705AD004FF00F0E0EFA05FE22EAD3
:102EE0000E0E0A69AA4042EA0E0240F824205CE075
:102EF000072200E0002202FA0EF22A4302345A4D61
:102F000045F82420594A94686FEA0C0224EA0C051B
:102F10004E6816F4801F01D04CEA0405534CA5609E
:102F2000E46802EA04054E6816F4001F01D04CEA7A
:102F300004054E4CE560646802EA04054E6816F428
:102F4000003F01D04CEA0405484C656024682240EB
:102F50004D6815F4803F01D04CEA0402434C2260D6
:102F600001330F2B7DD801229A400C6804EA020C31
:102F700032EA0404F4D14C6804F00304013C012C4F
:102F80008BD94A6802F00302032A09D0C4685D00A5
:102F90000322AA4024EA02048A68AA402243C260AB
:102FA0004A6802F00302022A8ED004684FEA430EF8
:102FB000032202FA0EF224EA02044A6802F0030233
:102FC00002FA0EF2224302604A6812F4403FC7D070
:102FD00000220192264A546C44F480445464526C9A
:102FE00002F480420192019A9C08A51C1E4A52F8E4
:102FF000255003F0030E4FEA8E0E0F2202FA0EF256
:1030000025EA02051B4A90423FF474AF02F5806244
:1030100090421AD002F58062904218D002F5806288
:10302000904216D002F58062904214D002F5806280
:10303000904212D002F58062904210D002F5806278
:1030400090423FF455AF082255E7012253E7022290
:1030500051E703224FE704224DE705224BE7062202
:1030600049E702B070BD704700380140003C0140A4
:1030700000380240000002400369194201D00120DB
:103080007047002070470AB181617047090481616F
:103090007047436901EA030221EA030141EA024160
:1030A00081617047002800F0E08170B582B004466D
:1030B000036813F0010F3BD09F4B9B6803F00C0398
:1030C000042B2CD09C4B9B6803F00C03082B21D0C5
:1030D0006368B3F5803F4FD0B3F5A02F52D0964B25
:1030E0001A6822F480321A601A6822F480221A6068
:1030F0006368002B50D0FFF719F805468E4B1B680C
:1031000013F4003F14D1FFF711F8401B6428F5D9E0
:103110000320B1E1884B5B6813F4800FD8D0864B55
:103120001B6813F4003F03D06368002B00F09F81FD
:10313000236813F0020F54D07F4B9B6813F00C0FE1
:103140003ED07D4B9B6803F00C03082B33D0E36823
:10315000002B68D0794B01221A60FEF7E7FF054685
:10316000754B1B6813F0020F54D1FEF7DFFF401BB5
:103170000228F5D903207FE16F4A136843F48033B6
:103180001360B5E76C4B1A6842F480221A601A6823
:1031900042F480321A60ABE7FEF7C8FF0546664B83
:1031A0001B6813F4003FC3D0FEF7C0FF401B642828
:1031B000F5D9032060E1604B5B6813F4800FC6D142
:1031C0005D4B1B6813F0020F03D0E368012B40F046
:1031D0005081594A136823F0F803216943EAC10377
:1031E0001360236813F0080F42D063696BB3534B2D
:1031F0000122C3F8802EFEF799FF05464E4B5B6F08
:1032000013F0020F34D1FEF791FF401B0228F5D9CD
:10321000032031E1484A136823F0F803216943EAA7
:10322000C1031360DDE7454B00221A60FEF77EFF05
:103230000546414B1B6813F0020FD2D0FEF776FF14
:10324000401B0228F5D9032016E13C4B0022C3F8AD
:10325000802EFEF76BFF0546374B5B6F13F0020FB6
:1032600006D0FEF763FF401B0228F5D9032003E1D7
:10327000236813F0040F77D02F4B1B6C13F0805F83
:1032800033D1002301932C4B1A6C42F080521A6404
:103290001B6C03F080530193019B0125284B1B6895
:1032A00013F4807F23D0A368012B34D0052B38D0B2
:1032B000214B1A6F22F001021A671A6F22F00402E2
:1032C0001A67A368002B3DD0FEF730FF06461A4B65
:1032D0001B6F13F0020F46D1FEF728FF801B41F24F
:1032E00088339842F3D90320C6E00025D6E7144A74
:1032F000136843F480731360FEF718FF0646104B03
:103300001B6813F4807FCED1FEF710FF801B0228CC
:10331000F5D90320B0E0084A136F43F001031367A7
:10332000CFE7054B1A6F42F004021A671A6F42F09A
:1033300001021A67C5E700BF00380240000047429B
:1033400000700040FEF7F2FE0646524B1B6F13F072
:10335000020F08D0FEF7EAFE801B41F28833984244
:10336000F3D9032088E0EDB9A369002B00F0838036
:10337000484A926802F00C02082A51D0022B17D05A
:10338000454B00221A66FEF7D1FE0446414B1B68EE
:1033900013F0007F42D0FEF7C9FE001B0228F5D9CA
:1033A000032069E03B4A136C23F080531364DBE78E
:1033B000394B00221A66FEF7B9FE0546354B1B68ED
:1033C00013F0007F06D0FEF7B1FE401B0228F5D9AE
:1033D000032051E0E369226A1343626A43EA8213DD
:1033E000A26A5208013A43EA0243E26A43EA0263EC
:1033F000284A5360284B01221A66FEF797FE0446BE
:10340000244B1B6813F0007F06D1FEF78FFE001BD4
:103410000228F5D903202FE000202DE000202BE02A
:10342000012B2BD01B4B5B6803F48001E2699142B6
:1034300026D103F03F02216A8A4223D1616A47F60E
:10344000C0721A40B2EB811F1ED103F44031A26A50
:103450005208013AB1EB024F18D103F07063E26AEF
:10346000B3EB026F14D1002006E001207047012069
:1034700002E0012000E0002002B070BD0120FBE767
:103480000120F9E70120F7E70120F5E70120F3E744
:103490000120F1E7003802400000474208B5264B02
:1034A0009B6803F00C03042B41D0082B41D1224B25
:1034B0005A6802F03F025B6813F4800F12D01E4B73
:1034C0005968C1F388111D480023A1FB0001FDF7D5
:1034D00083F8194B5B68C3F3014301335B00B0FB16
:1034E000F3F008BD144B5868C0F388104FEA401C35
:1034F000BCEB000C6EEB0E0E4FEA8E1343EA9C639E
:103500004FEA8C11B1EB0C0163EB0E03DB0043EAD5
:103510005173C90011EB000C43F100039902002321
:103520004FEA8C2041EA9C51FDF756F8D1E7034859
:10353000D7E70348D5E700BF00380240001BB700BB
:103540000024F400002800F09B8070B50D4604466E
:103550004F4B1B6803F007038B4208D2CBB24C4A97
:103560001370136803F007038B4240F08B802368CD
:1035700013F0020F17D013F0040F04D0454A9368DC
:1035800043F4E0539360236813F0080F04D0414ADA
:10359000936843F4604393603E4A936823F0F003DA
:1035A000A1680B439360236813F0010F32D0636866
:1035B000012B21D09A1E012A25D9364A126812F011
:1035C000020F61D033498A6822F0030213438B60F3
:1035D000FEF7ACFD06462F4B9B6803F00C036268B8
:1035E000B3EB820F16D0FEF7A1FD801B41F28833AA
:1035F0009842F0D9032042E0264A126812F4003FB4
:10360000E0D101203BE0234A126812F0007FD9D1BB
:10361000012034E01E4B1B6803F00703AB4207D9BF
:10362000EAB21B4B1A701B6803F00703AB422DD1A3
:10363000236813F0040F06D0164A936823F4E0536E
:10364000E1680B439360236813F0080F07D0114A19
:10365000936823F46043216943EAC1039360FFF751
:103660001DFF0C4B9B68C3F303130B4AD35CD8407C
:103670000A4B18600A4B1868FEF798F8002070BDD6
:10368000012070470120FAE70120F8E70120F6E762
:10369000003C024000380240DC0901081400002010
:1036A0001C000020014B1868704700BF1400002068
:1036B00008B5FFF7F7FF044B9B68C3F38223034A67
:1036C000D35CD84008BD00BF00380240D4090108CF
:1036D00008B5FFF7E7FF044B9B68C3F34233034A87
:1036E000D35CD84008BD00BF00380240D4090108AF
:1036F0000F2303600B4B9A6802F0030242609A6842
:1037000002F0F00282609A6802F4E052C2609B68A4
:10371000DB0803F4E0530361034B1B6803F007036A
:103720000B60704700380240003C02402DE9F04732
:1037300082B00546884617461E46FEF7F7FC0A9BF0
:103740001B1A03EB0609FEF7F1FC8246284B1B68A7
:10375000C3F3CB3309FB03F301932B689C6838EA6E
:1037600004040CBF01230023BB423DD0B6F1FF3F50
:10377000F3D0FEF7DBFCA0EB0A00484507D2019A24
:1037800002B14A46019B013B01939146E5E72A6855
:10379000536823F0E00353606B68B3F5827F0BD06E
:1037A000AB6AB3F5005F14D0012385F851300023D4
:1037B00085F85030032018E0AB68B3F5004F02D015
:1037C000B3F5806FECD12A68136823F040031360CF
:1037D000E6E72A68136823F4005313602A68136825
:1037E00043F400531360DFE7002002B0BDE8F08728
:1037F0001400002070B584B004460D4616460092B1
:103800000B4601220221FFF791FFD0B9174B1B682D
:10381000174AA2FB03235B0D4FF47A7202FB03F3FA
:1038200003936368B3F5827F11D0039B3BB1039B85
:10383000013B039323689B6813F0800FF5D104B01C
:1038400070BD636D43F0200363650320F7E70096C6
:103850002B46002280212046FFF768FF0028EED08B
:10386000636D43F0200363650320E8E71400002044
:10387000819F5E1600285AD010B50446436A33B9BA
:103880004368B3F5827F05D00023C36102E00023C3
:10389000036143610023A36294F85130002B40D0B0
:1038A000022384F851302268136823F04003136028
:1038B000636803F48273A26802F404421343E2686B
:1038C00002F400621343226902F0020213436269A8
:1038D00002F001021343A26902F400721343E26989
:1038E00002F038021343226A02F080021343A26AF4
:1038F00002F40052216813430B60638B03F004034E
:10390000626A02F01002216813434B602268D36997
:1039100023F40063D36100206065012384F85130F3
:1039200010BD84F850302046FDF7D2FEB8E70120E4
:1039300070472DE9F04383B00446884691461F4600
:103940000A9DFEF7F3FB064694F85130DBB262683D
:10395000012B0AD0B2F5827F40F00581A268002ACF
:1039600040F00581042B40F00481B8F1000F00F015
:103970000281B9F1000F00F00081002F00F0FF80FC
:1039800094F85030012B00F0FC80012384F8503073
:1039900094F85130DBB2042B02D0052384F8513067
:1039A00000236365C4F83890E787A787C4F83080A0
:1039B000E786A7862364636423681A6812F0400FC1
:1039C00003D11A6842F040021A60E368B3F5006F51
:1039D00011D063680BB1012F0BD1226B23681278D1
:1039E0001A73236B01332363E38E9BB2013B9BB2BB
:1039F000E386012771E063680BB1012F0BD1226BC5
:103A000023681288DA60236B02332363E38E9BB250
:103A1000013B9BB2E38601271BE023689A6812F002
:103A2000010F0ED0E28F92B25AB1DA68A36B1A80FE
:103A3000A36B0233A363E38F9BB2013B9BB2E3878B
:103A40000127FEF773FB801BA84202D3B5F1FF3FAD
:103A50001ED1E38E9BB21BB9E38F9BB2002B62D0C9
:103A600023689A6812F0020FD7D0E28E92B2002A31
:103A7000D3D0002FD1D0226B1288DA60236B0233AF
:103A80002363E38E9BB2013B9BB2E3860027C4E72E
:103A9000012384F85130002384F85030032063E080
:103AA00023689A6812F0010F0ED0E28F92B25AB1D9
:103AB000DA68A36B1A70A36B0133A363E38F9BB225
:103AC000013B9BB2E3870127FEF730FB831BAB4230
:103AD00002D3B5F1FF3F1ED1EDB1E38E9BB213B916
:103AE000E38F9BB2FBB123689A6812F0020FD7D024
:103AF000E28E92B2002AD3D0002FD1D0226B12785E
:103B00001A73236B01332363E38E9BB2013B9BB299
:103B1000E3860027C4E7012384F85130002384F8AA
:103B20005030032020E0324629462046FFF762FE4F
:103B300090B9A36833B901932368DA6801929B684E
:103B40000193019B012384F85130002384F8503005
:103B5000636D4BB1012007E020236365002384F8E7
:103B60005030012000E0022003B0BDE8F0830220C5
:103B7000FAE70220F8E70120F6E70120F4E7012048
:103B8000F2E70220F0E7000030B4036A026A22F094
:103B9000010202624268846924F0730C0C6844EAF2
:103BA0000C0423F0020C8B6843EA0C03114DA8426D
:103BB00003D005F58065A84205D123F00803CD6840
:103BC0002B4323F004030B4DA84203D005F5806579
:103BD000A84207D122F440724D6945EA020C8A6975
:103BE00042EA0C02426084614A684263036230BC6C
:103BF000704700BF0000014030B4036A026A22F43B
:103C0000807202624268C46924F0730C0C6844EA52
:103C10000C0523F400738C6843EA0423114CA04282
:103C200003D004F58064A04206D123F40063CC687D
:103C300043EA042323F480630A4CA04203D004F532
:103C40008064A04207D122F440524C6942EA041237
:103C50008C6942EA04124260C5614A68C263036229
:103C600030BC70470000014030B4036A026A22F49D
:103C7000805202624468C26922F4E6420D6842EA58
:103C8000052223F400538D6843EA0533094DA84209
:103C900003D005F58065A84204D124F480444D6921
:103CA00044EA85144460C2614A680264036230BC1D
:103CB000704700BF0000014010B4036A046A24F09A
:103CC00001040462846924F0F00C4CEA021223F02F
:103CD0000A030B43826103625DF8044B704710B422
:103CE000036A046A24F010040462846924F4704CAA
:103CF0004CEA023223F0A00343EA0113826103621B
:103D00005DF8044B7047836823F070030B4343F066
:103D1000070383607047000090F83D30DBB2012B51
:103D200032D1022380F83D300368194A934220D0F3
:103D3000B3F1804F1DD0A2F57C42934219D002F519
:103D40008062934215D002F58062934211D002F551
:103D5000784293420DD002F57052934209D0A2F5F9
:103D60009432934205D01A6842F001021A60002092
:103D700070479A6802F00702062A07D01A6842F0D4
:103D800001021A6000207047012070470020704730
:103D90000000014090F83D30DBB2012B37D1022307
:103DA00080F83D300268D36843F00103D3600368B4
:103DB000194A934220D0B3F1804F1DD0A2F57C4226
:103DC000934219D002F58062934215D002F58062C9
:103DD000934211D002F5784293420DD002F5705211
:103DE000934209D0A2F59432934205D01A6842F06A
:103DF00001021A60002070479A6802F00702062A42
:103E000007D01A6842F001021A60002070470120B2
:103E100070470020704700BF0000014070477047A6
:103E200070477047704770B504460368DE681D69C7
:103E300015F0020F10D016F0020F0DD06FF0020235
:103E40001A610123037703689B6913F0030F5ED0A7
:103E5000FFF7E6FF0023237715F0040F12D016F0CA
:103E6000040F0FD023686FF004021A610223237736
:103E700023689B6913F4407F4FD02046FFF7D0FFA3
:103E80000023237715F0080F12D016F0080F0FD07B
:103E900023686FF008021A61042323772368DB6923
:103EA00013F0030F40D02046FFF7BAFF002323771B
:103EB00015F0100F12D016F0100F0FD023686FF00E
:103EC00010021A61082323772368DB6913F4407F0B
:103ED00031D02046FFF7A4FF0023237715F0010F10
:103EE00002D016F0010F2DD115F0800F02D016F080
:103EF000800F2FD115F0400F02D016F0400F31D1B6
:103F000015F0200F02D016F0200F33D170BDFFF74F
:103F100086FF2046FFF785FF9CE72046FFF77FFFDF
:103F20002046FFF77EFFABE72046FFF778FF2046ED
:103F3000FFF777FFBAE72046FFF771FF2046FFF74C
:103F400070FFC9E723686FF001021A612046FDF790
:103F5000BDFAC9E723686FF080021A61204600F0BD
:103F600009FBC7E723686FF040021A612046FFF79C
:103F700059FFC5E723686FF020021A61204600F060
:103F8000F8FAC3E70368344A904212D0B0F1804F88
:103F90000FD0A2F57C4290420BD002F58062904295
:103FA00007D002F58062904203D002F57842904239
:103FB00003D123F070034A681343274A90422AD062
:103FC000B0F1804F27D0A2F57C42904223D002F579
:103FD000806290421FD002F5806290421BD002F5B1
:103FE0007842904217D002F57052904213D002F5F9
:103FF000806290420FD002F5806290420BD0A2F511
:104000009832904207D002F58062904203D002F5C8
:104010008062904203D123F44073CA68134323F0B3
:1040200080034A69134303608B68C3620B68836231
:10403000094B984203D003F58063984201D10B6984
:10404000036301234361036913F0010F03D0036984
:1040500023F00103036170470000014040B310B535
:10406000044690F83D30F3B1022384F83D302146F8
:1040700051F8040BFFF786FF012384F8463084F8DB
:104080003E3084F83F3084F8403084F8413084F882
:10409000423084F8433084F8443084F8453084F862
:1040A0003D30002010BD80F83C30FDF78FFCDBE791
:1040B0000120704740B310B5044690F83D30F3B18D
:1040C000022384F83D30214651F8040BFFF75AFFD4
:1040D000012384F8463084F83E3084F83F3084F879
:1040E000403084F8413084F8423084F8433084F81A
:1040F000443084F8453084F83D30002010BD80F80D
:104100003C30FFF78BFEDBE70120704730B4036AD9
:10411000026A22F0100202624468826922F4E642D6
:104120000D6842EA052223F020038D6843EA051357
:10413000114DA84203D005F58065A84206D123F0B1
:104140008003CD6843EA051323F040030A4DA842DB
:1041500003D005F58065A84207D124F440644D6979
:1041600044EA85048D6944EA8504446082614A68B2
:104170008263036230BC70470000014038B590F89C
:104180003C30012B66D004460D46012380F83C30BC
:104190000C2A5AD8DFE802F0075959591B595959C6
:1041A0003059595944000068FFF7EEFC22689369C2
:1041B00043F0080393612268936923F00403936139
:1041C0002268936929690B43936100203EE00068EF
:1041D000FFF79CFF2268936943F4006393612268B0
:1041E000936923F48063936122689369296943EAA0
:1041F00001239361002029E00068FFF7FDFC22689D
:10420000D36943F00803D3612268D36923F0040320
:10421000D3612268D36929690B43D361002015E07B
:104220000068FFF721FD2268D36943F40063D3617E
:104230002268D36923F48063D3612268D369296932
:1042400043EA0123D361002000E00120002384F829
:104250003C3038BD0220FCE710B4846824F47F4C65
:1042600042EA03220A4342EA0C0282605DF8044BF0
:10427000704790F83C30012B78D010B504460123EC
:1042800080F83C30022380F83D300268936823F4C4
:104290007F4323F0770393600B68602B4CD023D8C7
:1042A000402B54D011D8202B03D00AD80BB1102B9F
:1042B00005D119462068FFF726FD002028E00120DF
:1042C00026E0302BF5D0012022E0502B0AD1CA681D
:1042D00049680068FFF7F0FC50212068FFF713FDE4
:1042E000002015E0012013E0B3F5805F3AD0B3F56C
:1042F000005F14D0702B37D1CB684A68896800689A
:10430000FFF7AAFF2268936843F0770393600020C9
:10431000012384F83D30002384F83C3010BDCB6885
:104320004A6889680068FFF797FF2268936843F43A
:10433000804393600020EBE7CA6849680068FFF794
:10434000CEFC60212068FFF7DEFC0020E0E7CA68B1
:1043500049680068FFF7B0FC40212068FFF7D3FCF4
:104360000020D5E70020D3E70120D1E702207047E5
:1043700001F01F014FF0010C0CFA01FC036A23EA63
:104380000C030362036A8A40134303627047000010
:1043900010B504460846002942D194F83E30DBB2FD
:1043A000013B18BF0123002B6ED1002851D10223FD
:1043B00084F83E30012201462068FFF7D9FF2368C8
:1043C000334A934203D002F58062934203D15A6C80
:1043D00042F400425A6423682D4A934249D0B3F113
:1043E000804F46D0A2F57C42934242D002F58062D3
:1043F00093423ED002F5806293423AD002F5784271
:10440000934236D002F57052934232D0A2F59432E4
:1044100093422ED01A6842F001021A60002032E066
:10442000042908D008290DD094F84130DBB2013BB3
:1044300018BF0123B7E794F83F30DBB2013B18BF48
:104440000123B0E794F84030DBB2013B18BF0123F1
:10445000A9E7042805D0082807D0022384F84130B2
:10446000A8E7022384F83F30A4E7022384F8403011
:10447000A0E79A6802F00702062A07D01A6842F0FD
:1044800001021A60002010BD0120FCE70020FAE7BD
:104490000000014090F83C20012A3DD010B40346B2
:1044A000012280F83C20022280F83D2002685068FA
:1044B000946820F0700C086840EA0C0050601A689C
:1044C000164882421AD0B2F1804F17D0A0F57C4036
:1044D000824213D000F5806082420FD000F58060E8
:1044E00082420BD000F57840824207D000F5705030
:1044F000824203D0A0F59430824204D124F080049B
:10450000496821439160012283F83D20002083F80F
:104510003C005DF8044B70470220704700000140EA
:10452000024690F83C30012B21D0012380F83C302A
:10453000CB6823F440738868034323F4806348689E
:10454000034323F400630868034323F4805308699A
:10455000034323F400534869034323F48043C969A8
:104560000B4311684B64002082F83C007047022026
:10457000704770477047026802F10C0353E8003F30
:1045800023F0C0030C3242E800310029F3D120238C
:1045900080F841307047026802F10C0353E8003F95
:1045A00023F490730C3242E800310029F3D1026801
:1045B00002F1140353E8003F23F00103143242E8F0
:1045C00000310029F3D1036B012B05D0202380F8A3
:1045D0004230002303637047026802F10C0353E882
:1045E000003F23F010030C3242E800310029F3D1E0
:1045F000ECE790F84130DBB2212B01D0022070476C
:104600008368B3F5805F17D0036A5A1C02621A7878
:1046100003685A60C38C9BB2013B9BB2C3844BB905
:104620000268D36823F08003D3600268D36843F044
:104630004003D360002070470369002BE4D1036A74
:104640001B880268C3F308035360036A02330362E2
:10465000E0E7000010B504460268136923F44053F4
:10466000C1680B431361836802691A4343691A43A3
:10467000C3691A430168CB6823F4164323F00C0383
:104680001343CB600268536923F4407381690B4381
:1046900053610368314A934206D002F58062934227
:1046A00002D0FFF705F801E0FFF712F8E369B3F570
:1046B000004F29D00021031849411B1841F1000186
:1046C000C90041EA5371DB00181863684FEA83029E
:1046D0004FEA937341F10001FBF77EFF204AA2FBF2
:1046E00000314909642303FB11031B013233A2FB90
:1046F00003235B0903F0F00202EB011203F00F0346
:10470000216813448B6010BD0023021843EB0301A2
:10471000121841F10001C90041EA5271D20010188B
:1047200041F10001626892185B41FBF755FF0C4AAA
:10473000A2FB00314909642303FB1103DB00323380
:10474000A2FB03235B095A0002F4F87202EB011288
:1047500003F00703216813448B60D4E70010014085
:104760001F85EB512DE9F04383B005460E461746F1
:104770009946DDF828802B681C6836EA04040CBFD3
:1047800001240024BC4228D1B8F1FF3FF3D0FDF74B
:10479000CDFCA0EB0900404523D8B8F1000F22D092
:1047A0002B68DA6812F0040FE5D0802EE3D0402E9B
:1047B000E1D01A6812F0080FDDD0002401941A68C5
:1047C00001925B680193019B2846FFF7E4FE0823F2
:1047D0006B6485F84040012000E0002003B0BDE894
:1047E000F0830320FAE70320F8E760B310B504462E
:1047F00090F8413013B3242384F841302268D36801
:1048000023F40053D3602046FFF724FF2268136986
:1048100023F4904313612268536923F02A03536100
:104820002268D36843F40053D360002060642023DF
:1048300084F8413084F84230606310BD80F8403025
:10484000FDF7BAFAD7E7012070472DE9F04182B0B1
:104850001E4690F84130DBB2202B56D104460D465F
:104860009046002955D00AB901204FE00023436447
:10487000212380F84130FDF759FC0746A4F8248035
:10488000A4F82680A368B3F5805F02D04FF000083B
:1048900014E023692BB34FF000080FE0202384F8C5
:1048A0004130032032E038F8023B2268C3F30803AA
:1048B0005360E28C92B2013A92B2E284E38C9BB2F2
:1048C00093B100963B46002280212046FFF74AFF25
:1048D0000028E3D1002DE6D015F8012B23685A609B
:1048E000E7E7A8460025E9E700963B46002240217D
:1048F0002046FFF737FF18B9202384F8413005E040
:10490000202384F84130032000E0022002B0BDE8FB
:10491000F0810120FAE790F84130DBB2202B10D172
:1049200089B192B101628284C2840023436421224E
:1049300080F841200168CA6842F08002CA601846C7
:104940007047022070470120704701207047704770
:1049500008B50168CA6822F04002CA60202280F8C7
:104960004120FFF7F4FF002008BD7047704710B5E5
:10497000846B23685A6994F84130DBB2212B10D044
:1049800023685A6902F0400294F84230DBB2222BCD
:1049900011D0636C43F0100363642046FFF7E6FF19
:1049A00010BD02F08002002AEAD00023E3842046F2
:1049B000FFF7E1FDE4E7002AEBD00023E385204682
:1049C000FFF7E9FDE5E708B5806B0023C385C384E5
:1049D000FFF7CCFF08BD704790F84230DBB2222BC6
:1049E00069D18368B3F5805F4FD0826AB3F5805F89
:1049F00004D0002B56D10369002B53D103685B68A8
:104A00001370836A01338362C38D9BB2013B9BB2F7
:104A1000C385002B51D100B583B00268D36823F061
:104A20002003D3600268D36823F48073D3600268E4
:104A3000536923F001035361202380F8423000239F
:104A40004363036B012B33D100230363026802F13C
:104A50000C0353E8003F23F010030C3242E800310E
:104A60000029F3D103681A6812F0100F06D0002253
:104A700001921A6801925B680193019B818DFFF797
:104A8000AAFF002003B05DF804FB0269002AACD144
:104A9000826A03685B68C3F308031380836A023386
:104AA0008362B1E703685B6803F07F031370A8E7D4
:104AB00003F068FDE5E70220704700207047000022
:104AC00010B582B0044602681368D068516913F0CB
:104AD0000F0F09D113F0200F0CD010F0200F09D0C8
:104AE0002046FFF779FF16E011F0010115D110F40F
:104AF000907F12D1216B012979D013F0800F03D060
:104B000010F0800F40F0148113F0400F03D010F02C
:104B1000400F40F0118102B010BD13F0010F06D01C
:104B200010F4807F03D0626C42F00102626413F0E3
:104B3000040F04D019B1626C42F00202626413F0F7
:104B4000020F04D019B1626C42F00402626413F0E7
:104B5000080F07D010F0200F00D119B1626C42F09D
:104B600008026264626C002AD5D013F0200F02D0D4
:104B700010F0200F29D123685B6903F04003626CB9
:104B800012F0080F00D163B32046FFF704FD23683D
:104B90005B6913F0400F20D0226802F1140353E840
:104BA000003F23F04003143242E800310029F3D1E2
:104BB000E36B73B1624A1A65E06BFEF766F8002892
:104BC000A9D0E06B036D9847A5E72046FFF704FFE7
:104BD000D1E72046FFF7CAFE9DE72046FFF7C6FE55
:104BE00099E72046FFF7C2FE0023636493E713F0C2
:104BF000100F82D010F0100F3FF47FAF002301930D
:104C00001368019353680193019B536913F0400F9C
:104C100052D0E26B13685B689BB2002B3FF47BAF12
:104C2000A18D99427FF677AFE385D369B3F5807F95
:104C300037D0226802F10C0353E8003F23F480735D
:104C40000C3242E800310029F3D1226802F114034A
:104C500053E8003F23F00103143242E800310029F9
:104C6000F3D1226802F1140353E8003F23F040031C
:104C7000143242E800310029F3D1202384F8423075
:104C800000232363226802F10C0353E8003F23F062
:104C900010030C3242E800310029F3D1E06BFDF73C
:104CA000AAFF02236363A18DE38D9BB2C91A89B267
:104CB0002046FFF790FE2EE7A18DE38D9BB2C91A27
:104CC00089B2E38D9BB2002B3FF425AF00293FF45E
:104CD00022AF226802F10C0353E8003F23F49073E3
:104CE0000C3242E800300028F3D1226802F11403AC
:104CF00053E8003F23F00103143242E8003000285B
:104D0000F3D1202384F8423000232363226802F188
:104D10000C0353E8003F23F010030C3242E800304C
:104D20000028F3D1022363632046FFF754FEF2E626
:104D30002046FFF75EFCEEE62046FFF709FEEAE6B6
:104D4000C749000808B5806B01234363036B012B3F
:104D500002D0FFF70AFE08BD818D4908FFF73BFE30
:104D6000F9E708B50346806B1B681B6813F4807F66
:104D70002BD10023C385026802F10C0353E8003FE6
:104D800023F480730C3242E800310029F3D1026829
:104D900002F1140353E8003F23F00103143242E808
:104DA00000310029F3D1026802F1140353E8003FF7
:104DB00023F04003143242E800310029F3D12023CC
:104DC00080F84230036B012B07D000234363036B51
:104DD000012B0FD003F0D6FB08BD026802F10C03D3
:104DE00053E8003F23F010030C3242E80031002961
:104DF000F3D1EAE7818DFFF7EEFDEDE730B583B043
:104E0000044613468162828500254564222280F88B
:104E10004220C26B1F48D063E26B1F481064E26BF4
:104E20001E48D064E26B156520680A46011DE06BE0
:104E3000FDF7ACFE019523681A6801925B68019347
:104E4000019B23695BB1226802F10C0353E8003F28
:104E500043F480730C3242E800310029F3D1226818
:104E600002F1140353E8003F43F00103143242E817
:104E700000310029F3D1226802F1140353E8003F06
:104E800043F04003143242E800310029F3D10020FE
:104E900003B030BD634D0008454D00086F49000860
:104EA00008B590F84230DBB2202B08D149B10AB9DD
:104EB000012008BD00230363FFF7A0FFF9E70220EC
:104EC000F7E70120F5E7842801D003307047002080
:104ED000704708B500F06AFD002008BD2DE9F043D9
:104EE00087B00E464469C4B18569B5B14768D0F84A
:104EF0000080D0F81090B0F90800FFF7E4FF0295A9
:104F00000194009033464A464146384600F0DEFCA4
:104F10000590059807B0BDE8F08344680568076907
:104F2000B0F90800FFF7CFFF05AB019300903346BF
:104F3000BAB22946204600F006FD0128E9D000203B
:104F4000E8E708B500B9012000F082FE002008BDA6
:104F500000F1080343604FF0FF328260C3600361D9
:104F600000230360704700230361704743684B6070
:104F70009A688A6051609960086103680133036030
:104F8000704730B40D68B5F1FF3F11D000F1080350
:104F90001C465B681A68AA42FAD963684B6099603C
:104FA0008C606160086103680133036030BC704746
:104FB0000469F2E70369416882688A604168516068
:104FC0005A68824206D0002202611A68013A1A60C9
:104FD0001868704782685A60F5E7000082B00023C5
:104FE00001930D4B1B68B3F1FF3F08D04FF0500306
:104FF00083F31188BFF36F8FBFF34F8FFEE74FF03E
:10500000500383F31188BFF36F8FBFF34F8F019B62
:10501000002BFCD002B07047200000200848006838
:10502000006880F308884FF0000080F3148862B6AF
:1050300061B6BFF34F8FBFF36F8F00DF00BF00007B
:1050400008ED00E0DFF80C00016841F47001016038
:105050007047000088ED00E04FF0807340F8043C9A
:1050600021F0010140F8081C054B40F80C3C40F8C9
:10507000202C6FF0020340F8243C4438704700BFF6
:10508000DD4F0008000000000000000000000000EC
:10509000074B19680868B0E8F04F80F30988BFF340
:1050A0006F8F4FF0000080F311887047AFF30080DE
:1050B000884E00204FF0500383F31188BFF36F8FA9
:1050C000BFF34F8F0B4A136801331360012B00D0DD
:1050D00070474FF0E023D3F8043D13F0FF0FF7D0F3
:1050E0004FF0500383F31188BFF36F8FBFF34F8FDF
:1050F000FEE700BF20000020094B1B6843B94FF0BA
:10510000500383F31188BFF36F8FBFF34F8FFEE718
:10511000013B034A13600BB983F31188704700BF4A
:10512000200000200000000000000000000000003F
:10513000EFF30980BFF36F8F154B1A681EF0100F45
:1051400008BF20ED108A20E9F04F10602DE909001A
:105150004FF0500080F31188BFF34F8FBFF36F8F74
:1051600000F09CFD4FF0000080F3118809BC196825
:105170000868B0E8F04F1EF0100F08BFB0EC108ABE
:1051800080F30988BFF36F8F704700BFAFF30080D3
:10519000884E002008B54FF0500383F31188BFF309
:1051A0006F8FBFF34F8F00F04BFC28B14FF0E0231F
:1051B0004FF08052C3F8042D002383F3118808BDFB
:1051C0004FF0E022002313619361054B1B680549F2
:1051D000A1FB03139B09013B536107231361704734
:1051E00014000020D34D62104FF0E023D3F8002DBF
:1051F0003D4B9A421CD04FF0E023D3F8002D3B4B9F
:105200009A421ED030B583B0394B1A78D2B201928F
:10521000FF221A701B78DBB28DF803309DF8033043
:1052200003F05003334A1370334B07221A601BE01C
:105230004FF0500383F31188BFF36F8FBFF34F8F8D
:10524000FEE74FF0500383F31188BFF36F8FBFF376
:105250004F8FFEE7284A1368013B13609DF8033027
:105260005B00DBB28DF803309DF8033013F0800F44
:10527000F0D1214B1B68032B08D04FF0500383F370
:105280001188BFF36F8FBFF34F8FFEE71B021A4ADF
:10529000136003F4E0631360019BDBB2144A1370E4
:1052A0004FF0E024D4F8203D43F47003C4F8203DCF
:1052B000D4F8203D43F07043C4F8203DFFF780FF51
:1052C00000250E4B1D60FFF7BDFED4F8343F43F0C0
:1052D0004043C4F8343FFFF7A1FE00F0DFFCFFF7C6
:1052E0007DFE284603B030BD71C20F4170C20F4130
:1052F00000E400E03C1100203811002020000020D4
:10530000124A12F0070F1ED0D11D21F00701C1F57E
:10531000705313440A460E48026000214160134452
:10532000083B23F007030B48036059601960991A82
:1053300051601360084B1960084B1960084B4FF01F
:1053400000421A6070474FF47053E4E76011002088
:1053500058110020541100204C1100205011002041
:1053600040110020164B1A461B688342FBD351683C
:1053700002EB010C844509D0416800EB010C634548
:1053800009D00360904219D0106070474068014412
:1053900051601046F0E710B40A4C2468A3420BD0C9
:1053A0005B681944416013681B680360904200D039
:1053B00010605DF8044B70470460F7E7704700BF6A
:1053C000581100205411002038B5044600F030FB7D
:1053D000384B1B68B3B1384B1B681C4250D1002CB2
:1053E00050D004F1080214F0070F02D022F0070297
:1053F0000832002A55D0314B1B68934253D33049B1
:105400000C6804E0FFF77CFFE5E721461C46636873
:10541000934202D22368002BF7D1264B1B68A3428C
:1054200043D00D68083523680B6063689B1A102B06
:1054300010D9A01810F0070F08D04FF0500383F3D5
:105440001188BFF36F8FBFF34F8FFEE74360626039
:10545000FFF788FF626819490B689B1A0B601949AE
:1054600009688B4201D217490B60134B1B68134329
:10547000636000232360144A13680133136002E061
:10548000002500E0002500F067FB15F0070F0ED0A7
:105490004FF0500383F31188BFF36F8FBFF34F8F2B
:1054A000FEE70025EFE70025EDE70025EBE72846BE
:1054B00038BD00BF541100204011002050110020C1
:1054C000581100204C11002048110020002834D031
:1054D00038B50446A0F1080550F8043C174A126894
:1054E000134208D14FF0500383F31188BFF36F8F3D
:1054F000BFF34F8FFEE750F8081C41B14FF0500347
:1055000083F31188BFF36F8FBFF34F8FFEE723EA5A
:10551000020340F8043C00F08BFA54F8041C084ADB
:1055200013680B4413602846FFF71CFF054A1368F5
:105530000133136000F010FB38BD704740110020AC
:105540005011002044110020084B1B681B6823B930
:10555000074B4FF0FF321A607047044B1B68DB6843
:10556000DB685A68024B1A60704700BFD04D0020BC
:10557000684D00202DE9F04707469846089DDDF864
:1055800024900A9C266B02F18042013A06EB8206C7
:1055900026F00706002964D008464FF0000CBCF145
:1055A0000F0F09D810F80C2004EB0C0383F83420FB
:1055B00012B10CF1010CF2E7002384F84330062D00
:1055C00000D90625E56265644FF0000AC4F848A0DA
:1055D000201DFFF7C8FC04F11800FFF7C4FC24618C
:1055E000C5F10705A5616462C4F890A184F894A18F
:1055F0004FF4A072514604F1500003F083FB1B4BA3
:10560000636503F16802A265D033E36501220023DC
:10561000C4E93A2343F20E33A4F8F0304AF6CD330E
:10562000A4F8F23041F23423A4F8F4304EF26D6362
:10563000A4F8F6304DF6EC63A4F8F8300523A4F88E
:10564000FA300B23A4F8FC30424639463046FFF7C7
:1056500003FD2060B9F1000F01D0C9F80040BDE89A
:10566000F087002384F83430A9E700BF18560020E3
:1056700038B5002407E004EB840293000E48184478
:10568000FFF766FC0134062CF5D90C4D2846FFF7D0
:105690005FFC0B4C2046FFF75BFC0A48FFF758FC09
:1056A0000948FFF755FC0948FFF752FC084B1D60FD
:1056B000084B1C6038BD00BFFC4D0020E84D0020A9
:1056C000D44D0020B84D0020A44D00208C4D00206A
:1056D000D04D0020CC4D002010B50446FFF7EAFC69
:1056E000214A136801331360204B1B685BB1204BC8
:1056F0001B686BB91D4B1B68DA6AE36A9A4207D8CC
:105700001A4B1C6004E0194B1C601368012B28D055
:10571000184A136801331360E06A01238340164A74
:1057200011680B43136000EB8000211D134B03EB4A
:105730008000FFF71BFCFFF7DFFC0D4B1B687BB104
:105740000A4B1B68DA6AE36A9A4209D24FF0E023F7
:105750004FF08052C3F8042DBFF34F8FBFF36F8F0C
:1057600010BDFFF785FFD3E7884D0020884E00204D
:105770007C4D00206C4D0020804D0020FC4D002011
:1057800010B50446503003F021FB94F8953163B115
:10579000012B11D0022B0ED04FF0500383F3118850
:1057A000BFF36F8FBFF34F8FFEE7206BFFF78EFEC7
:1057B0002046FFF78BFE10BD2046FFF787FEFAE775
:1057C0000F4B1B68D3B110B5FFF774FC0D4BDB68B2
:1057D000DC68201DFFF7EEFB0B4A1368013B1360EA
:1057E000074A1368013B1360FFF786FC2046FFF76A
:1057F000C7FF034B1B68002BE6D110BD704700BFED
:10580000A04D0020A44D0020884D002008B5FFF7D2
:10581000D7FF074B1B68012BF9D94FF0E0234FF05E
:105820008052C3F8042DBFF34F8FBFF36F8FEEE7A5
:10583000FC4D002070B504460D461D4B1E681D4BE7
:1058400018680430FFF7B6FB48B91A4B1B68DB6ACF
:1058500001229A4018490B6823EA02030B60B4F155
:10586000FF3F0DD03444134B1B685C60A64210D937
:10587000124B18680F4B19680431FFF782FB70BD9B
:10588000002DEFD00B4B196804310D48FFF76EFB6C
:10589000F5E70C4B1868074B19680431FFF771FBEB
:1058A000094B1B68A342EAD9074B1C60E7E700BF1E
:1058B000844D0020884E0020804D0020CC4D0020DB
:1058C0008C4D0020D04D0020684D002030B587B0B1
:1058D0000B9C8CB10C9DC5B14FF4CC750495049D07
:1058E000B5F5CC7F1AD04FF0500383F31188BFF386
:1058F0006F8FBFF34F8FFEE74FF0500383F3118894
:10590000BFF36F8FBFF34F8FFEE74FF0500383F36A
:105910001188BFF36F8FBFF34F8FFEE7049D0C9D7F
:105920002C63022485F8954100240394029505AC6C
:1059300001940A9C0094FFF71DFE0C98FFF7CCFE23
:10594000059807B030BD2DE9F04385B0074688467D
:1059500014461E469000FFF737FD10B381464FF402
:10596000CC70FFF731FD0546A8B1C0F83090002398
:1059700080F89531039302900D9B01930C9B00934B
:105980003346224641463846FFF7F4FD2846FFF7E6
:10599000A3FE012007E04846FFF798FD4FF0FF30D7
:1059A00001E04FF0FF3005B0BDE8F08310B588B0DE
:1059B00000240594069407AA06A905A8FBF7C4FBD2
:1059C000059B0293069B019300942346079A104976
:1059D0001048FFF77BFF104B1860B8B14FF0500331
:1059E00083F31188BFF36F8FBFF34F8F0B4B1B688F
:1059F00050330B4A13600B4B4FF0FF321A600A4BC7
:105A000001221A60094B1C60FFF7EEFB08B010BDC5
:105A10001C0801080D580008644D0020884E002025
:105A200000010020684D00207C4D0020844D0020A6
:105A3000024A136801331360704700BF604D0020B5
:105A4000F8B53A4B1B68002B69D1394B1D680135FD
:105A50001D60C5B9374B1B681B6843B14FF050033D
:105A600083F31188BFF36F8FBFF34F8FFEE7314A87
:105A70001168314B186810601960304A136801339F
:105A80001360FFF761FD2E4B1B68AB423DD9002729
:105A90002C4B1B68DB6A03EB83039A002A4B9B5851
:105AA000012B00D90127294B1B68002B3CD0012773
:105AB0003AE001271F4B1B681B6843B31D4B1B6853
:105AC000DB68DC6863689D4226D3261D3046FFF7FD
:105AD00071FAA36A1BB104F11800FFF76BFAE36ACD
:105AE00001229A401A49086802430A6003EB8303C3
:105AF0009A00314614481044FFF738FAE26A114B15
:105B00001B68DB6A9A42D4D2D4E70027D2E70C4B59
:105B10004FF0FF321A60BBE7094A1360B8E70D4A3D
:105B200013680133136000273846F8BD604D00202C
:105B3000844D0020D04D0020CC4D0020704D002021
:105B4000684D0020884E0020FC4D0020744D002040
:105B5000804D0020784D002038B5354B1B6843B987
:105B60004FF0500383F31188BFF36F8FBFF34F8F54
:105B7000FEE7FFF79FFA2E4B1A68013A1A601B687E
:105B8000002B4FD12B4B1B680BB900244BE000249A
:105B9000294B1B681BB3284BDB68DC6804F1180039
:105BA000FFF708FA251D2846FFF704FAE06A0123EB
:105BB0008340224A11680B43136000EB80002946A2
:105BC0001F4B03EB8000FFF7D1F9E26A1D4B1B6806
:105BD000DB6A9A42DCD31C4B01221A60D8E70CB175
:105BE000FFF7B2FC194B1C6884B9174B1C68D4B181
:105BF0004FF0E0234FF08052C3F8042DBFF34F8FD6
:105C0000BFF36F8F01240EE0013C07D0FFF718FFB0
:105C10000028F9D00C4B01221A60F5E70B4B00224B
:105C20001A60E2E70024FFF767FA204638BD00BF9C
:105C3000604D0020884D0020B84D0020804D002090
:105C4000FC4D0020884E0020744D0020784D00202F
:105C500010B5A8B10446104B1B6843B14FF0500378
:105C600083F31188BFF36F8FBFF34F8FFEE7FFF70A
:105C7000DFFE00212046FFF7DDFDFFF76DFF48B98D
:105C80004FF0E0234FF08052C3F8042DBFF34F8F45
:105C9000BFF36F8F10BD00BF604D0020224B1B680B
:105CA0001BB1224B01221A607047204B00221A6060
:105CB0001F4B1B68B3FA83F3DBB2C3F11F0303EB83
:105CC00083018A001B498A5842B94FF0500383F37D
:105CD0001188BFF36F8FBFF34F8FFEE7154803EBBB
:105CE00083018A00024451684968516003EB830CC8
:105CF0004FEA8C020832024491420DD003EB830339
:105D00009A000C4B13445B68DA680B4B1A601B68F3
:105D100050330A4A13607047486862469100054A4A
:105D20000A445060EAE700BF604D0020744D002037
:105D3000804D0020FC4D0020884E002000010020F6
:105D40007047704710B5FCF7F1F90446FCF7EEF91F
:105D5000A042FBD0FCF7EAF910BD10B504E04FF407
:105D60007A70FFF7EFFF2046431E9CB20028F6D161
:105D700010BD000008B5002210210248FDF783F98C
:105D800008BD00BF0000024008B5012210210248F2
:105D9000FDF779F908BD00BF0000024008B50022F8
:105DA00001210248FDF76FF908BD00BF0004024061
:105DB00008B5012211460248FDF765F908BD00BF8C
:105DC0000004024000B587B08DF80F004FF47A73DD
:105DD000009301230DF117020DF10F010348FDF7A8
:105DE000A8FD9DF8170007B05DF804FB480D0020E2
:105DF00010B50C46FFF7E6FF2046FFF7E3FF10BDA6
:105E000010B50C4640F08000FFF7DCFF5520FFF78F
:105E1000D9FF207010BD38B50D46144640F0800003
:105E2000FFF7D0FF06E05520FFF7CCFF05F8010B88
:105E3000013CE4B2002CF6D138BD000070B5FFF78C
:105E400099FF8020FFF7BEFF5520FFF7BBFF5520CD
:105E5000FFF7B8FFFFF798FF9620FFF773FFFFF7F4
:105E600089FF8020FFF7AEFF5520FFF7ABFF5520DD
:105E7000FFF7A8FFFFF788FF9620FFF763FFFFF704
:105E800079FFB6217E20FFF7B3FFFFF77DFF50209B
:105E9000FFF763FFFFF76EFF8020FFF793FF5520AA
:105EA000FFF790FF5520FFF78DFFFFF76DFF96205E
:105EB000FFF748FFFFF75EFF8020FFF783FF5520C5
:105EC000FFF780FF5520FFF77DFF0446FFF75CFFDB
:105ED0009620FFF737FF1E2C32D10024052C2DD839
:105EE000FFF748FF174A04EB4403D1184E78D55CFE
:105EF00031462846FFF77CFFFFF746FF9620FFF765
:105F000021FFFFF737FF45F08000FFF75BFF5520CB
:105F1000FFF758FF5520FFF755FF0546FFF734FF01
:105F20009620FFF70FFFAE4202D10134E4B2D5E76D
:105F300004EB4404034B2344987800E0002070BD38
:105F4000FF20FCE7080A010870B582B000248DF834
:105F50000740FFF723FF0DF107012046FFF750FF31
:105F6000FFF726FF9620FFF7EDFEFFF717FF0DF175
:105F700007012046FFF744FFFFF71AFF9620FFF7BF
:105F8000E1FEFFF70BFFB6211420FFF731FFFFF70B
:105F90000FFF5020FFF7E1FEFFF700FF0DF10701B3
:105FA0002046FFF72DFFFFF703FF9620FFF7CAFEFD
:105FB000FFF7F4FE0DF107012046FFF721FFFFF781
:105FC000F7FE9620FFF7BEFE9DF807300F2B2ED16F
:105FD000052C29D8FFF7E2FE164A04EB4403D1183A
:105FE0004D78D65C29463046FFF702FFFFF7E0FE0A
:105FF0009620FFF7A7FEFFF7D1FE0DF1070130460F
:10600000FFF7FEFEFFF7D4FE9620FFF79BFE9DF8FC
:1060100007309D4202D10134E4B2D9E704EB4404D5
:10602000044B2344987800E0002002B070BDFF20AC
:10603000FBE700BFF409010810B5FFF781FEFFF789
:1060400080FEFFF7FBFE0446FFF77EFF2043C0B251
:1060500010BD0000F0B583B006460D46144600277B
:1060600000970197FFF786FE9220FFF7ABFE06220E
:1060700069461220FFF7CFFEFFF786FE9DF801303C
:106080001B021BB29DF80020134307EE903AF8EE76
:10609000E77A474A92ED007A67EE877AC5ED007A93
:1060A0009DF803301B021BB29DF802100B4307EE54
:1060B000903A92ED007AF8EEE77A67EE877AC5EDCE
:1060C000017A9DF805301B021BB29DF80420134392
:1060D00007EE903AF8EEE77A67EE877AC5ED027A36
:1060E000FFF75CFE082269463846FFF794FEFFF78B
:1060F0005FFE9DF800300F2B27D0FFF73BFEA2205C
:10610000FFF760FE022269462220FFF784FEFFF7B8
:106110003BFE9DF800209DF801305B0943EAC20375
:10612000B3F5806F01DBA3F5006307EE903AF8EE5C
:10613000E77AB4EE007A67EE877AB3EE077A77EE05
:10614000877AC4ED007A03B0F0BD9DF803301B02DE
:106150001BB29DF80220134307EE903AF8EEE77A5F
:10616000144A92ED007A67EE877AC6ED007A9DF8C0
:1061700005301B021BB29DF804100B4307EE903A4A
:1061800092ED007AF8EEE77A67EE877AC6ED017A4B
:106190009DF807301B021BB29DF80620134307EE43
:1061A000903AF8EEE77A67EE877AC6ED027AA4E7CE
:1061B000280000202400002000B58BB0394B984205
:1061C00005D0394B984237D00BB05DF804FB01ABDA
:1061D00003AA0021FCF795F9039BA3F20122062AEA
:1061E000F2D8013BDBB2314A1370314903EB830231
:1061F00001EB420031F912C0A0F808C09DF804E09C
:106200009DF805C04CEA0E2C21F812C09DF806201E
:10621000120212B29DF807C042EA0C0242809DF8B9
:106220000820120212B29DF809C042EA0C028280D4
:106230009DF80A208271C7E701AB03AA0021FCF791
:1062400060F9039BA3F20122062ABDD8013BDBB211
:10625000184A1370184903EB830201EB420031F92D
:1062600012C0A0F808C09DF804E09DF805C04CEAF3
:106270000E2C21F812C09DF80620120212B29DF8D1
:1062800007C042EA0C0242809DF80820120212B2B6
:106290009DF809C042EA0C0282809DF80A208271B2
:1062A00092E700BF18080020F00700208D4E002064
:1062B000584F00208C4E0020104F002010B582B0A7
:1062C0008E4694460F494FF400720A6000228A609D
:1062D000CA6008220A610C4A0412147050704FEA16
:1062E0002E20907082F803E04FEA2C20107182F883
:1062F00005C018129071D37101AB0448FCF78CF8FB
:1063000002B010BDB84E0020B04E0020180800208A
:1063100010B582B08E4694460F4940F2FF120A60D3
:1063200000228A60CA6008220A610C4A04121470B2
:1063300050704FEA2E20907082F803E04FEA2C2034
:10634000107182F805C018129071D37101AB044826
:10635000FCF762F802B010BD984E0020904E00206D
:106360001808002010B582B08E4694460F494FF4AD
:1063700000720A6000228A60CA6008220A610C4A20
:106380000412147050704FEA2E20907082F803E0CF
:106390004FEA2C20107182F805C018129071D37149
:1063A00001AB0448FCF738F802B010BDF84E0020ED
:1063B000F04E0020F007002010B582B08E469446C3
:1063C0000F4940F2FF120A6000228A60CA60082268
:1063D0000A610C4A0412147050704FEA2E2090701B
:1063E00082F803E04FEA2C20107182F805C01812E1
:1063F0009071D37101AB0448FCF70EF802B010BDE8
:10640000D84E0020D04E0020F007002008B52D4CBB
:106410002D4D2E4A21462846FFF71CFE95ED000A19
:106420002B4B83ED000AD5ED010A2A4BC3ED000A80
:1064300095ED021A284B83ED001A9FED283A284E5D
:10644000B0EE434AF0EE433AD4ED022A94ED012A2D
:10645000D4ED001A304600F0A3F9224CA4F108054F
:106460002346221F2946304600F08CFB14ED026AB9
:10647000DFED1D7A26EE275A1C4B83ED005A54EDB2
:10648000016A66EEA75AC3ED015A95ED027A67EEEE
:10649000277AC3ED027A164B83ED005A154BC3EDF4
:1064A000005A154BC3ED007A144B83ED006A144B70
:1064B000C3ED006A134B83ED007A0120FEF741FD26
:1064C000A5E700BF540C0020600C0020500C0020F9
:1064D0002C0C0020340C0020300C002000000000A8
:1064E000000000204C0C0020E02E6542380C0020FB
:1064F000240C0020280C0020200C0020180C002068
:106500001C0C0020140C0020F6EE007A60EE277AB6
:1065100010EE103A074AA2EB630307EE103A67EE5B
:10652000277A67EE277AB7EE080A30EE670A27EE79
:10653000000A7047DF59375F10B52DED068B044612
:10654000B0EE409AF0EE609AB0EE418AF0EE618AC9
:10655000B0EE42AAF0EE62AAF5EE401AF1EE10FAA1
:106560000AD1B5EE402AF1EE10FA05D1F5EE402A37
:10657000F1EE10FA00F0938068EEA87A2AEE0A7A1B
:1065800077EE877A2AEEAA0A37EE800AFFF7BCFF79
:1065900068EE808A2AEE00AA6AEE80AA94ED017A5B
:1065A000D4ED036A27EE266AD4ED007AD4ED025AC0
:1065B00027EEA55A36EE456A27EE277A66EEA55AEB
:1065C00037EE257A67EEA77AF6EE005A77EEE57A8F
:1065D00066EEA66A77EEA67A6AEE275A6AEE876AB0
:1065E00075EEE65A6AEE86AA68EEA77A7AEEE7AA10
:1065F00068EE878A2AEE06AA78EECA8A614BD3ED46
:10660000007AF5EEC07AF1EE10FA40F3B380D3EDE4
:10661000007A67EEA57A9FED5C7A67EE877A5B4930
:10662000D1ED006A76EEA77AC1ED007AD3ED007A5B
:1066300067EEAA7A67EE877A554AD2ED006A76EE5F
:10664000A77AC2ED007AD3ED007A67EEA87A67EEFA
:10665000877A504B93ED007A77EE277AC3ED007A74
:10666000D1ED007A39EE279AD2ED007A79EEA79A29
:10667000D3ED007A38EE278A474BD3ED007A67EEE8
:10668000A57A39EE279AD3ED007A67EEAAAA79EEB9
:10669000AA9AD3ED007A67EEA87A38EE278ADFED62
:1066A0003F7A29EE270A69EEA70A28EE271AD4EDC9
:1066B000006A94ED017AD4ED027A27EE409A20EE3A
:1066C000A76A39EE469AD4ED039A29EE816A39EE2B
:1066D000469A39EE269A84ED009A60EE268A21EEDB
:1066E000276A78EE868A29EEA06A78EEC68A78EE66
:1066F000878AC4ED018A20EEA68A21EE076A38EE69
:10670000468A29EE806A38EE068A38EE278A84EDBA
:10671000028A21EE261A60EE870A31EE201A20EE58
:10672000270A31EE401A79EE819AC4ED039A69EE98
:10673000097A28EEA87A77EE877A28EE087A77EE3B
:10674000877A29EEA90A37EE800AFFF7DDFE29EEE7
:10675000009A84ED009A68EE808AC4ED018A28EEE2
:10676000008A84ED028A69EE809AC4ED039ABDEC3A
:10677000068B10BD0023054A1360054A1360054AC5
:10678000136079E7AC4F00206F12833AA84F0020C6
:10679000A44F0020A04F00202C0000206F12033ACD
:1067A00010B52DED108B86B00446B0EE40AAF0EE89
:1067B00060AAB0EE418AF0EE618AB0EE42BAB0EE65
:1067C00062CAB0EE439AF0EE63BAF0EE449AB5EEC8
:1067D000403AF1EE10FA0AD1F5EE403AF1EE10FA35
:1067E00005D1B5EE404AF1EE10FA00F0B181F5EEB8
:1067F000408AF1EE10FA0AD1B5EE40BAF1EE10FA85
:1068000005D1B5EE40CAF1EE10FA00F0358168EE20
:10681000A87A2BEE0B7A77EE877A2CEE0C0A37EEFD
:10682000800AFFF771FE68EE805ACDED025A2BEE1A
:10683000005A8DED035A6CEE004ACDED044A69EE24
:10684000097A2BEEAB7A77EE877A29EEA90A37EE32
:10685000800AFFF759FE29EE009A6BEE80BA69EEC6
:10686000809AD4ED007A27EEA77A8DED057A94ED23
:1068700001BA27EE8BFAD4ED028A67EEA8FA94EDFE
:1068800003DA67EE8D7A6BEE0BCA6BEE286A2BEE9D
:106890000DBA68EEA8EA68EE8D8A2DEE0DDAB6EE36
:1068A00000EA3EEE6ECA3CEE4DCA2CEE097A76EE58
:1068B000E7DA2DEEAB6A37EE067A3FEE8B6A8DEDA6
:1068C000016A26EE296A37EE067A37EE077A77EE06
:1068D000A67A67EE897A7EEE6CCA7CEECD6A66EEA9
:1068E000AB6A77EEA67A78EECF6A66EEA96A77EEA3
:1068F000A67A77EEA77A27EE077A67EEA77A77EE81
:10690000277A17EE900AF9F7BFFD41EC100B08F05B
:10691000BFF851EC100BF9F70FFE07EE100A3BEE33
:106920006FBA6BEE097A7FEE288A68EEAB6A77EE73
:10693000A67A7CEEEECA6CEEA96A77EEA67A77EEBE
:10694000A77ADDED056A76EECE6A76EE8D6A2CEEDC
:1069500007CA2BEE276A3CEE06CA6DEE87DA28EEF0
:10696000A76A7DEE86DA9DED016A26EE077A6CEE67
:10697000A7CA77EE2C7A9DED035A25EE266ADDED47
:10698000044A28EEA47A36EE476A2BEEA77A69EE1F
:10699000AD5A37EE657A36EE076A2BEE247ADDEDD6
:1069A000025A65EEA66A37EE667A69EE8C9A69EE4F
:1069B000277A79EEE79A37EE297A68EEA58A2BEEE8
:1069C00005BA78EECB8A29EE2D9A6BEE8CBA39EEA9
:1069D0006B9A78EE898A644BD3ED007AF5EEC07A33
:1069E000F1EE10FA40F3B780D3ED007A67EE867AC5
:1069F000DFED5E6A67EEA67A5D49D1ED005A75EE6D
:106A0000A77AC1ED007AD3ED007A67EE877A67EE58
:106A1000A67A584AD2ED005A75EEA77AC2ED007AEE
:106A2000D3ED007A67EEA87A67EEA67A524BD3EDE3
:106A3000006A76EEA77AC3ED007AD1ED007A3AEEDD
:106A400027AAD2ED007A7AEEA7AAD3ED007A38EE23
:106A5000278A4A4BD3ED007A67EE867A3AEE27AA68
:106A6000D3ED007A27EE877A7AEE87AAD3ED007A03
:106A700067EEA87A38EE278ADFED417A2AEE27AA58
:106A80006AEEA7AA28EE278A94ED006AD4ED016A7F
:106A900094ED027A66EECA9A6AEE877A79EEE79A00
:106AA000D4ED037A67EE885A79EEE59A79EE869A04
:106AB000C4ED009A2AEE069A68EE075A39EE259A36
:106AC00067EEAA5A39EE659A39EE269A84ED019A54
:106AD0006AEE868A68EE265A78EEE58A67EE8A5A6A
:106AE00078EEA58A78EE878AC4ED028A28EE068AB7
:106AF0006AEEA6AA38EE2A8A2AEE07AA38EE4A8A51
:106B000037EE888A84ED038A69EEA97A29EE097A3C
:106B100077EE877A28EEA87A77EE877A28EE080A49
:106B200037EE800AFFF7F0FC69EE809AC4ED009A18
:106B300029EE009A84ED019A68EE808AC4ED028AFB
:106B400028EE008A84ED038A06B0BDEC108B10BDE0
:106B5000FFF7F2FCF8E70023054A1360054A1360CB
:106B6000054A136075E700BFAC4F00206F12833AEF
:106B7000A84F0020A44F0020A04F00202C00002090
:106B80006F12033AF8B52DED028B04460F461646F8
:106B90001D46D0ED000A90ED030A20EE800AD0EDEC
:106BA000017A90ED027A27EE877A30EE070A60EEDE
:106BB000A00A67EEA77A70EEA70A70EEA00AB7EEF9
:106BC000008A70EEC80A30EE000A08F04DF887ED32
:106BD000000AD4ED017A94ED037A67EE877A94ED9A
:106BE000007AD4ED026A27EE267A77EEC77AB8EEFD
:106BF000000A27EE800A08F00BF886ED000AD4EDB3
:106C0000000A94ED010A20EE800A94ED027AD4ED98
:106C1000037A27EE277A30EE070A60EEA00A67EEC5
:106C2000A77A70EEA70A70EEA00A70EEC80A30EEDE
:106C3000000A08F019F885ED000ABDEC028BF8BDDA
:106C4000034698B1481E99B110B413F8011B514086
:106C5000C9B2084C34F8111081EA122201460138F9
:106C60000029F2D110465DF8044B70474FF6FF72D1
:106C7000104670471C0A010838B51F4B1B7863B9D2
:106C8000A52800D038BD1D4B00221A701C4A107078
:106C9000012219490A701A70F4E7174B1B78DBB20E
:106CA000012BEFD115490A78531CDBB20B70144944
:106CB0008854302BE6D10C464FF6FF722E21204629
:106CC000FFF7BEFF94F82E3094F82F2043EA0223FA
:106CD000984205D00023084A1370084A1370D1E780
:106CE000084C074D0FCD0FC40FCD0FC495E80F0012
:106CF00084E80F00EEE700BFB14F0020B04F002046
:106D0000B44F0020E44F002008B50E4C4FF48061D2
:106D10002046FCF7BEF96420FEF713F94FF48051CA
:106D20002046FCF7B6F96420FEF70BF94FF400613A
:106D30002046FCF7AEF96420FEF703F90120FEF7C8
:106D400000F9E2E7001C024010B58AB00122089267
:106D500000230693079200930193029303930593F4
:106D600004930E4C69462046FBF78CFA2046FBF74D
:106D700025FB02212046FBF779FC0E23099305939E
:106D8000074C69462046FBF77DFA2046FBF716FBC9
:106D900002212046FBF76AFC0AB010BD180800204B
:106DA000F007002010B4164B1B685C6944F04004E7
:106DB0005C61DC6844F01004DC60124B1C682368E2
:106DC00023F00103236003E01C6824F001041C602D
:106DD0000C4B1B681C6814F0010FF5D10A4C9C6029
:106DE000D86019615A601A6842F480221A60054B13
:106DF0001A68136843F0010313605DF8044B704791
:106E0000A41000203C0F00200448004008B5FFF704
:106E100055FA0023BDF92820BDF90810BDF90C0072
:106E2000FFF776FABDF91C30BDF91820BDF9141032
:106E3000BDF91000FFF796FA00231A46BDF9241099
:106E4000BDF92000FFF7B8FA08BD000000B58BB00F
:106E500011E00020089007900690059004900390A0
:106E6000029001900090034602460146FFF7CEFFD4
:106E70000120FEF766F82D4BB3F900202C4BB3F937
:106E80000030002B18BF002AE3D02A4BB3F90030A2
:106E9000022B2BD0012B18BF032B37D1264BB3F974
:106EA00000300893254BB3F900300793244BB3F916
:106EB00000300693234BB3F900300593224BB3F90E
:106EC00000300493214BB3F900300393204BB3F906
:106ED000003002931F4BB3F9003001930020009063
:106EE000034602460146FFF791FFC1E700200890E4
:106EF00007900690059004900390029001900090F6
:106F0000034602460146FFF781FFB1E700200890E3
:106F100007900690059004900390029001900090D5
:106F2000034602460146FFF771FFA1E70C0D002062
:106F3000040D0020380D0020840C00208C0C002053
:106F4000900C0020940C0020980C00209C0C002039
:106F5000A00C0020A40C002008B5544BB3F900008D
:106F6000012814BF00230123514AB2F9001001295E
:106F700014BF00220122134223D04E4B00221A607C
:106F80004D4BB3F90000012814BF002301234B4AE5
:106F9000B2F90010012914BF00220122134246D089
:106FA000474B00221A60FBF7C1F8464B1B68C01A1A
:106FB000B0F5967F04D9444BB3F90030012B6CD067
:106FC00008BD002914BF002303F0010373B13F4B38
:106FD000D3ED007A9FED3E7A77EEC77AB5EE007A70
:106FE00067EE877A334BC3ED007AC9E7002814BFF8
:106FF000002202F0010272B1344B93ED007ADFED12
:10700000347A37EE677AF5EE007A67EEC77A294B65
:10701000C3ED007AB4E72F4BB3F900309B0007EEC5
:10702000903AF8EEE77A234BC3ED007AA8E70029FF
:1070300014BF002303F0010373B1244B93ED007AD6
:10704000DFED237A37EE677AF5EE007A67EEC77ADE
:107050001B4BC3ED007AA6E7002814BF002202F004
:10706000010272B1194BD3ED007A9FED197A77EED8
:10707000C77AB5EE007A67EE877A114BC3ED007AD6
:1070800091E7154BB3F900309B0007EE903AF8EE0C
:10709000E77A0B4BC3ED007A85E7FBF747F8094B1E
:1070A00018600E4A13880133138089E7340D0020DD
:1070B000320D0020FC0C0020300D00202E0D002091
:1070C000000D0020E40C0020280D00207C0C002086
:1070D00000007A45400D0020420D0020E00C002009
:1070E0000B4B5B8EA3F581530B3B07EE903AF8EE0A
:1070F000E77ADFED086A87EEA67A074B83ED007A20
:10710000DFED067A27EE277A054B83ED007A70478C
:10711000584F0020610BB641EC0C002035FA8E3C34
:10712000E80C002008B52DED068B1C4B1868F9F70C
:10713000ABF941EC190BB0EE490AF0EE690A07F021
:10714000DBFC51EC100BF9F7F7F908EE900A144B41
:1071500093ED008A28EE88AAB0EE490AF0EE690A9B
:1071600007F00EFD51EC100BF9F7E6F907EE900A67
:107170000C4B93ED007A67EE876A3AEE66AA0A4BEB
:1071800083ED00AA28EE278A68EE878A38EE288ADF
:10719000064B83ED008ABDEC068B08BDE80C002091
:1071A000000D0020FC0C0020F80C0020F40C002046
:1071B00008B5DFED050A9FED050A054A00210548DF
:1071C00000F0C7FE08BD00BF00007A440000804602
:1071D000600000203451002010B500EE900A0A4BE8
:1071E000B3F9023000EE103A084CF8EEE00AB8EEBF
:1071F000C00A204600F0C6FED4ED087AFDEEE77A1C
:1072000017EE903A18B210BD584F002034510020AC
:1072100008B5DFED050A9FED050A054A002105487E
:1072200000F097FE08BD00BF00007A4400008046D1
:1072300054000020EC50002010B500EE900A0A4BDC
:10724000B3F90C3000EE103A084CF8EEE00AB8EE54
:10725000C00A204600F096FED4ED087AFDEEE77AEB
:1072600017EE903A18B210BD584F0020EC50002095
:1072700008B5DFED050A9FED050A054A002105481E
:1072800000F067FE08BD00BF00007A4400008046A1
:1072900048000020A450002010B500EE900A0A4BD0
:1072A000B3F9163000EE103A084CF8EEE00AB8EEEA
:1072B000C00A204600F066FED4ED087AFDEEE77ABB
:1072C00017EE903A18B210BD584F0020A45000207D
:1072D00008B5DFED050A9FED050A054A00210548BE
:1072E00000F037FE08BD00BF00007A440000804671
:1072F0003C0000205C50002010B500EE900A0A4BC4
:10730000B3F9203000EE103A084CF8EEE00AB8EE7F
:10731000C00A204600F036FED4ED087AFDEEE77A8A
:1073200017EE903A18B210BD584F00205C50002064
:1073300008B50E4BB3F90000FFF74EFF0C4B188059
:107340000C4BB3F90000FFF777FF0B4B18800B4B8A
:10735000B3F90000FFF7A0FF094B1880094BB3F900
:107360000000FFF7C9FF084B188008BDDE0C0020A5
:10737000DC0C0020D80C0020D60C0020D20C002001
:10738000D00C0020CC0C0020CA0C002008B5DFED8A
:10739000050A9FED050A054A0021054800F0D9FDC0
:1073A00008BD00BF0000000000409C4530000020E8
:1073B0001450002010B5F0EE400A064B5B8E00EE34
:1073C000103A054CB8EE400A204600F0DBFD94ED83
:1073D000080A10BD584F00201450002010B57A4BF9
:1073E000D3ED006A794B93ED007A76EEC77AFDEE25
:1073F000E77A17EE903A1BB2754A138076EE877AD9
:10740000FDEEE77A17EE902A10B2724A108077EEFE
:10741000667AFDEEE77A17EE902A11B26E4A118075
:10742000B1EE477A37EE667ABDEEC77A17EE102ACC
:1074300012B26A4C228007EE903AF8EEE77AF0EE4C
:10744000E77A07EE100AB8EEC77AB0EEC77A77EEA1
:10745000877A07EE101AB8EEC77AB0EEC77A77EEE1
:10746000877A07EE102AB8EEC77AB0EEC77A77EEC1
:10747000877A5B4BC3ED007A5A4B93ED007A77EE37
:10748000C77A594BC3ED007AF5EEC07AF1EE10FAE7
:107490006AD4564B00221A60554B01221A804C4B7D
:1074A000B3F9003007EE903AF8EEE77A4F4B93EDE0
:1074B000007A77EE877AFDEEE77A17EE903A1BB204
:1074C0004C4A1380434AB2F9002007EE902AF8EEA6
:1074D000E77A77EE277AFDEEE77A17EE902A10B278
:1074E000454A10803C4AB2F9002007EE902AF8EE97
:1074F000E77A77EE277AFDEEE77A17EE902A11B257
:107500003E4A1180354AB2F9002007EE902AF8EE83
:10751000E77A37EE277ABDEEC77A17EE102A12B255
:10752000374C228007EE903AF8EEE77AF0EEE77AF1
:1075300007EE100AB8EEC77AB0EEC77A77EE877A10
:1075400007EE101AB8EEC77AB0EEC77A77EE877AF0
:1075500007EE102AB8EEC77AB0EEC77A77EE877AD0
:10756000284BC3ED007A10BD214B00221A80264B18
:10757000B3F90030012B13D0032B90D1234BB3F977
:107580000030002B03F00103B8BF5B42012B0FD189
:10759000B5EE007A67EE877A144BC3ED007A7EE78A
:1075A000B5EE007A67EE877A104BC3ED007A76E786
:1075B0009FED170AFFF7FEFE164B83ED000A0B4BFB
:1075C00083ED000A6BE700BFF80C0020F40C0020EC
:1075D000DA0C0020D40C0020CE0C0020C80C0020B7
:1075E000C40C00207C0C0020BC0C0020F00C0020FF
:1075F000B80C0020DE0C0020D80C0020D20C00209B
:10760000CC0C0020780C0020380D0020E00C00206D
:1076100000588145C00C002008B5FFF79DFCFFF71E
:107620005FFDFFF77FFDFFF7D9FEFFF781FE00202A
:10763000FDF787FCF1E7000008B5FAF777FD074B87
:107640001B68C01AB0F5967F03D9054B00221A803B
:1076500008BD034B01221A80FAE700BF080D002085
:107660000C0D0020064B93F83830362B03D8054B11
:1076700001221A807047034B00221A80704700BF16
:10768000584F0020040D002008B5FFF7D5FFFFF785
:10769000E9FF0120FDF755FCF7E7000008B544E0DD
:1076A0006C490020088072E06B490020088074E07B
:1076B0006A490020088076E069490020088078E067
:1076C0006849002008807AE06749002008807CE053
:1076D0006649002008807FE065490020088082E03C
:1076E00064490020088085E063490020088088E024
:1076F0006249002008808BE06149002008808EE00C
:1077000060490020088091E05F490020088094E0F3
:107710005E4B0121198012F4004F40F096805C4BC3
:1077200000221A800120FDF70CFC5A4B1B68B3F9AC
:107730000010594A1180B3F90210584A1180B3F968
:107740000410574A1180B3F90610564A1180B3F954
:107750000810554A1180997A544A1180D97A544AAE
:107760001180B3F90C10534A1180B3F90E10524A2C
:107770001180997C514A1180D97C514A11809A8A92
:1077800093B212F0010F8BD032490120088013F020
:10779000020F89D030490120088013F0040F87D0F0
:1077A0002E490120088013F0080F85D02C490120B4
:1077B000088013F0100F83D02A490120088013F0AD
:1077C000200F81D028490120088013F0400F3FF49A
:1077D0007FAF26490120088013F0800F3FF47CAF73
:1077E00023490120088013F4807F3FF479AF2149B9
:1077F0000120088013F4007F3FF476AF1E4901207A
:10780000088013F4806F3FF473AF1C490120088097
:1078100013F4006F3FF470AF19490120088013F48E
:10782000805F3FF46DAF17490120088013F4005FBB
:107830003FF46AAF14490120088013F4804F7FF4AD
:1078400067AF124B0021198065E7114B01221A80A6
:1078500068E700BF340D0020320D0020300D0020FD
:107860002E0D00202C0D00202A0D0020280D0020B8
:10787000260D0020240D0020220D0020200D0020C8
:107880001E0D00201C0D00201A0D0020180D0020D8
:10789000160D0020440D0020420D0020400D002058
:1078A0003E0D00203C0D00203A0D0020380D002038
:1078B000360D0020140D0020120D0020100D0020A8
:1078C0000E0D0020184BB3F9003007EE903AF8EE99
:1078D000E77A9FED167A67EE877A154B93ED007A7B
:1078E00077EE877A9FED137AF4EEC77AF1EE10FA0D
:1078F00006DD9FED117A77EEC77AC3ED007A704707
:107900009FED0E7AF4EEC77AF1EE10FA07D59FEDEF
:107910000A7A77EE877A064BC3ED007A7047044BFC
:10792000C3ED007A704700BF3E0D002052491DBADA
:10793000AC0C0020000034430000B443000034C30A
:1079400008B52D4B1B882D4A128813431BB28BBBE5
:107950002B4BB3F9003007EE903AF8EEE77A9FED43
:10796000297A27EE877AB5EEC07AF1EE10FA22D4A2
:10797000254B93ED007AB5EEC07AF1EE10FA30DDCA
:10798000224B00221A60224BB3F90030012B30D178
:10799000204BB3F9003007EE903AF8EEE77A9FED0E
:1079A0001E7A67EE877A1D4B93ED007A77EE877A21
:1079B000C3ED007A08BD144BD3ED006ABBEE0E7A1E
:1079C000F4EEC76AF1EE10FA03D5104B00221A60EC
:1079D000D9E7B9EE047A67EE877A0C4BC3ED007AEB
:1079E000D1E7B9EE047A67EE877A084BC3ED007AE7
:1079F000C9E7FFF767FFCBE7120D0020140D002049
:107A00003C0D0020A69BC4BA280C0020A80C002026
:107A1000360D00203E0D002052491DBAAC0C00204E
:107A2000144BD3ED007A144B93ED007A37EE677A5E
:107A3000DFED126AB4EEE67AF1EE10FA07D59FEDAB
:107A4000107A77EEC77A0F4BC3ED007A7047DFEDFF
:107A50000E6AB4EEE67AF1EE10FA07DD9FED087AD1
:107A600077EE877A074BC3ED007A7047054BC3ED7D
:107A7000007A7047240C0020AC0C0020000034C3B6
:107A80000000B443100C002000003443104BB3F945
:107A90000030022B0ED04FF254230E4A13800E4AB0
:107AA00013800E4A13800E4A13800E4A13800E4A2A
:107AB000138070470023074A1380074A1380074A40
:107AC0001380074A1380074A1380074A13807047C0
:107AD000360D0020A20C00209E0C00209A0C0020E5
:107AE000960C0020920C00208E0C002008B5DFEDD3
:107AF000050AB2EE000A044A0021044800F029FAFF
:107B000008BD00BF00000000D80000200454002081
:107B100010B5F0EE400A054C054B93ED000A2046E7
:107B200000F030FA94ED080A10BD00BF04540020A4
:107B3000100C002008B5DFED050A9FED050A054A87
:107B40000021054800F005FA08BD00BF00409C4533
:107B50000060EA46CC0000204C54002010B5F0EE46
:107B6000400A094C094B93ED000A204600F00AFA3E
:107B700094ED080ABDEEC00A10EE103A1BB200EEFA
:107B8000103AB8EEC00A10BD4C540020300C002052
:107B900008B5DFED050A9FED050A054A00210548F5
:107BA00000F0D7F908BD00BF0000000000008046CB
:107BB000C0000020BC53002010B5F0EE400A0B4B73
:107BC000B3F92A3000EE103A094CB8EEC00A20464C
:107BD00000F0D8F994ED080ABDEEC00A10EE103A94
:107BE0001BB200EE103AB8EEC00A10BD584F00208C
:107BF000BC53002008B50E4B93ED000AFFF788FF39
:107C00000C4B83ED000AFFF7A9FFBDEEC00A0A4B3B
:107C100010EE102A1A80094B93ED000AFFF7CCFFF3
:107C2000BDEEC00A064B10EE102A1A8008BD00BF38
:107C3000AC0C0020B40C0020B00C0020A80C0020DC
:107C4000A40C002008B5DFED050AB7EE000A044ACF
:107C50000021044800F07DF908BD00BF00000000CD
:107C6000B40000207453002008B5DFED050A9FED35
:107C7000050A054A0021054800F06BF908BD00BF60
:107C800000409C4500007A46A80000202C530020AC
:107C900010B500EE900A0A4BB3F9023000EE103A2C
:107CA000084CF8EEE00AB8EEC00A204600F06AF987
:107CB000D4ED087AFDEEE77A17EE903A18B210BDCF
:107CC000104F00202C53002008B5DFED050A9FED72
:107CD000050A054A0021054800F03BF908BD00BF30
:107CE00000409C4500007A469C000020E4520020A1
:107CF00010B500EE900A0A4BB3F90C3000EE103AC2
:107D0000084CF8EEE00AB8EEC00A204600F03AF956
:107D1000D4ED087AFDEEE77A17EE903A18B210BD6E
:107D2000104F0020E452002008B5DFED050A9FED5A
:107D3000050A054A0021054800F00BF908BD00BFFF
:107D400000409C4500007A46900000209C52002094
:107D500010B500EE900A0A4BB3F9163000EE103A57
:107D6000084CF8EEE00AB8EEC00A204600F00AF926
:107D7000D4ED087AFDEEE77A17EE903A18B210BD0E
:107D8000104F00209C52002008B5DFED050A9FED42
:107D9000050A054A0021054800F0DBF808BD00BFD0
:107DA00000409C4500007A46840000205452002088
:107DB00010B500EE900A0A4BB3F9203000EE103AED
:107DC000084CF8EEE00AB8EEC00A204600F0DAF8F7
:107DD000D4ED087AFDEEE77A17EE903A18B210BDAE
:107DE000104F00205452002008B5DFED050A9FED2A
:107DF000050A054A0021054800F0ABF808BD00BFA0
:107E000000409C4500007A46780000200C5200207B
:107E100010B500EE900A0A4BB3F92A3000EE103A82
:107E2000084CF8EEE00AB8EEC00A204600F0AAF8C6
:107E3000D4ED087AFDEEE77A17EE903A18B210BD4D
:107E4000104F00200C52002008B5DFED050A9FED11
:107E5000050A054A0021054800F07BF808BD00BF6F
:107E600000409C4500007A466C000020C451002070
:107E700010B500EE900A0A4BB3F9343000EE103A18
:107E8000084CF8EEE00AB8EEC00A204600F07AF896
:107E9000D4ED087AFDEEE77A17EE903A18B210BDED
:107EA000104F0020C451002008B5154BB3F9000055
:107EB000FFF7EEFE134B1880134BB3F90000FFF7EA
:107EC00017FF124B1880124BB3F90000FFF740FF69
:107ED000104B1880104BB3F90000FFF769FF0F4BF0
:107EE00018800F4BB3F90000FFF792FF0D4B18807D
:107EF0000D4BB3F90000FFF7BBFF0C4B188008BD1A
:107F0000A20C0020A00C00209E0C00209C0C002045
:107F10009A0C0020980C0020960C0020940C002055
:107F2000920C0020900C00208E0C00208C0C002065
:107F300008B5FFF7ABFDFFF7B7FFFFF701FDFFF750
:107F40006FFDFFF757FE00F00FFB0020FCF7F9FF75
:107F5000EFE7B0B1AAB1017011684160516881606A
:107F60009268C26080ED040AC0ED050A00228263B7
:107F7000426302630262C2628262426242640264DB
:107F8000C26370470346002800F0A380D0ED107A4A
:107F9000C0ED117A90ED0F7A80ED107AC0ED060AEF
:107FA00080ED070A70EEC00AC0ED0F0A0278002AC1
:107FB0004CD1D0ED017A60EEA77AC0ED097AD0ED10
:107FC0000A6A90ED026A20EE866A76EE866AC0ED55
:107FD0000A6A426B8263026B426370EEC70AC0EDAD
:107FE0000C0A90ED037A60EE870AC0ED0B0A90ED63
:107FF000057AF4EEC76AF1EE10FA13DD80ED0A7A25
:1080000093ED0A7A77EE877A70EEA70AC3ED080A35
:10801000D3ED047AF4EEE70AF1EE10FA0CDDC3EDCD
:10802000087A15E0B1EE477AF4EEC76AF1EE10FA7D
:10803000E6D580ED0A7AE3E7F1EE677AF4EEE70A37
:10804000F1EE10FA04D5C3ED087A01E0012A02D05E
:1080500093ED080A7047D0ED016A30EEC76A66EE0C
:10806000866AC0ED096A90ED026A20EE866A80EDAC
:108070000A6A426B8263026B426337EE077A70EEE4
:10808000C70A77EEA07AC0ED0C7A90ED037A67EE1E
:10809000877AC0ED0B7A90ED087A76EE866A77EEF5
:1080A000A67A77EE277AC0ED087A90ED047AF4EE9E
:1080B000C77AF1EE10FA02DD80ED087AC8E7B1EE7A
:1080C000477AF4EEC77AF1EE10FAC1D580ED087A5E
:1080D000BEE79FED010A7047000000001A4BB3F99C
:1080E0000030013B092B2DD8DFE803F005090D1105
:1080F00015191D212529154B154A1A607047134B78
:10810000144A1A607047114B134A1A6070470F4B9C
:10811000124A1A6070470D4B114A1A6070470B4B98
:10812000104A1A607047094B0F4A1A607047074B94
:108130000E4A1A607047054B054A1A607047034B98
:10814000034A1A60704700BF100000207C0C00201A
:1081500000606A460000FA4500A00C4600401C463C
:1081600000E02B4600803B4600204B4600C05A46AC
:1081700008B511E0F9F7DAFF174B1860174BB3F9A0
:108180000030092B15DC0133144A138011E0FFF78E
:10819000A5FF0120FCF7D5FEF9F7C8FF0E4B1B68C1
:1081A000C01AB0F5967FF2D90D4BB3F90030012B10
:1081B000E0D00C4BB3F90030012BE8D1F9F7B6FF52
:1081C000054B1860054BB3F90030012BDFDD013B97
:1081D000024A1380DBE700BF800C00201000002063
:1081E000160D0020180D002000286BD00346002932
:1081F00068D030B50478427844EA0224C4F30A0413
:108200000C80427890F802E04FEA4E1E4EEAD20E01
:10821000CEF30A0EA1F802E08078DA78920042EA02
:108220009012187942EA8022C2F30A028A801D79EC
:108230005879C00140EA5500C0F30A00C88093F89D
:1082400005C0CCF3011C81F80AC093F805C04FEAC1
:108250009C1C81F80BC093F806C0DD794CEA052C14
:10826000A1F80CC093F808C05D7A4CEA052CA1F87F
:108270000EC093F80AC0DD7A4CEA052CA1F810C0B4
:108280001D7B8D745D7BCD7493F80EC0DD7B4CEA55
:10829000052CA1F814C093F810C05B7C4CEA0323B2
:1082A0000B81A4F580640C80AEF5806EA1F802E02D
:1082B000A2F580628A80A0F58060C880A3F5806303
:1082C0000B8130BD7047000008B503492422A1F19D
:1082D0002400FEF767FD08BDBC540020004870472D
:1082E000E054002000B583B0314B1B681A6812F0CF
:1082F000200F09D0002200921A6800925B68009358
:10830000009B03B05DF804FB2A4A126812F0100FBC
:10831000F7D0002201921A6801925B680193019BD9
:10832000254B1B681A6812F4002F1DD11A6822F021
:1083300001021A60204802685368C3F124039BB20B
:108340001E490B8024215160116841F40021116005
:1083500001680A6842F001020A60122BD1D1184963
:108360001848FFF741FFCCE71A6822F001021A60B3
:1083700011490A685368C3F124039BB20F48038074
:10838000242050601048826A22F400228262096828
:108390000A6842F001020A60122BB2D108490B4868
:1083A000FFF722FFF9F7C2FE094B1860A9E700BFEB
:1083B000A4100020004800403C0F002094540020EE
:1083C000E05400209854002000600240BC5400207B
:1083D000080D002008B51DE0F9F7A8FE264B18602F
:1083E000264A13680133136021E0254BB3F90030AE
:1083F000012B33D0234B1A6840F299735363936374
:10840000D3631364204A126853639363D3630120D8
:10841000FCF797FDF9F78AFE174B1B68C01AB0F5F9
:10842000967F04D9194BB3F90030012BD4D0F9F75A
:108430007DFE174B1B68C01AB0F5167FD5D9154BBA
:10844000B3F90030B3F5967FCFDDF9F76FFE104B2F
:1084500018600A4A136801331360C6E7094B1A68AB
:108460004FF4FA7353639363D3631364064A126839
:1084700053639363D363CAE7740C00206C0C002031
:10848000360D0020340E0020EC0D0020260D0020BB
:10849000700C00203A0D0020124BB3F90020124B53
:1084A000B3F90030022B18BF022A03D10F4B002270
:1084B0001A6070470E4BB3F9003013F5967FACBFCE
:1084C000002301230B4AB2F90020012A08BF43F020
:1084D00001031BB1054B084A1A607047034B002289
:1084E0001A607047360D0020380D0020880C0020DF
:1084F0003A0D0020100D00200000FA4408B5FFF7E7
:10850000CBFF0120FCF71DFDF9E7000008B5DFED0A
:10851000050A9FED050A054A00210548FFF719FDE8
:1085200008BD00BF00007A4500007A46E400002044
:108530007C51002010B5F0EE400A094BB3F93E30F3
:1085400000EE103A074CB8EEC00A2046FFF71AFDBD
:10855000D4ED087AFDEEE77A17EE903A18B210BD26
:10856000584F00207C51002008B5044B93ED000AC1
:10857000FFF7E0FF024B188008BD00BF880C002009
:10858000840C0020074B834200D0704710B5064C86
:108590002078FEF771FB012221460248FCF780FC9F
:1085A00010BD00BFEC1000200E0C00200FB410B561
:1085B00002AA52F8041B084B1A60084C204600F02F
:1085C00085FB82B2064B1A8021460648FCF7A3F9C8
:1085D000BDE8104004B07047F8550020F854002062
:1085E000F65400205C10002008B5054BB3F90010CC
:1085F0000448FFF7DBFF0520FCF7A3FCF5E700BF0D
:108600000C0C0020240801080346104605E013F86E
:10861000011B4140044A505C614601F1FF3C1FFAD6
:108620008CFC0029F3D170471C0E010850B138B5FD
:108630000546022905D94C1EFF22A1B2FFF7E4FF2F
:10864000285538BD70470000034698B1481E99B1BF
:1086500010B413F8011B5140C9B2084C34F8111082
:1086600081EA1222014601380029F2D110465DF854
:10867000044B70474FF6FF72104670471C0C010800
:1086800080B170B50C46054602290AD98E1E064BEC
:108690001A883146FFF7D8FFA855013CC0F30720E0
:1086A000285570BD704700BFF000002070B58AB03B
:1086B0000446A5238DF800301E268DF801600025A4
:1086C0008DF80250194A1378591C11708DF8033037
:1086D00005216846FFF7AAFF02238DF80530032322
:1086E0008DF80630324629460DF1070000F00AFBEE
:1086F00023686068A168E268CDF80730CDF80B0008
:10870000CDF80F10CDF813202369CDF81730A38AC8
:10871000ADF81B3027216846FFF7B2FF0A23272256
:1087200069460348FCF791F80AB070BDFC5500207B
:10873000EC10002008B54FF480411548FAF79CFC76
:1087400002B2144B1A80144BB3F90A10134801807B
:10875000B3F914104180B3F91E108180B3F92810C9
:10876000C180B3F932100181B3F93C304381828179
:1087700041F21113C3810382438201230375002355
:108780004375FFF793FF0A20FCF7DBFBD3E700BF3D
:10879000000402400C0C0020584F0020005600201E
:1087A0002DE9F047089D0E4604460F46002B4AD19E
:1087B00094468C45B2FA82F260D942B1C2F12003EC
:1087C000974020FA03F30CFA02FC1F4394404FEA4F
:1087D0001C4E1FFA8CF6B7FBFEF1230C0EFB117733
:1087E00043EA074301FB06F098420AD91CEB030356
:1087F00001F1FF3780F01581984240F21281023971
:1088000063441B1AA4B2B3FBFEF00EFB103344EA20
:10881000034400FB06F6A6420AD91CEB040400F14F
:10882000FF3380F00081A64240F2FD8064440238AC
:1088300040EA0140A41B00211DB1D4400023C5E93A
:108840000043BDE8F0878B4205D90DB1C5E90001B1
:1088500000210846F5E7B3FA83F1002946D1B34277
:1088600002D3824200F2F580841A66EB03020120F3
:108870001746002DE5D0C5E90047E2E7002A40F0A1
:108880009380A1EB0C034FEA1C471FFA8CFE0121D9
:10889000B3FBF7F607FB1630230C43EA00430EFB4D
:1088A00006F0984208D91CEB030306F1FF3802D208
:1088B000984200F2D08046461B1AA4B2B3FBF7F0F0
:1088C00007FB103344EA03440EFB00FEA64508D91B
:1088D0001CEB040400F1FF3302D2A64500F2B6807F
:1088E0001846A4EB0E0440EA0640A5E7C1F12007B4
:1088F0008B4022FA07FC4CEA030C06FA01FE20FA30
:1089000007F426FA07F344EA0E0400FA01F84FEAE6
:108910001C404FEA1449B3FBF0FE1FFA8CF600FB33
:108920001E3349EA03430EFB06F9994502FA01F2A8
:108930000BD91CEB03030EF1FF3A80F085809945BB
:1089400040F28280AEF1020E6344A3EB0909A4B2A7
:10895000B9FBF0F300FB139944EA094403FB06F664
:10896000A64208D91CEB040403F1FF3068D2A642EA
:1089700066D9023B644443EA0E40A41BA0FB02E616
:10898000B4427346B14652D34FD05DB1B8EB030247
:1089900064EB090404FA07F722FA01F31F43CC4001
:1089A000C5E9007400214CE7C2F1200120FA01F36F
:1089B0000CFA02FC26FA01F1964033434FEA1C47B9
:1089C0001FFA8CFEB1FBF7F007FB1016190C41EAF9
:1089D000064100FB0EF68E4204FA02F408D91CEBA5
:1089E000010100F1FF382DD28E422BD902386144AB
:1089F000891B9BB2B1FBF7F607FB161143EA014353
:108A000006FB0EF1994208D91CEB030306F1FF386F
:108A100014D2994212D9023E63445B1A46EA0041DD
:108A200036E73946EDE6184602E7F045ADD2BEEB33
:108A3000020366EB0C060138B146A6E74646ECE7B2
:108A4000034698E74046D3E7D6467EE764440238BB
:108A500047E708460DE7023E63442DE7024A034913
:108A6000034800F0C9B800BFF40000200DB30008AF
:108A7000080100200C4B4168994210B5044601D012
:108A800002F044FCA168094B994202D0204602F052
:108A90003DFCE168064B994204D02046BDE81040F9
:108AA00002F034BC10BD00BF1856002080560020D4
:108AB000E85600202DE9F843314A324C3249DFF8BC
:108AC000DC90DFF8DC80314F11600025042329465B
:108AD000082204F15C00C4E903352D4EA560C4E909
:108AE0000055C4E90555656600F00CF904F158001D
:108AF000C4E90749C4E90987E66200F00DFA29468E
:108B0000244B6367082204F1C400C4E91A55C4E980
:108B10001E552567C4F8CC50C4F8805000F0F2F818
:108B200004F1680304F1C000C4F88430C4E9229859
:108B3000C4E9247600F0F0F9174BC4F8DC3029467C
:108B400004F596700822C4E93455C4E93855C4F8D0
:108B5000D850C4F83451C4F8E85000F0D3F804F108
:108B6000D003C4E93D87C4F8F09004F59470C4F8CC
:108B7000FC60C4F8EC30BDE8F84300F0CDB900BFAC
:108B800050570020185600205D8A0008A18C00086C
:108B9000C58C000809000100120002003D8C00088D
:108BA000618C000810B504460A4800F0B9F9636BFF
:108BB00023B9094B094A1B68626323B1BDE8104021
:108BC000044800F0AFB9FFF775FFBDE81040014859
:108BD00000F0A8B96057002050570020758A00089F
:108BE000014800F09DB900BF60570020014800F027
:108BF00099B900BF605700202DE9F8430746884621
:108C000016464FF00009D6E90154013D10D4A3895E
:108C1000012B08D9B4F90E3001332146384602D071
:108C2000C04749EA0009013D6B1C04F16804EED11C
:108C30003668002EE7D14846BDE8F88310B50C46EB
:108C4000B1F90E1000F00EF9002803DB236D034488
:108C5000236510BDA38923F48053A38110BD00BFF9
:108C60002DE9F0410C46B1F90C101F46CB05054625
:108C700016460BD421F48051A1813B46B4F90E1065
:108C800032462846BDE8F04100F002B9B4F90E10B2
:108C90000223002200F0D0F8B4F90C10EAE700BF7C
:108CA00010B50C46B1F90E1000F0C6F8B4F90C304E
:108CB000421C0EBF23F4805343F480532065A381EC
:108CC00010BD00BFB1F90E1000F06EB870B59AB0CB
:108CD00013460A4E0A466FF0004102910591084979
:108CE0000391044600253068199569460094049460
:108CF00000F042FD009B1D701AB070BD0001002005
:108D00000802FFFF830730B547D0541E002A3ED02B
:108D1000CAB2034601E0013C39D303F8012B9D0799
:108D2000F9D1032C2CD9CDB205EB05250F2C05EB81
:108D3000054535D9A4F1100222F00F0C03F1100EF5
:108D4000E6444FEA121C1A46C2E90055C2E9025530
:108D500010327245F8D10CF1010214F00C0F03EB44
:108D6000021204F00F0C13D0ACF1040323F0030340
:108D70000433134442F8045B9342FBD10CF0030428
:108D80002CB1C9B21C4403F8011BA342FBD130BD76
:108D900064461346002CF4D1F9E703461446C0E7B5
:108DA0001A46A446E0E700BF38B5074D0022044646
:108DB00008462A60F8F7D0FD431C00D038BD2B6868
:108DC000002BFBD0236038BD54570020194B1B6883
:108DD00083422ED0416C70B5054681B100268C5976
:108DE0003CB121462468284600F00AF9002CF8D14D
:108DF000696C0436802EF2D1284600F001F9A96B87
:108E000011B1284600F0FCF82C6C34B121462468DE
:108E1000284600F0F5F8002CF8D1E96C11B128468D
:108E200000F0EEF86B6B1BB12846BDE870401847A8
:108E300070BD70470001002038B50C46084D8446CF
:108E4000114620461A4600232B606446F8F78EFD33
:108E5000431C00D038BD2B68002BFBD0236038BDED
:108E60005457002038B50C46084D8446114620461C
:108E70001A4600232B606446F8F750FD431C00D0CF
:108E800038BD2B68002BFBD0236038BD5457002021
:108E900038B50C46084D8446114620461A46002334
:108EA0002B606446F8F74AFD431C00D038BD2B68A0
:108EB000002BFBD0236038BD54570020014B1868AD
:108EC000704700BF0001002070B50F4B0F4DAB4243
:108ED000A3EB050607D0B610002455F8043B013477
:108EE0009847A642F9D807F07FFB094D094B5E1B56
:108EF000AB424FEAA60606D0002455F8043B0134E5
:108F00009847A642F9D870BD881301088813010854
:108F10008813010890130108704700BF704700BF15
:108F2000704700BF704700BF024B13B1024800F00A
:108F300005B8704700000000F9B50008002301469D
:108F40001A46184602F0ACBB2DE9F8430646082045
:108F5000894602F065FBDFF8A4800546304600F044
:108F6000FDFBD8F808305F6827F00307A7F111046C
:108F7000A4EB09042C44B4FBF5F4013C05FB04F418
:108F8000A54208DC0021304602F024FBD8F8083066
:108F90003B44984205D0304600F0E6FB0020BDE897
:108FA000F8836142304602F015FB01300FD0114AC0
:108FB000D8F808303F1B47F001075F601368304660
:108FC0001B1B136000F0D0FB0120BDE8F8830021DB
:108FD000304602F0FFFAD8F80820831A0F2BDADDAA
:108FE00043F001035360044B02491B68C01A086038
:108FF000D1E700BF685700204C0200205802002033
:1090000000297CD02DE9F0410C46804600F0A6FBFB
:1090100054F8043C754FA4F1080523F001016818C9
:10902000BE684268864222F0030200F08380DE07B9
:10903000426000EB020C33D454F8084CDCF80430E6
:109040002D1B2144AC6807F1080C644503F00103B3
:1090500064D0D5F80CE0C4F80CE0CEF80840002B42
:1090600000F0818041F001036B600160B1F5007F89
:1090700022D27868CB080122490901338A40024391
:1090800057F833107A6007EBC302083AC5E90212B9
:1090900047F83350CD604046BDE8F04100F064BB76
:1090A000DCF80430DB072BD541F00103B1F5007F7C
:1090B00044F8043C0160DCD3B1F5206F4FEA512342
:1090C00053D28B0903F1390003F13802C300F818B9
:1090D000FB580838984203D161E09B68984204D05D
:1090E0005A6822F003028A42F7D8D868C5E90230EC
:1090F0008560DD604046BDE8F04100F035BB70475B
:10910000114407F1080C836863453FD0C268DA60F8
:10911000936041F001036B606950A7E7002B5FD1BA
:109120000A44D0E90213CB60996042F001036B60FE
:10913000AA50B0E7DB070A4407D454F8083CED1AFC
:109140001A44D5E90213CB60996042F001036B60C9
:10915000274BBD601B6893429DD8264B404619683B
:10916000FFF7F2FE97E71144CDE7142B08D9542BF3
:109170001DD80B0B03F16F0003F16E02C300A6E7CD
:1091800003F15C0003F15B02C300A0E741F00103BF
:10919000C7E90455C5E902CC6B6069507BE7796883
:1091A0009210012404FA02F20A437A609EE7B3F5B2
:1091B000AA7F06D8CB0B03F1780003F17702C30036
:1091C00085E740F25452934206D88B0C03F17D00A0
:1091D00003F17C02C3007AE74FF47E737E2276E7C8
:1091E00041F001036B60016055E700BF58020020A9
:1091F00050020020985700202DE9F04F01F10B0597
:10920000162D83B0064623D8102900F2AF8000F057
:10921000A5FA102518230220B74F3B44A3F10802FA
:109220005C68944200F01E816368E268A16823F0E4
:109230000303CA602344304691605A6842F0010239
:109240005A6000F091FA0834204603B0BDE8F08F70
:1092500035F0070500F18A80A94200F2878000F00E
:109260007DFAB5F5FC7FC0F06E816B0A00F082805C
:10927000042B00F21D81AB0903F1390003F1380E14
:10928000C3009D4F3B44A3F1080C5C68A44507D183
:109290000DE0002AE16880F2DF808C4507D00C46A3
:1092A000636823F003035A1B0F2AF2DD7046DFF8D0
:1092B00060823C69444500F0BC80636823F0030C85
:1092C000ACEB05030F2B00F34281002BC7E90488A8
:1092D00080F22D81BCF5007FD7F804E080F0C880D3
:1092E0004FEADC0101314FEA5C1C012303FA0CF365
:1092F00057F83120A2604EEA030E07EBC103083B8A
:10930000E360C7F804E047F83140D46083104FF0C1
:10931000010C0CFA03FCF44532D81CEA0E0F08D1FC
:1093200020F003004FEA4C0C1CEA0E0F00F1040081
:10933000F8D007EBC00AD6468146DEF80C300BE0C9
:10934000596821F003014A1B0F2A1C46DB6800F311
:10935000BB80002A80F2DE809E45F1D109F101092F
:1093600019F0030F0EF1080EE7D119E10C23336059
:10937000002469E74FF4007340204FF03F0E80E770
:10938000BC68636823F00309A94503D3A9EB05036F
:109390000F2B51DC594B1B68082003F1100804EB1C
:1093A0000903009302F03CF9554A13680133A844BD
:1093B000834605D008F1FF388044434203EA080899
:1093C0004146304602F006F9B0F1FF3F4C4A824672
:1093D00000F0D880009B834200F2D280494B18688D
:1093E00040440BF1FF311860844640F0FC801AEADB
:1093F000010F40F0F880D7F808A0C84448F00102F7
:10940000CAF80420404B1968814238BF18603F4BAE
:109410001968814238BF1860544622F00308A845F5
:10942000A8EB050301D30F2B06DC304600F09CF9B6
:109430009EE7D7F804E069E7621943F0010345F0BD
:10944000010565603046BA60536000F08DF908345C
:10945000204603B0BDE8F08FA2682344D1603046B7
:109460008A60EAE6DC68A3427FF4DEAE02301EE7E3
:10947000BCF5206F4FEA5C227BD3142A00F21281E4
:1094800002F15C03DB005B32F918FB5808399942A2
:1094900003D1ECE09B68994204D05A6822F00302A1
:1094A0006245F7D8D968C4E902318C60DC602DE7E9
:1094B000142B6AD9542B00F2FE802B0B03F16F00A2
:1094C00003F16E0EC300DCE6D4F808C0304666191E
:1094D00045F001056560CCF80C30C3F808C042F0D7
:1094E0000103C7E90466C6E902887360625000F0B0
:1094F0003BF90834A8E600BF580200209857002026
:109500004C020020685700209457002090570020FC
:1095100060020020214430464A6842F001024A605D
:1095200054F8082FD3609A6000F01EF98CE6A4442A
:109530003046DCF8043043F00103CCF8043000F08E
:1095400013F9083480E6E80805F1080364E66219B7
:1095500043F0010145F0010565603046C7E904228A
:10956000C2E90288516044F80C3000F0FDF808347C
:109570006AE64FEA9C1202F13903DB00383283E7D6
:10958000BC4228D0BC68626847E703F15C0003F185
:109590005B0EC30075E65AF80839534540F0D98090
:1095A00010F0030F00F1FF30F5D17B6823EA0C03C4
:1095B0007B604FEA4C0C9C453FF6E2AEBCF1000FDD
:1095C00004D1DDE64FEA4C0C09F104091CEA030F53
:1095D000F8D04846ADE6604B186808EB000C0BF17C
:1095E000FF31C3F800C0106801306ED0009AAAEBBA
:1095F000020262441A601AF00702CDE9002340D04B
:10960000C2F108029244D04408EA01005A44121AF6
:1096100002EA010B5946304601F0DCFF421C019B77
:109620006FD0A0EB0A0000EB0B081868C7F808A081
:1096300048F001025844BC42CAF8042018603FF4C4
:10964000E1AEB9F10F0F43D96168A9F10C0222F024
:10965000070201F00101114361604FF0050CA118F0
:109660000F2AC1E901CC54D8DAF80420CAE69210D6
:109670004FF0010C0CFA02F24EEA020EC7F804E0B9
:1096800011E70AEB08020A40ABEB020202EA010B07
:109690005946304601F09EFF431C019BC1D1DDF8C5
:1096A00000B0C2E7542A17D84FEA1C3202F16F0308
:1096B000DB006E32E8E6B3F5AA7F17D8EB0B03F1B7
:1096C000780003F1770EC300DBE5C2F800A092E753
:1096D0000123CAF80430A8E6B2F5AA7F24D84FEADD
:1096E000DC3202F17803DB007732CDE640F25452EF
:1096F000934224D8AB0C03F17D0003F17C0EC30030
:10970000BFE5009A083A9044A8EB0A084FF0000B16
:109710008BE7304604F108010093FFF771FC009BD2
:10972000D7F808A018689FE740F254539A420CD823
:109730004FEA9C4202F17D03DB007C32A4E64FF449
:109740007E737F204FF07E0E9BE54FF47E737E226A
:109750009AE67B682DE700BF685700200148FFF7B5
:10976000DFBB00BF585700200148FFF7DBBB00BF3D
:1097700058570020000000002DE9F04FD9B00C46EA
:10978000099115460B93834601F020FF0368169359
:109790001846F7F735F800211490082228A8FFF79B
:1097A000B1FAA389190603D52369002B00F05E875F
:1097B0009FED7F7B0023CDE92D33CDE917338DED70
:1097C000107B2FAA0E932C92144615931C93199379
:1097D00006932E46B246784BD3F8E45001F0F0FEE3
:1097E00028AA0346009224A952465846A8470028B2
:1097F00000F0B180C0F2A780249A252A034601D048
:109800009A44E8E7BAEB0607054640F0A880002333
:1098100019464FF0FF328DF8873007930AF1010A9D
:109820009AF80030059204910AF1010AA3F120028E
:109830005A2A00F2C380DFE812F0F402C100C1002E
:10984000ED02C100C100C1006A00C100C1003F02B9
:109850005102C1004A020603C100FF025B005B0027
:109860005B005B005B005B005B005B005B00C100BA
:10987000C100C100C100C100C100C1003B01C10065
:10988000BE01D3023B013B013B01C100C100C1004D
:10989000C100CC02C100C1008802C100C100C100EA
:1098A000E801C1005702C100C100B206C100C100F9
:1098B000C100C100C100C100C100C1003B01C10025
:1098C000BE011A023B013B013B01A0021A027F00CC
:1098D000C100C202C100B302D80622037F00C1004A
:1098E000E8017C00AE06C100C100DB06C1007C00BF
:1098F000A3F1300200211AF8013B01EB810102EBD8
:109900004101A3F13002092AF5D907918EE75846A3
:1099100001F05CFE436819931846F6F771FF1C903E
:109920000546584601F052FE83681793002D40F01B
:10993000B7859AF8003077E7049B43F0200304933F
:109940009AF8003070E70822002128A8FFF7DAF91A
:1099500001239A443FE7BAEB0607054610D02E9B39
:109960003B442E932D9B0133072BC4E900672D93B5
:1099700015DC0834069B3B440693002D7FF447AF6B
:109980002E9B002B41F09381099B9B8903F04003A0
:10999000002B41F09283069859B0BDE8F08F0999E9
:1099A0002CAA584601F086FC0028EDD12FACE1E747
:1099B0000000000000000000600600200C93002B57
:1099C000DED000228DF8FC3001238DF88720029331
:1099D0000A920893059212920F920D923FAE049B49
:1099E00013F0020302D002990231029104992E9DD4
:1099F00011F0840805D1079902980F1A002F00F37F
:109A0000A1806AB1012262602D9A013201350DF107
:109A10008701072A2E952D92216000F3DB830834FD
:109A20006BB12D9B22AA013302352260072B4FF028
:109A300002022E952D93626000F3C1830834B8F1C1
:109A4000800F00F0C482059B089A9F1A002F00F334
:109A5000FE82049BDA0500F12482089B63601D44AA
:109A60002D9B26600133072B2E952D9300F33F830A
:109A70000834049B5A0705D5079B029A9E1A002EAC
:109A800000F3B583DDE9063202998A42ACBF9B1828
:109A90005B180693002D40F00B8300232D930A9B47
:109AA0001BB10A995846FFF7ABFA2FAC564691E620
:109AB0000C930B9B073323F00703B3EC027B58ECAA
:109AC000177B0B9328F000431B938DED1A7ADDE989
:109AD0001A01AF4B4FF0FF328DED107BF7F796F97F
:109AE000002840F00285DDE91A01A94B4FF0FF3252
:109AF000F7F76EF9002840F0F8840022002338467A
:109B00004146F7F75BF9002841F021809DF8872056
:109B1000049BA04E23F0800304939F4B0C9947298C
:109B2000D8BF1E46002303210A9302910891059392
:109B300012930F930D93002A3FF451AF029B013310
:109B400002934CE795492D9A1391102F25DD21465C
:109B50002846099C914D1D934FF0100904E0103FD9
:109B6000102F01F1080115DD01321030072AC1E97B
:109B70000059CDE92D20F2DD2CAA2146584601F0EE
:109B800099FB002840F09C82103F102FDDE92D202A
:109B90002FA9E9DC1D9B0C46054601321399216073
:109BA0003D44072ACDE92D25676000F3D4869DF852
:109BB0008720083425E70B9A0C93432B02F1040508
:109BC00003D0049BDA0640F11785082200212AA859
:109BD000FFF798F80B9B3FAE1A6831462AAB584600
:109BE00003F060F903460133089001F06182089B9D
:109BF00023EAE373029300220B958DF887200A92E3
:109C0000059212920F920D92E9E60B9F0C9357F872
:109C1000046B00238DF88730002E00F016850C9B16
:109C2000532B00F0BF86049B13F010030D9340F0FC
:109C3000B986059B002BC1F245800D991A46304626
:109C4000F6F77EFD0A90002801F066820A9B991BB8
:109C50000D9B0891059321EAE17112930F930A93EA
:109C600073239DF887200B9702910C9363E70C9365
:109C7000049B9B0640F1BD800B9B073323F0070339
:109C80001A46596852F8083B0B920A460029C0F25E
:109C9000CA8305990029C0F28382049921F08005C6
:109CA00053EA020140F07D82059A002A40F07E824C
:109CB0000495089258AE60E10B9B53F8042B079271
:109CC000002A80F2DA83079A0B9352420792049B90
:109CD00043F0040304939AF80030A5E52B238DF894
:109CE00087309AF800309FE50C93049B43F01005F1
:109CF00015F0200200F072830B9B073323F007035B
:109D000019465A6851F8083B0B9101210020059E25
:109D10008DF88700002EC0F2198125F08000049094
:109D200053EA020040F01181002E40F02486002901
:109D300040F0808315F00103089300F0A3833023E3
:109D40008DF85F310DF25F1617E10C93049B43F021
:109D500010030493049B13F0200200F055830B9B27
:109D6000073323F0070319465A6851F8083B0B9153
:109D7000049921F480650021C8E79AF80030682B27
:109D800000F04E84049A42F0400204924CE500BF79
:109D9000FFFFEF7F300801082C0801082C0F010895
:109DA000049B9D0640F190830B9B069A1B681A60EA
:109DB000D2175A600B9B04330B9356460AE59AF868
:109DC00000306C2B00F02284049A42F010020492BE
:109DD0002AE5049B43F0080304939AF8003023E536
:109DE0000C93049B43F010030493049B9B063FF5E4
:109DF00043AF04990B9ACF0652F8043B00F14B8312
:109E000004994E0640F143860B9243F3C03211464B
:109E10001BB23BE7049B43F0010304939AF8003024
:109E200002E59DF887209AF80030002A7FF4FCAC08
:109E300020228DF88720F7E4049B43F080030493ED
:109E40009AF80030F0E4504610F8013B2A2B01F05C
:109E5000E581A3F13002092A98BF002101F2E480D4
:109E600010F8013B01EB810102EB4101A3F130024B
:109E7000092AF5D941EAE17205928246D6E40B9AA5
:109E8000049B43F0020552F8043B0B9247F6300264
:109E9000ADF8882078209B4A1592022100220C9070
:109EA00034E70C9B652B40F33381DDE91001002280
:109EB0000023F6F779FF002800F0D2812D9B924A0B
:109EC0002260013301350122072B2E952D9362600C
:109ED00000F35C850834239B0E9A934280F2C8827B
:109EE000149B169A1D44C4E900232D9B2E95013323
:109EF000072B2D9300F39E8308340E9B5E1E002ECD
:109F00007FF7B7AD102E2D9BDFF8009240F3E58070
:109F1000DDF82480102704E00834103E102E40F3B2
:109F2000DC8001331035072BC4E90097CDE92D35CE
:109F3000F2DD2CAA4146584601F0BCF9002840F059
:109F4000BF80DDE92D352FACE7E7049D012900F046
:109F50002881022958AE1FD1159803F00F011B0963
:109F6000415C06F8011D43EA0273120953EA02013B
:109F7000F3D158AB9B1B04950893059908989DF85D
:109F8000872081424FF00003B8BF01460A93029137
:109F900012930F930D93CEE503F00701DB0843EA1C
:109FA0004273D208303153EA0207304606F8011DE9
:109FB000F2D1EF07DDD53029DBD03023023806F8A7
:109FC000013C58AB1B1A049508930646D5E7079B3E
:109FD000029A9F1A002F7FF736AD102F2D9BDFF8C6
:109FE0002C9122DD2A464FF010084D46DDF82490D2
:109FF00004E0103F102F04F1080414DD0133103287
:10A00000072BC4E90058CDE92D32F2DD2CAA4946D0
:10A01000584601F04FF9002852D1103F102FDDE9CA
:10A020002D322FACEADCA946154601333D44072BFF
:10A03000CDE92D35C4F80090676000F3DB84059B03
:10A04000089A9F1A002F04F108047FF702AD102F21
:10A050002D9BDFF8B8901FDD2A464FF01008099DB0
:10A0600004E0103F102F04F1080414DD01332749E8
:10A070001032072BC4E90018CDE92D32F1DD2CAAEE
:10A080002946584601F016F9D0B9103F102FDDE9E6
:10A090002D322FACEADC154601333D44072BCDE9C8
:10A0A0002D35C4F80090676000F38C810834D0E44B
:10A0B00009992CAA584601F0FDF800283FF4EDACB0
:10A0C0000A9B002B3FF460AC0A995846FEF798FFB4
:10A0D000099B9B8903F040035AE401333544072B65
:10A0E000C4F800906660CDE92D357FF7C1AC0999C1
:10A0F0002CAA584601F0DEF80028E1D12E9D2FACA5
:10A10000B7E400BF3C0801086C0801081C0F0108F7
:10A110000E9B2D9F012B05F1010507F1010704F1AD
:10A12000080840F30B810123072FCDE92D75266028
:10A13000636000F38381149B169A01371D44072F37
:10A14000C8E90023CDE92D7500F3858108F10808E1
:10A150000E9BDDE910015C1E00220023F6F724FEB1
:10A16000002840F00481013701362544072FCDE94E
:10A170002D75C8F80060C8F8044000F3EB8008F1C2
:10A180000808189BC8F8043001371D44072F26AB78
:10A19000CDE92D75C8F80030A9DC08F1080468E4A1
:10A1A000049D0A2B72F1000180F05E8330338DF83C
:10A1B0005F310123049508930DF25F16DDE60999DE
:10A1C0002CAA584601F076F800287FF479AF2E9D2E
:10A1D0002FAC34E4099913932CAA584601F06AF87D
:10A1E00000287FF46DAF2E9D139B2FAC18E4B44A6A
:10A1F0002D9B1392102E1FDDDDF824801027914631
:10A2000004E0103E102E04F1080415DD0133103572
:10A21000072BC4E90097CDE92D35F2DD2CAA414684
:10A22000584601F047F800287FF44AAF103E102E40
:10A23000DDE92D352FACE9DC0133139A3544072BCA
:10A24000C4E90026CDE92D357FF71CAC09992CAA6D
:10A25000584601F02FF800287FF432AF2E9D11E40C
:10A260002399002940F35183DDE90D329342A8BFC1
:10A270001346002B98460ADD1D44C4E900632D9B5C
:10A280002E950133072B2D9300F3618608340D9F23
:10A29000B8F1000FA8BFA7EB0807002F00F3F58166
:10A2A0000D9B33440593049B5F0500F11582239BAE
:10A2B0000E9A9342C0F2A082049AD00700F19C82C9
:10A2C0000E9AB718D61A059BFF1AB742A8BF374691
:10A2D000002F0ADD23602D9B676001333D44072B6F
:10A2E0002E952D9300F365860834002FA8BFF61B2A
:10A2F000002E7FF7BEAB102E2D9BDFF8C8917FF7A5
:10A30000ECAEDDF82480102704E00834103E102E57
:10A310007FF7E3AE01331035072BC4E90097CDE991
:10A320002D35F2DD2CAA4146584600F0C3FF002827
:10A330007FF4C6AEDDE92D352FACE7E7049BD907E6
:10A340003FF5F1AE0123072FCDE92D75266063603F
:10A350007FF717AF09992CAA584600F0ABFF0028E9
:10A360007FF4AEAEDDE92D750DF1BC0809E70E9B5B
:10A37000012B7FF706AF112BDFF8489140F35C8388
:10A38000CDF814A01026CA46DDF8249005E008F1A7
:10A390000808103C102C40F34C8301371035072F70
:10A3A000C8E900A6CDE92D75F1DD2CAA494658462D
:10A3B00000F080FF00287FF483AEDDE92D750DF1FC
:10A3C000BC08E6E709992CAA584600F073FF00285C
:10A3D0007FF476AE2E9D2FACFFF73BBB0B9915F0AB
:10A3E000100051F8043B0CD115F0400604D00B913D
:10A3F0009BB20246012189E415F400721CBFDBB256
:10A4000032460B91012181E404980B9910F0100061
:10A4100051F8043B3DD1049A12F0400534D09BB270
:10A4200002460B91A4E45B42049D62EB42022D20A4
:10A4300001216CE4059B089358AE9EE509992CAA6E
:10A44000584600F037FF00287FF43AAEDDE92D755D
:10A450000DF1BC086FE609992CAA584600F02AFFB6
:10A4600000287FF42DAEDDE92D750DF1BC086FE6F7
:10A47000049BDB077FF5FDAA32E50B939AF80030C9
:10A48000FFF7D2B958AE78E5049A12F4007240F0A2
:10A4900009840B916CE40B92DA171146FFF7F6BBB7
:10A4A000179A9AF80030002A3FF4BEA91278002AC1
:10A4B0003FF4BAA9049A42F480620492FFF7B4B957
:10A4C0002C0F01081C0F0108049BD80600F1AB8279
:10A4D000049B590600F1E083049B9A0540F1A38296
:10A4E0000B9B069A1B681A7064E4DDE910010246B2
:10A4F0000B46F6F78BFC002840F01E860C9B612B68
:10A5000000F03185412B00F04E85059B013300F0B2
:10A5100002840C9B23F02003472B00F0E1850A9076
:10A52000DDE91001049A002942F48079C0F2F9842F
:10A530009DED107B8DED1E7B002313930C9B413B07
:10A54000252B00F22583DFE813F0290423032303DE
:10A550002303EA03B5042303230323032303230371
:10A5600023032303230323032303230323032303BB
:10A5700023032303230323032303230323032303AB
:10A580002303230323032303230329042303230394
:10A590002303EA03B504049D0C93FFF7A9BB0C93B6
:10A5A000AD4B1593049B13F0200200F033810B9BFD
:10A5B000073323F0070319465A6851F8083B0B91FB
:10A5C0000498C1070BD553EA020108D00C998DF805
:10A5D000891040F00201049130218DF8881004990F
:10A5E00021F480650221FFF791BB0C93FFF7B2BB0A
:10A5F0000C939A4B1593D5E70B9B1B688DF8FC3099
:10A600000123029308933FAEFFF7F5BA049B43F092
:10A61000200304930AF1010A9AF80030FFF704B905
:10A62000049B43F4007304930AF1010A9AF8003082
:10A63000FFF7FAB809992CAA584600F03BFE00280B
:10A640007FF43EAD2E9D2FAC57E4059B0A96062B5A
:10A65000314628BF0623059632460293804E0B975B
:10A66000089312910F910D91FFF765BA402158465A
:10A67000FEF7C2FD099B18601861002800F00386F0
:10A68000099A40235361FFF793B8102F2D9BDFF8F1
:10A69000D49140F30B8249462A46B146099D4FF0BA
:10A6A00010080E4604E00834103F102F40F3FA81E2
:10A6B00001331032072BC4E90068CDE92D32F2DDF9
:10A6C0002CAA2946584600F0F5FD00287FF4F8AC86
:10A6D000DDE92D322FACE7E70E9BCDF830A006EB7D
:10A6E00003090F9BDDF85CA0DDF848800D96002B78
:10A6F00022462946059C099DCDF81490DDF87090FE
:10A7000031DDB8F1000F40F33B8108F1FF382D989F
:10A71000199B013049440728C2E900392E912D9038
:10A7200000F387800832059B9AF800001F1B8742C0
:10A73000A8BF0746002F0CDD2D98013039440728AB
:10A74000C2E900472E912D9000F360819AF8000035
:10A750000832002FACBFC61B0646002E16DC044490
:10A760000F9B002BCDDCB8F1000FCEDCDDE90D63D3
:10A770002046F31898421446024628BF1A46CDF8E0
:10A780005CA00D46DDF830A0059290E5102E2D98C6
:10A79000344B23DD0894102734461E4604E0103C59
:10A7A000102C02F1080216DD01302E4B1031072863
:10A7B000C2E90037CDE92D01F1DD2CAA2946584622
:10A7C00000F078FD00287FF47BAC103C102CDDE914
:10A7D0002D012FAAE8DC33462646089C1360013081
:10A7E00031440728CDE92D01566000F3A2839AF881
:10A7F000000008320444B3E7149A16991544C4E9DA
:10A8000000122D9A2E950132072A2D9200F3BE8355
:10A81000083455E504980B9910F0100051F8043BEA
:10A8200017D1049A12F040050ED09BB202460B914C
:10A83000C6E62CAA2946584600F03CFD00287FF4C5
:10A840003FAC2E992FAA6EE7049A12F4007240F0E2
:10A850001F820B91B4E600BF500801083C080108B4
:10A86000640801081C0F010800210894DFF81C93FC
:10A87000179CCDF810A005F4806758AE4FF005087E
:10A8800002958C4605E00A2B72F1000234D3534640
:10A890002A46991841F10001A9FB010525F00300A2
:10A8A00000EB9500091A581A4FF0CC3562F1000EF2
:10A8B00005FB00F5A0FB09A009FB0E550AF0010EEF
:10A8C0000544AEFB080E40184FEA5A0A303006F82D
:10A8D000010C4AEAC57A0CF1010C013E6D08002F0B
:10A8E000D1D021788C45CED1BCF1FF0FCBD00A2B33
:10A8F00072F1000280F0E7801794DDF810A0029D4D
:10A90000089CCDF838C0FFF734BB2D9B9E4A2260CF
:10A91000013301350122072B2E952D93626000F340
:10A920001B810834002940F09380049B0E9A03F0A9
:10A93000010313433FF49DA8149B169A1D44C4E9D8
:10A9400000232D9B2E950133072B2D9300F3D681E9
:10A9500004F108028DE0099913932CAA584600F0DF
:10A96000A9FC00287FF4ACAB9DF887202E9D139B9B
:10A970002FACFFF746B80129049D7FF4EAAA15E43D
:10A980000F9B013B0AF1FF3A0F93C0E609992CAAED
:10A99000584600F08FFC00287FF492AB2E9D2FAC20
:10A9A000FFF799BA0DF1A808082200214046259624
:10A9B000FEF7A8F9059B002BC0F2928000250297B4
:10A9C00099462F460EE03FA9584602F06BFA431C09
:10A9D000384400F08F83484509DC05F1040500F098
:10A9E000BD830746259A52594346002AEBD1089762
:10A9F000029F83E009992CAA584600F05BFC0028CE
:10AA00007FF45EAB2E9D2FACFFF71DB82CAA294614
:10AA1000584600F04FFC00287FF452AB9AF8000033
:10AA20002E992FAA95E60B9B069A1B681A60FFF7D2
:10AA3000C1B9D146DDF814A0C8F80090013725440B
:10AA4000072FCDE92D75C8F804407FF798AB81E456
:10AA5000149B169A1D44C4E900232D9B2E950133A7
:10AA6000072B2D9300F34A8104F108020029C0F25C
:10AA7000E0820E99166001330D44072BCDE92D3588
:10AA800051603FF734AB02F10804FEF7F2BF0499BE
:10AA90000B928D054ABF43F3C012DA175BB2114621
:10AAA000FFF7F4B8154632464E46914601333D4411
:10AAB000072BCDE92D35C4F80090676000F31281B3
:10AAC0000834FFF7EDBB1C9B1999F61A1A4630465D
:10AAD00000F042FD637803B101344FF0000CD6E67C
:10AAE00000231946CDF8008025AA584602F000FA46
:10AAF00003460133089000F0FD822596089B002B49
:10AB000036D0632B00F3E48000230A933FAE082283
:10AB100000214046FEF7F6F8089DCDF800802B4650
:10AB200025AA3146584602F0E3F9854240F0A58354
:10AB300008990B970023735421EAE1719DF887204F
:10AB40000593029112930F930D93FEF7F4BF2D22FC
:10AB50008DF88720FEF7DCBF09992CAA584600F033
:10AB6000A9FB00287FF4ACAA23992E9D2FACD9E62F
:10AB7000089B9DF887200B970293059312930F93E0
:10AB80000D930A93FEF7D7BF6C080108CDCCCCCC4F
:10AB90002AAB019325AB0093022123AB9DED1E0B45
:10ABA000059A584600F054FE049BD907064600F16A
:10ABB000FC812A9B1B1A0E93239B0D930D9BDA1C81
:10ABC00003DB059A9A4280F28B810C9B023B0C932B
:10ABD0000D9B013B9DF8302023930021002BB8BF33
:10ABE0000D9B8DF89820BABFC3F101032D222B22B3
:10ABF000092B8DF8992040F365820DF1AF05B34F15
:10AC00002A461046A7FB0312D20802EB8201A3EBEF
:10AC10004101303100F8011C19466329134600F147
:10AC2000FF32EEDC303302F8013C831EAB4280F091
:10AC300021830DF1990213F8011B02F8011FAB42A9
:10AC4000F9D158AB181AA0F1AD0318930E9B189ABE
:10AC5000012B1A44089240F35882089B149A13441B
:10AC60000893049B089A23F4806343F4807304934D
:10AC700022EAE2720023129302920F930D93139B28
:10AC8000002B40F01B819DF887200593FEF753BFF2
:10AC9000DBB22A460B9193E40B9B069A1B681A8041
:10ACA000FFF788B8DBB22A460B91FFF761B8099C21
:10ACB0002CAA2146584600F0FDFAA38903F0400370
:10ACC000FEF766BE3046F5F79BFD0146FEF7C0BFB6
:10ACD000591C5846FEF790FA0646002800F0DB8221
:10ACE0000A9014E709992CAA584600F0E3FA0028C4
:10ACF0007FF4E6A92E9D2FACFFF7D2BA09992CAAB2
:10AD0000584600F0D7FA00287FF4DAA9DDE92D359E
:10AD100023992FAAAAE606230A90059300E4059B2F
:10AD2000022103F101082AAB019325AB00939DEDAD
:10AD30001E0B23AB4246584600F08AFD0C9B23F0C5
:10AD40002007462F064600EB080518BF452705D10A
:10AD50003378302B00F03C81239B1D44DDE91E013C
:10AD600000220023F6F720F8002840F059812A9BA2
:10AD7000AB4206D230215A1C2A9219702A9B9D425E
:10AD8000F9D8239A0D929B1B472F0E933FF416AFD1
:10AD9000462F00F02B810D9B013B1BE723A89DED67
:10ADA0001E0B00F04BFC00224FF07F5351EC100BB8
:10ADB000F5F792FD02460B46CDE90223002200235F
:10ADC000F5F7F2FF08B101232393059B404A0C9845
:10ADD000CDF820A0591E3F4B0D96612808BF1A469A
:10ADE0003746A0460592DDE902458A46164609E047
:10ADF000002200230AF1FF39F5F7D6FF002840F0C2
:10AE0000BB81CA46344B002220462946F5F764FD33
:10AE10000D460446F6F710F88146F5F723FB024687
:10AE20000B4620462946F5F7CFF916F80930BAF156
:10AE3000FF3F3A46044607F8013B0D46D8D1CDE91D
:10AE40000245264BDDF820A00D9E44469046002288
:10AE50004D46F5F7D1FF002800F0FF81059BCDF8A6
:10AE6000A880D97B17F8012C91423B4609D13020AC
:10AE700003F8010C2A9B5A1E2A9213F8012C9142C6
:10AE8000F6D0392A0BBF059A0132927AD2B203F872
:10AE9000012C3B469B1B0C9A0E93239B0D93612A1E
:10AEA00003F1FF33239300F0B381412150220C9131
:10AEB000012193E6DDF81480032134E72D220023DD
:10AEC0008DF887200593FEF739BE00BFCDCCCCCCE2
:10AED000500801083C080108000030400000E03F35
:10AEE000DDE90D23934200F3C480049B13F0010FAE
:10AEF0000D9B00F00F81149A13440893049B5F0587
:10AF000003D50D9B002B00F34781089B23EAE373D5
:10AF1000029367230C930023CDF8109012930F93A4
:10AF2000ADE601F100431F932D231E901393FFF70D
:10AF300005BB2CAA2946584600F0BCF900287FF42E
:10AF4000BFA89AF800002E992FAA044408E4099992
:10AF50002CAA584600F0AEF900287FF4B1A82E9D27
:10AF60002FACFFF794B978238DF88930049B43F018
:10AF70000203049330238DF88830059B632B00F384
:10AF80008E8000230A933FAEFFF7CABA09992CAA14
:10AF9000584600F08FF900287FF492A8239B2E9D3D
:10AFA0002FACFFF78DB95823DEE7059B4727C5185F
:10AFB000D4E609992CAA584600F07CF900287FF4C1
:10AFC0007FA8239E0E9B2E9D9E1B2FACFFF78DB955
:10AFD000DDE91E0100220023F5F7E6FE002800F05F
:10AFE0001981239B0D931D44AB1B0E93049B0D995C
:10AFF000059A03F00103002943EA020340F31A8192
:10B00000002B40F0F2800D9B089366230C93049B69
:10B010005B0500F1C380089B23EAE37302937AE7A0
:10B02000239A0D922B46AEE6002282460592FEF749
:10B03000FDBB4F421031DFF87892B8BF102404DB1B
:10B0400021E00832103F102F1DDD01331035072B92
:10B05000C2E90094CDE92D35F3DD09992CAA5846B3
:10B0600000F028F900287FF42BA8DDE92D352FAA60
:10B07000E8E70E9B149A9A180D9B0892002B71DD3D
:10B0800067230C93C3E701333D44072BCDE92D35EE
:10B09000C2F80090576000F3AF800832E9E4591C11
:10B0A0005846FEF7A9F8064610B10A90FFF738BADD
:10B0B000099A938943F0400393814FF0FF3306933D
:10B0C000FEF769BC002934D130228DF89A200DF1A9
:10B0D0009B02303302F8013B26ABD31A1893B5E537
:10B0E000059B002B7FF41BAA059B0A930123059364
:10B0F000FFF716BA099BB3F90C3000220A9243F00D
:10B100004003099A9381FEF7DBBF049BDB077FF5C1
:10B11000A8ADA2E50893F1E6059B0293089373237B
:10B120009DF887200B97059012900F900C93FEF7D7
:10B1300002BD0DF19A02CCE7119B5A4E002B049BE5
:10B14000A8BF9DF8872023F08003B8BF2D22049369
:10B15000B8BF8DF88720544BFEF7E0BC059B029FDB
:10B160000893CBE4C3F101031A4422EAE273029389
:10B17000672308920C93CEE651460029DDF820A003
:10B180000D9E4446FFF685AE4B1C3B44302207F82B
:10B19000012B9F42FBD17DE667230C9317990B7817
:10B1A000FF2B74D000250D9A284603E001300131B1
:10B1B000FF2B08D0934206DAD21A4B78002BF5D138
:10B1C0000B780135F4E717910D920F901295129AB2
:10B1D0000F9B1C99CDF810901344089A01FB032390
:10B1E000089323EAE373029349E5149B1A44531826
:10B1F000089366230C930AE709992CAA584600F095
:10B2000059F800287EF45CAFDDE92D352FAA30E433
:10B2100070224DE6C8F1010323939EE50B9A9AF83C
:10B22000013052F8041B0B9241EAE171824605910C
:10B23000FEF7FABA2BB90123662202930C92089307
:10B2400069E6149B03F10108059B4344089323EA34
:10B25000E373029366230C935DE6DDE90201134B71
:10B260000022F5F7A1FD00283FF413AEE8077FF5B3
:10B2700010AEF3E502231893E8E4099BB3F90C3010
:10B2800043F040033DE70C23CBF8003015E70023E3
:10B2900012930F939BE7099B0A90B3F90C3043F08C
:10B2A00040032EE738080108340801080000E03F99
:10B2B0001C0F01082DE9F843154692682C68FAB175
:10B2C00080468946083401E00834CFB16B68591EC6
:10B2D000002B1746696013DD54F8046C002EF3D080
:10B2E000334654F8082C4946404601F00DFE431CF5
:10B2F00007D0AA68921B1746AA600834002FE5D130
:10B3000000200023C5E90133BDE8F88370B50029AA
:10B310003FD006460C4610B1436B002B3CD0636E09
:10B32000B4F90C20DD0732D4900538D521463046DB
:10B3300000F04CF8E36A054633B1E16930469847BE
:10B340000028B8BF4FF0FF35A3891A0639D4216B06
:10B3500041B104F14003994202D03046FDF750FE5E
:10B3600000232363616C21B13046FDF749FE0023C1
:10B370006364FDF735FC636E0022DB07A2811CD5F8
:10B38000A06DFDF7CBFDFDF731FC284670BD002A0E
:10B39000CCD10025284670BDFDF704FCBFE7A06DA9
:10B3A000FDF7BEFDB4F90C30002BBFD1636ED90799
:10B3B000EFD4A06DFDF7B6FDEBE7A06DFDF7B2FD94
:10B3C000DEE721693046FDF71BFEC0E7B1F90C202E
:10B3D0002DE9F04116070C4680464ED4496842F4E8
:10B3E00000630029A38163DDA56A002D42D00021FE
:10B3F00012F48052D8F80060C8F80010E16964D1F6
:10B4000001234046A847451C02466ED0B4F90C30D3
:10B41000A56AE169580705D56368D21A236B0BB199
:10B42000E36BD21A00234046A847431C4FD1D8F8FB
:10B430000010B4F90C301D2940D8314ACA40D70752
:10B440003CD52269226023F40062A281DD044FF022
:10B450000002626001D5002945D0216BC8F8006068
:10B4600041B104F14003994202D04046FDF7C8FDC6
:10B47000002323630020BDE8F0810E69002EF9D07F
:10B480000D680E6092070CBF4B690023AD1B8B60EB
:10B490000BE02B463246E169676A4046B847B0F197
:10B4A000000CA5EB0C05664406DD002DF1DCE1E7A0
:10B4B000E16B002998DCDDE7B4F90C3043F0400380
:10B4C000A3814FF0FF30BDE8F081226DA2E7B4F90F
:10B4D0000C302269226023F40062A281DB044FF069
:10B4E00000026260B9D52065B7E7D8F80030002BBC
:10B4F0008CD01D2B01D0162BDED1C8F80060B9E727
:10B500000100402038B50C46054608B1436B03B333
:10B51000B4F90C0088B1636EDB0701D481050FD547
:10B5200028462146FFF752FF636EDA07054602D42C
:10B53000A3899B0508D5284638BD0546284638BD51
:10B54000A06DFDF7EDFCEBE7A06DFDF7EBFC2846E9
:10B5500038BDFDF727FBDBE740EA01039B0710B589
:10B5600001D1032A17D8844601F1FF3E07E01EF8F7
:10B57000011F03F8011B541E29B19C462246634655
:10B58000002AF4D110BD9444002CFBD003F8011B19
:10B590006345FBD110BD8E468446DEF80040A4F121
:10B5A000013323EA040313F0803F71460EF1040EC9
:10B5B000DAD1043A032A4CF8044BEED87146D3E7AB
:10B5C000014B93F82801704760060020004870473F
:10B5D0005007002038B5074D0022044608462A606F
:10B5E000F6F7C6F9431C00D038BD2B68002BFBD002
:10B5F000236038BD5457002038B5074D074C2C1B2D
:10B60000A41005D0013C55F8043D9847002CF9D111
:10B61000BDE8384004F0EEBF941301089013010810
:10B62000082802D14FF48050704708B5FDF746FC5A
:10B63000162303604FF0FF3008BD00BF70B555EC16
:10B64000104B0646134825F0004300218342316029
:10B650001DD8204618431AD00F4828402A4658B90A
:10B660000E4B002220462946F5F736F90A4621F00E
:10B67000004304466FF035011B156FF31E52A3F211
:10B68000FE3342F07F550B4445F40015336045EC22
:10B69000104B70BDFFFFEF7F0000F07F00005043B4
:10B6A0002DE9F8431B4D0646286898460F469146FB
:10B6B000FDF736FC184B1C681CB3286865681F2D05
:10B6C00022DC4EB96B1C0235636044F82570FDF72F
:10B6D00029FC0020BDE8F88304EB85010123C1F8B3
:10B6E0008890D4F88821AB401A43022EC4F88821F0
:10B6F000C1F80881E6D1D4F88C211A43C4F88C2112
:10B70000E0E7064C1C60D8E7FDF70CFC4FF0FF307B
:10B71000E0E700BF48020020645700209C5700204B
:10B720002DE9F04F03690C69A34283B0C0F28A800F
:10B73000013C01F1140500F1140855F8243058F8C3
:10B74000242001339A428E4681464FEA840105EB5C
:10B75000840708EB840AB2FBF3F63AD3CDE900156F
:10B760000022AC46404613465CF8041B05681FFAED
:10B7700081FB06FB0B22090C4FEA124B06FB01BBB7
:10B7800092B2A9B2891A19441FFA8BF3C3EB214371
:10B7900003EB154389B241EA0341674540F8041BB6
:10B7A0004FEA1B424FEA2343DED2DDE9001558F889
:10B7B000013073B9AAF1040AD04504D307E0D0459B
:10B7C00004F1FF3403D25AF80439002BF7D0C9F83A
:10B7D00010407146484601F019FA00282EDB414618
:10B7E000002255F8040BD1F800C01FFA80FE1FFAA2
:10B7F0008CF3A3EB0E031344020CC2EB234202EBC7
:10B800001C429BB243EA0243AF4241F8043B4FEA79
:10B810002242E6D258F8242008EB84036AB9043B9C
:10B82000434504D807E0984504F1FF3403D253F8A8
:10B830000429002AF7D0C9F810400136304603B079
:10B84000BDE8F08F002003B0BDE8F08F00000000DD
:10B850002DE9F04F9DB0CDE90A320291816B269D12
:10B8600004908DED060B57EC106B49B1C26B4A602A
:10B870000123934004468B6000F066FF0023A3631E
:10B88000B7F10009B4BF012300232B60764BBCBF86
:10B8900029F00049CDF81C9033EA090300F0AA8092
:10B8A0009DED067B002251EC170B00238DED007BF4
:10B8B000F5F77AFA804668B10A9A01231360279B4C
:10B8C00013B1279A694B1360694B059305981DB016
:10B8D000BDE8F08F9DED000B04981AAA1BA901F09A
:10B8E00073FA5FEA1955824640F09A80DDE91A85BD
:10B8F000454405F23243202B40F38A83C3F14003D1
:10B9000009FA03F905F2124326FA03F349EA0300A0
:10B91000F4F798FD0123013DA1F1F8711293554B05
:10B920000022F4F751FC4AA3D3E90023F4F7D4FF33
:10B9300049A3D3E90023F4F749FC064628460F46FD
:10B94000F4F790FD46A3D3E90023F4F7C5FF0246C0
:10B950000B4630463946F4F739FC06460F46F5F7F4
:10B960006BFA002204460990002330463946F5F769
:10B9700025FA002840F02283099CA8EB050808F16D
:10B98000FF33162C089300F28A813B4B03EBC40370
:10B99000D3E90023DDE90001F5F710FA002871D0A2
:10B9A000631E099300231193089B002BC0F27D8135
:10B9B00000230C93099B002B6ADA099B0C9A0D93C8
:10B9C000D21A0C925A4200230993029B1092092B1F
:10B9D00068D8052B40F32183043B02930025029B8A
:10B9E000023B032B00F23686DFE813F06E046B0493
:10B9F000630447040A9AC9F3130942F20F7359EA20
:10BA0000060913601CD1279B002B00F043861B4BBB
:10BA100005930833279A059813601DB0BDE8F08F91
:10BA2000DDE90012C2F31303084643F07F51CDF85D
:10BA30004880A5F2FF35DDF8688041F440116EE7DB
:10BA4000279B002B40F0F4830D4B05933EE700BF8E
:10BA500061436F63A787D23FB3C8608B288AC63F14
:10BA6000FB799F501344D33F0000F07F6D0801081D
:10BA70006C0801080000F83F700F0108B8080108C1
:10BA8000C4080108B8F1000F40F3A38411900C9092
:10BA9000DDE908321344089300231093029B0D92B2
:10BAA000092B96D90023012502930E954FF0FF3BF9
:10BAB0000B93049BCDF84CB00021D963049800F09F
:10BAC0001DFE0590002800F0CE85DDE90432BBF1B3
:10BAD0000E0F9A6300F21881002D00F015810D9968
:10BAE000002940F34684B34B01F00F0203EBC2037D
:10BAF000C805D3E900894FEA211540F10884AE4B0F
:10BB0000DDE90001D3E90823F5F710F8CDE91401C8
:10BB100005F00F0503277DB1A74EE90708D540467C
:10BB20004946D6E90023F4F7D7FE01378046894617
:10BB30006D1006F10806F0D142464B46DDE91401CE
:10BB4000F4F7F4FF80468946119B43B19B4B0022DA
:10BB500040464946F5F732F9002840F00B85384653
:10BB6000F4F780FC42464B46F4F7B6FE944B0022B5
:10BB7000F4F72CFBA1F15073CDE914011593BBF13F
:10BB8000000F00F0A8800D9BCDE918B34946404650
:10BB9000F5F752F9189A874B03EBC20313ED027BBA
:10BBA00005468DED167BF4F75DFC0B4602464946D3
:10BBB0004046F4F709FB059F0E9B30357E1CECB226
:10BBC000804689463546002B00F06C84DDE916235B
:10BBD0007C490020F4F7AAFFDDE91423F4F7F4FA16
:10BBE0003C7042464B4604460D46F5F705F90028E1
:10BBF00040F0B884CDF850A0CDF858B00027AB463F
:10BC0000A246189D2AE00137AF4280F2FD846E4BB8
:10BC1000504659460022F4F75FFE6B4B00228246E5
:10BC20008B4640464946F4F757FE89468046F5F76D
:10BC300003F90446F4F716FC02460B464046494613
:10BC4000F4F7C2FA303406F8014B52465B468046A0
:10BC50008946F5F7B3F8002840F0D38442464B46B6
:10BC600056490020F4F7B0FA52465B46F5F7A6F8BD
:10BC70000028C8D0199BDDF850A0059A374603F17B
:10BC8000010802E0974200F09B843E4617F8013D10
:10BC9000392BF7D00133DBB23B7045467DE1012300
:10BCA0001193089B002BBFF683AEC8F101030C93E0
:10BCB000002308937EE63846F4F7D4FB42464B4611
:10BCC000F4F70AFE3E4B0022F4F780FAA1F150731C
:10BCD000CDE9140115933D4B002240464946F4F747
:10BCE00073FADDE9144522462B4606460F46F5F762
:10BCF00083F8002840F0738430463946224605F127
:10BD00000043F5F75BF828BB1B9B002BC0F290802B
:10BD10000D9A0E2A00F38C80264B0D9A03EBC2037A
:10BD200093ED007B0B9B002B8DED027B19DABBF1B1
:10BD3000000F16DC0ED1254B0022DDE90201F4F7DD
:10BD4000CBFD02460B46DDE90001F5F741F800287E
:10BD500000F045840023059E00931F460B9BDD43A6
:10BD60002DE2059B5D1CDDE90278DDE900013A4624
:10BD70004346F4F7DBFEF5F75FF80646F4F772FB8F
:10BD80003A464346F4F7A8FD02460B46DDE90001BA
:10BD9000F4F71AFA059A06F13003BBF1010F2F46AA
:10BDA000137000F021830125CDF800A0A846DDE93D
:10BDB000029A2BE0700F0108480F01080000F03FC5
:10BDC00000001C400000E03F000024400000144040
:10BDD0004A46534620462946F4F7A8FEF5F72CF8C4
:10BDE0000646F4F73FFB4A465346F4F775FD08F163
:10BDF00001080B46024629462046F4F7E5F906F10C
:10BE00003003D84507F8013B00F0EC82844B002258
:10BE1000F4F762FD0022002304460D46F4F7C4FF48
:10BE20000028D5D00D9DDDF800A001353E46B4E0D8
:10BE30000E9A002A40F0D8800023109E0C9D0E938D
:10BE40001F4665B1089A002A09DD0C99AA421346DB
:10BE5000A8BF2B46C91AED1AD31A0C910893109B50
:10BE600053B10E9B13B1002E40F0F7825146109A49
:10BE7000049800F0F9FD82460498012100F010FDBD
:10BE8000099B0090002B40F0BE81029B012B40F3E8
:10BE9000D4810120089A104410F01F0000F09B800C
:10BEA000C0F12003042B40F3E3810C9BC0F11C0084
:10BEB000034402440C93054408920C9B002B05DDBF
:10BEC000514604981A4600F029FE8246089B002B32
:10BED00005DD009904981A4600F020FE0090119BA1
:10BEE000002B40F07581BBF1000F40F34C810E9B9D
:10BEF000002B40F0A4800D9D0135DDF81480009CDE
:10BF0000DDF81090012607E0514600230A2248463A
:10BF100000F024FC0136824621465046FFF700FC23
:10BF2000B34500F1300008F8010BEDDCBBF1000F68
:10BF3000059BCCBF5E460126814603EB060B002421
:10BF400051460122049800F0E9FD0099824600F074
:10BF50005DFE002840F3EE81059A02E0934500F073
:10BF600003825E460BF1FF3B16F8013C392BF5D0FE
:10BF700001338BF80030DDF810800099404600F066
:10BF8000E3FB57B12CB1BC4203D02146404600F040
:10BF9000DBFB0498394600F0D7FB0498514600F0CB
:10BFA000D3FB002333700A9B1D60279B002B3FF4BB
:10BFB0008DAC05981E601DB0BDE8F08F2046F4F7EB
:10BFC00051FA32463B46F4F7EFFE00287FF4D4AC3A
:10BFD000631E0993D0E41C230C9A1A440C92089A0D
:10BFE0001A441D44089268E7029A012A40F3AD8181
:10BFF000109B0BF1FF36B342C0F26981BBF1000F19
:10C00000A3EB060680F2EF820C9BA3EB0B056CE121
:10C01000C3F1200306FA03F07AE40125DFE400BF50
:10C02000000024403946002304980A2200F096FBC1
:10C03000139B002B074640F3FF820D969B46002D75
:10C0400005DD394604982A4600F068FD0746099B3D
:10C05000002B40F0E681B846059E731E03EB0B04EF
:10C06000069B03F00103CDE90B43049C0099504665
:10C07000FFF756FB39468346504600F0C7FD00994E
:10C0800005464246204600F0E3FDC3680BF1300947
:10C090000146ABBB0990504600F0B8FD09990890E5
:10C0A000204600F051FB089A002A54D1029B1BB98C
:10C0B0000C9B002B00F0AE82002D3FDB0B9BB346A8
:10C0C0009E420BF8019B00F0C381514600230A22D7
:10C0D000204600F043FB4745824639464FF00003B7
:10C0E0004FF00A02204630D000F038FB41460746A8
:10C0F00000230A22204600F031FB5E468046B5E769
:10C10000049800F021FB002D06DB069B03F00102E2
:10C11000029B1D432A4329D151460122049800F075
:10C12000FDFC0099824600F071FD002840F3F68086
:10C13000B9F1390F00F049820BF131090D9D06F874
:10C14000019B3C460135474615E700F007FB5E467C
:10C15000074680468AE7002DC0F29382029B1D436A
:10C160000C9B1D4300F08D82002AA7DDB9F1390F29
:10C1700000F02B820D9D09F101033C4606F8013BBE
:10C1800001354746F7E6029B022B7FF7B0AEBBF1C5
:10C19000000F40F02581009904985B46052200F0CD
:10C1A000DDFA01460090504600F030FD002840F3D3
:10C1B0001781059E0D9D312306F8013B013500993D
:10C1C000049800F0C1FA0135002F7FF4E2AEE4E6F6
:10C1D0000099504600F01AFD0028BFF684AE514683
:10C1E000002304980D9C0A2200F0B8FA0E9B661EEC
:10C1F0008246002B7FF416AF139B002B40F3118275
:10C200000D9D9B4679E601461A46049800F02CFCE9
:10C21000029B0090012B6EDD00230993009A1369A5
:10C2200002EB8303186900F0E9FAC0F1200031E65F
:10C23000984B05930333FFF7EDBB069B002B7FF470
:10C2400028AEDDE90612C2F31303002B7FF421AE02
:10C25000914B134033B10C9B01330C93089B01337A
:10C2600008930123099A0993002A3FF412AED5E7F7
:10C270003FF423AEC0F13C03AEE601230E930B9BCB
:10C280000D9A134403F1010B5E46012E1393B8BFC0
:10C290000126172E40F3F981012204235B0003F1EC
:10C2A0001400B042114602F10102F7D9049BD96390
:10C2B00004E401230E930B9E002E36DD1396B34645
:10C2C000E7E700230E93DAE700230E93F3E7109BD2
:10C2D000099A1096F31A1A44089B09925B44089332
:10C2E0000C9B1D465B440C9300260498012100F032
:10C2F000D7FA0746A5E5069B002B8DD1DDE906019F
:10C30000C1F313030A46002BA2D0099086E79DEDE6
:10C31000007B02278DED147BFFF7FDBB7FF40EAF92
:10C3200019F0010F7FF404AF08E701230B939B463C
:10C33000FFF7BFBB03D119F0010F7FF40DAE5E46CE
:10C340001BF8013D302BFAD015E6129A002A00F0B6
:10C350009C8003F23343089A109E1A4408920C9A68
:10C3600015461A440C92C0E7059A31230135137023
:10C3700001E600F0FA800D9A484B554205F00F0295
:10C3800003EBC203D3E90023DDE90001F4F7A4FACB
:10C390002D11CDE9140100F05881414E00230227F0
:10C3A00080468946EA0709D5D6E900234046494632
:10C3B000F4F792FA01378046894601236D1006F1A1
:10C3C0000806EFD1002B7FF4BFABDDE91489FFF73E
:10C3D000BBBBC8F1010308900C931190FFF758BB49
:10C3E000059EBBE4DDF800A002460B46F3F7EEFE27
:10C3F0000D9DCDE90001013502460B46DDE9020144
:10C40000A846F4F7DBFC40B9DDE90023DDE90201D1
:10C41000F4F7CAFC18B1F30701D5059A35E43E4696
:10C42000BBE57968049800F069F90546002800F03A
:10C4300021813B6902339A0007F10C010C30F4F7BB
:10C44000E5F804982946012200F068FB804603E6DF
:10C450000D9D3C460135474672E5049C39463246FF
:10C46000204600F001FB524601460746204600F0F8
:10C4700045FA51468046204600F066F9109B9B1B0A
:10C48000C24610933FF4F8ACF0E41A9BC3F13603B4
:10C4900061E700BFC40801080000F07F700F0108C9
:10C4A000480F0108DDE91623DDE91401F4F714FA59
:10C4B000059B1C70189B012BCDE90E0100F0C38079
:10C4C000189F059B12961F447A4B0022404649460E
:10C4D000F4F702FA0D460446F4F7AEFC8146F3F792
:10C4E000C1FF09F1300902460B4620462946F3F701
:10C4F0006BFE06F8019BBE4280468946E4D1129D40
:10C500006D4B0022DDE90E01F3F760FE02460B469B
:10C5100040464946F4F770FC00286CD1DDE90E2353
:10C5200065490020F3F750FE02460B464046494657
:10C53000F4F744FC80B91B9B002BFFF67DAC0D9BF0
:10C540000E2B3FF779AC5D4B0D9A03EBC20393EDD5
:10C55000007B8DED027B06E43E46013F16F8013C70
:10C56000302BF9D0199D013517E5DDE90089022747
:10C57000FFF7EABABBF1000F3FF49DAB139C002C10
:10C580007FF7C2AB0D9B013B002240464946199301
:10C59000484BF4F7A1F980468946781CF3F762FF0F
:10C5A00042464B46F4F798F9454B0022F3F70EFE4E
:10C5B000A1F15073CDE9140118941593FFF7E6BA71
:10C5C00008F101083123FFF767BB0D9D059AB346BB
:10C5D00039233C460BF8013B01354746C1E40023B3
:10C5E00000931F46E5E5089B5B4408930C9B1D46A2
:10C5F0005B440C9379E6199B059A03F10108FFF758
:10C6000044BBDDF850A0ADE7DDF850A0DDF858B030
:10C61000FFF77ABBB9F1390FD7D0002D3FF78CADBA
:10C620008CE5029B022B03DC0D9DDDF84CB064E42D
:10C63000DDF84CB00D96AAE5029B022BF8DCDDF884
:10C640004CB00D96FBE437465AE7DDE91489022722
:10C65000FFF77ABA049B0025DD632946184600F0EF
:10C660004DF80590D0B9174B1748002240F2AF1192
:10C6700000F02AFD134B14482A4640F2EF2100F047
:10C6800023FD002A3FF748AD58E5049B0021D963FC
:10C69000FFF714BA0D4B0593FFF718B9DDE9043223
:10C6A0009A634FF0FF3301220B9513930E929B4632
:10C6B000FFF72ABB000024400000E03F700F010894
:10C6C00000001C40C8080108DC080108B80801087F
:10C6D00082B049B15AB16BB113780B601278101E59
:10C6E00018BF012002B0704701A9002AF3D11046FB
:10C6F00002B070476FF00100F4E700BF436C70B503
:10C7000005460C464BB153F8240080B1026843F84B
:10C7100024200023C0E9033370BD2122042100F04E
:10C72000F3FC034668640028EDD1002070BD0121B0
:10C7300001FA04F6721D9200284600F0E5FC00287C
:10C74000F3D0C0E90146E4E731B1436C4A6853F8DD
:10C750002200086043F82210704700BF2DE9F04125
:10C760000D6907460E461C4601F1140E0020DEF846
:10C7700000108BB202FB03434FEA134C090C02FB7F
:10C7800001CC01309BB203EB0C4385424EF8043BD5
:10C790004FEA1C44EBDC3CB1B368AB4207DD06EB6F
:10C7A000850301355C6135613046BDE8F081716813
:10C7B00038460131FFF7A2FF8046A8B13269023244
:10C7C00006F10C0192000C30F3F720FF7B6C7268CD
:10C7D00053F82210316043F82260464606EB850389
:10C7E00001355C613561DFE7024B03484246BA21FF
:10C7F00000F06AFCC808010838090108B0F5803F5C
:10C80000034636BF030400201020B3F1807F3CBFF5
:10C810001B020830B3F1805F3CBF1B010430B3F151
:10C82000804F03D3002B06DB013070479B0003D4FD
:10C830005B0003D4202070470230704703307047FC
:10C84000036813F00702014607D0DA071FD49807E0
:10C8500021D55B080B600120704798B2A0B110464B
:10C86000DAB20AB908301B0A1A0704BF1B090430E0
:10C870009A0704BF9B080230DA0703D45B0800F173
:10C88000010006D00B6070471B0C1020E8E7002069
:10C890007047202070479B080B600220704700BF44
:10C8A00038B5436C04460D464BB15868B0B10268C8
:10C8B0005A6000220123C0E90323456138BD2122CB
:10C8C000042100F021FC034660640028EDD1094BEF
:10C8D0000948002240F2451100F0F6FB1C2201211C
:10C8E000204600F011FC0028F1D001220223C0E90B
:10C8F0000123DEE7C8080108380901082DE9F04FD7
:10C90000D1F810801569A84585B00E46924605DB22
:10C910002A46534645468A4690461E46DAF808306F
:10C92000DAF8041005EB0804A342B8BF0131FFF7A1
:10C93000E5FE8446002800F08B8000F1140707EB29
:10C94000840E774505D23B46002243F8042B9E45D2
:10C95000FBD8143606EB88080AF11409464509EBA2
:10C96000850566D2A5EB0A03153B23F003030AF104
:10C97000150A043355452CBF9B464FF0040BCDF8E8
:10C9800008E00394AE46E24605E0090C2AD1B04522
:10C9900007F104074AD956F8041B8DB2002DF4D0D4
:10C9A000CC463C46002301965CF8040B216886B215
:10C9B0008AB2000C05FB0622090C1A4405FB001183
:10C9C00001EB124192B242EA0142E64544F8042BDF
:10C9D0004FEA1143E8D8019E47F80B3056F8041C83
:10C9E000090CD4D03B68002248461D463C4694467C
:10C9F000028801FB02C202EB15429BB243EA0243EA
:10CA000044F8043B50F8043B25684FEA134CABB2A2
:10CA100001FB0C3303EB124370454FEA134CE7D391
:10CA2000B04547F80B3007F10407B4D8DDE902E45C
:10CA3000D446002C02DC05E0013C03D05EF8043D46
:10CA4000002BF9D06046CCF8104005B0BDE8F08F5F
:10CA5000034B044862464FF4B17100F035FB00BF50
:10CA6000C80801083809010812F003032DE9F04154
:10CA7000144607462CD10D46A4101CD03E6C86B33C
:10CA8000E3074FF0000806D4641014D03068A8B152
:10CA90000646E307F8D5324629463846FFF72EFF0B
:10CAA00035B17B6C696853F821202A6043F8215026
:10CAB00064100546EAD12846BDE8F0813246314689
:10CAC0003846FFF71BFF3060C0F800800646E0E7FD
:10CAD000013B0F4A52F823200023FFF73FFE054693
:10CAE000CAE701213846FFF709FE064640B1012397
:10CAF00040F27122C0E90432002338640360BFE7CA
:10CB0000044B0548324640F2451100F0DDFA00BF03
:10CB10003C0F0108C8080108380901082DE9F04751
:10CB20000C4690462769A368496807EB62177D1C8D
:10CB30009D4206464FEA621904DD5B009D4201F109
:10CB40000101FADC3046FFF7D9FD8446002851D0B8
:10CB5000B9F1000F00F114000EDD09F105024FEAF2
:10CB6000820E03460CEB8202002143F8041B934221
:10CB7000FBD1AEF114031844216904F1140318F039
:10CB80001F0803EB81012DD0C8F1200986464FF024
:10CB9000000A1A6802FA08F242EA0A024EF8042B66
:10CBA00053F8042B994222FA09FAF2D80B1B153BD1
:10CBB00023F00303043304F11502914238BF042328
:10CBC00040F803A0BAF1000F00D13D46736C6268D3
:10CBD000CCF8105053F822102160604643F82240F0
:10CBE000BDE8F087043853F8042B40F8042F99422D
:10CBF000F9D8EAE7034B044862464FF4EF7100F0BE
:10CC000063FA00BFC8080108380901080B698446A7
:10CC10000069C01A16D10CF1140C14310CEB83020C
:10CC200010B401EB830301E0944508D252F8044D9F
:10CC300053F8041D8C42F7D005D24FF0FF305DF859
:10CC4000044B7047704701205DF8044B704700BFEC
:10CC50002DE9F04F15460A692B69D21A002A83B0D4
:10CC6000884640F0878001F1140605F1140101EBBC
:10CC7000830106EB830301E09E427ED253F8044D0C
:10CC800051F8042D9442F7D075D32B460024454625
:10CC900098466968FFF732FD8146002800F08980D8
:10CCA0002E69C460D8F8100005F1140B08F1140EB9
:10CCB00009F1140A05F110020EEB80000BEB86015E
:10CCC00057464FF0000CCDF804B05EF8044B52F814
:10CCD000045F1FFA84FBABB2A3EB0B03240C634489
:10CCE000C4EB154404EB23449BB243EA0443704570
:10CCF00047F8043B4FEA244CE7D8A0EB080208F1C0
:10CD000015084045A2F1150234BF00200120920809
:10CD10000028DDF804B002F101044FEA840408BFE2
:10CD200004240BEB0405A942544433D92746284672
:10CD300050F8043B1CFA83FE1A0C634402EB2E42AB
:10CD40009BB243EA0243814247F8043B4FEA224C3C
:10CD5000EED80139491B21F003010C4423B954F8E2
:10CD6000043D013E002BFAD04846C9F8106003B0DC
:10CD7000BDE8F08F89DA01248BE70021FFF7BEFCC4
:10CD8000814678B101220023C0E90423484603B05C
:10CD9000BDE8F08F00284FEA820208BF00220AEBAC
:10CDA0000204DBE7064B07484A4640F2372100F011
:10CDB0008BF9034B03484A4640F2452100F084F9C1
:10CDC000C8080108380901082DE9F0430E4683B070
:10CDD000012159EC108B1546FFF790FC0446002802
:10CDE00046D0C9F30A57C9F313030FB143F48013B4
:10CDF0000193B8F1000313D101A8FFF721FD019BB6
:10CE000063610122203022610FB3A7F23347074448
:10CE1000C0F1350037602860204603B0BDE8F083DC
:10CE200068460093FFF70CFD019BF8B10099C0F133
:10CE3000200203FA02F2C3400A430193002B62610D
:10CE40000CBF01220222A3612261002FDDD104EB7D
:10CE50008203A0F2324030601869FFF7CFFCC0EBCC
:10CE600042102860204603B0BDE8F083009AE5E751
:10CE7000034B0448224640F20F3100F025F900BF71
:10CE8000C80801083809010849B1FF2A02D80A7008
:10CE9000012070478A2303604FF0FF307047084637
:10CEA000704700BF70B5054684B05BB11C460F4BA0
:10CEB000D3F8E060234669B12846B047431C0FD041
:10CEC00004B070BD094B00F58274D3F8E0602346CE
:10CED0000029F1D10A46284601A9B047431CEFD1E9
:10CEE00000228A2322602B6004B070BD60060020FF
:10CEF00010B582B0049CCDE900344FF0FF3300F050
:10CF000059FB02B010BD00BF2DE9F0478F681D46E8
:10CF1000AF420B680C46164636D8B1F90CC01CF46B
:10CF2000906F0ED13D46184631462A4600F04CF827
:10CF3000A368DF1B2368A7602B4400202360BDE8A3
:10CF4000F0874A69096902EB42025F1A02EBD2726A
:10CF50006B1C52103B44934292BF914699461A462D
:10CF60001CF4806F804611D01146FCF745F98246CB
:10CF700000B321693A46F3F749FBA38923F4906390
:10CF800043F08003A38105E02F46CCE700F0F2F8E0
:10CF9000824658B10AEB0703A9EB0707A760C4F85C
:10CFA00010A0C4F8149023602F46BCE721694046C6
:10CFB000FCF726F8A3890C2243F04003C8F80020B0
:10CFC0004FF0FF30A381BAE788420ED98B18834215
:10CFD0000BD900EB020C002A6ED0624613F801CD8B
:10CFE00002F801CD9942F9D170470F2A0FD80346B4
:10CFF00002F1FF3C002A5FD00CF1010C013B8C4494
:10D0000011F8012B03F8012F6145F9D1704740EA6F
:10D0100001039B0751D1A2F1100370B501F1200C5F
:10D0200023F00F0501F1100E00F11004AC441B09B0
:10D030005EF8105C44F8105C5EF80C5C44F80C5C24
:10D040005EF8085C44F8085C5EF8045C44F8045C34
:10D050000EF1100EE64504F11004E9D1013312F08F
:10D060000C0F01EB031102F00F0400EB031328D0A7
:10D07000043C24F003064FEA940C1E441C1F8E4609
:10D080005EF8045B44F8045FB442F9D10CF101048A
:10D0900002F0030203EB840301EB840102F1FF3C85
:10D0A0004AB10CF1010C013B8C4411F8012B03F83F
:10D0B000012F6145F9D170BD704702F1FF3C034675
:10D0C0009AE72246EAE700BF00B50B4C25681446F4
:10D0D000EE681A4685B003460D464CB107490095E7
:10D0E000CDE901143046064900F076FA01F0EEFB76
:10D0F00004490C46F3E700BF000100209409010831
:10D10000A4090108A009010838B5A1FB021454BB09
:10D11000FCF772F8054650B350F8042C22F00302D5
:10D12000043A242A10D8132A13D91B2AC0E9004430
:10D1300016D9242AC0E902440ABFC0E9044400F118
:10D14000100200F1180205E02146FBF7DBFD28463E
:10D1500038BD02460023C2E900339360284638BD3B
:10D1600000F10802F6E7FBF7A9FE0C230360002597
:10D17000284638BD2DE9F84F1646002900F0968064
:10D180000C46804606F10B05FCF7E8FA54F8041C3F
:10D19000162DA4F1080921F0030758D81025AE4236
:10D1A00058D8AF4260DABE4B9A6809EB070C62456B
:10D1B000DCF8040000F0908020F0010363445B6819
:10D1C000DB0768D420F003003B189D4247DDCB0706
:10D1D00012D454F8083CA9EB030BDBF8043023F01D
:10D1E0000302104400EB070A554540F3F68007EBB5
:10D1F000020A554540F3CC8031464046FBF7FCFF20
:10D200000646002800F0208154F8043C23F0010376
:10D210004B44A0F10802934200F0B4803A1F242A44
:10D2200000F2D780132A00F2A2800346224611683A
:10D2300019605168596092689A6021464046FBF730
:10D24000DFFE4046FCF790FA3046BDE8F88F35F037
:10D250000705A4D50C23C8F80030002618E01F46A7
:10D26000DCE90223D3609A60D9F804307A1B0F2AD4
:10D2700003F0010309EB07001DD83B43C9F8043054
:10D28000436843F0010343604046FCF76DFA2646CD
:10D290003046BDE8F88FC907AED454F8083CA9EB76
:10D2A000030BDBF8043023F00302A0E7BDE8F84FDE
:10D2B0001146FBF7A1BF09EB05012B4342F0010228
:10D2C000C9F804304A60436843F001034360083101
:10D2D0004046FBF795FED7E720F00300C21905F1A1
:10D2E000100C624580F29180CA0785D454F8082C4E
:10D2F000A9EB020BDBF8042022F00302104400EB40
:10D30000070AD4453FF773AF5E46DBF80C1056F8BA
:10D31000080F3A1F242AC160886000F2AE80132AE9
:10D3200040F2A9802168CBF808106168CBF80C1096
:10D330001B2A00F2A88008340BF11002216811604A
:10D3400061685160A16891600BEB0501AAEB0502D1
:10D3500042F0010299604A60DBF8043003F00103F7
:10D360002B434046CBF80430FCF7FEF990E72368E6
:10D370000360636843601B2A3CD804F1080200F193
:10D38000080354E750F8043C23F003031F446BE701
:10D390003A1F5E46DBF80C3056F8081F242ACB6093
:10D3A000996022D8132A1ED92368CBF80830636805
:10D3B000CBF80C301B2A3BD808340BF11003226841
:10D3C0001A6062685A60A2689A6034465746D94625
:10D3D0004AE72146FFF7F8FD2FE7DCE902133A1F81
:10D3E000CB609960D5E73346E9E721463046FFF741
:10D3F000EBFDEAE7A3688360E368C360242A27D0D3
:10D4000004F1100200F1100311E709EB0501996026
:10D41000531B43F001034B6054F8043C03F0010339
:10D420002B43404644F8043CFCF79EF926462FE780
:10D43000A368CBF81030E368CBF81430242A10D05E
:10D4400010340BF11803BAE74046FCF78DF904E7F6
:10D45000236903616169416104F1180200F1180355
:10D46000E5E62369CBF818306369CBF81C30183433
:10D470000BF12003A3E7324660E721463046FFF771
:10D48000A3FD074B60E7A168CBF81010E168CBF86B
:10D490001410242A06D010340BF118024EE700BFF6
:10D4A000580200202269CBF818206269CBF81C20B2
:10D4B00018340BF1200241E72DE9F04F8BB0DDE984
:10D4C000157A86461E46002F5AD0156800295CD072
:10D4D000149B002B69D0741E4EB3043DCDE9015E50
:10D4E000DDF850B004910026039105920BE0039BF8
:10D4F0000BBB019B1868002836D0DC4557D2013C95
:10D50000631C664613D0019B029853F8042F0193C5
:10D51000DAF8E0503B4607A9D7E90098A847421C33
:10D5200037D000EB060CDC45E1D9C7E9009830465E
:10D530000BB0BDE8F08F00280EDD049B019D184460
:10D540005A1E07A900F1FF3E11F8013B02F8013F06
:10D550007245F9D101950490059B1A6804321A604E
:10D56000019B18680028C8D10399059A01B1106081
:10D570000CF1FF36002230463A600BB0BDE8F08F68
:10D58000156800F586770029A2D14FF0FF33149378
:10D59000A1E7DDF808E006468A2100223046CEF8F1
:10D5A00000103A600BB0BDE8F08F149EBFE76646EE
:10D5B000BDE700BF10B584B0054C069800900798F1
:10D5C0000190044800680294FFF776FF04B010BD94
:10D5D00060060020000100200EB410B583B005AB3A
:10D5E000064C53F8042B01930146206800F008F81C
:10D5F00003B0BDE8104003B0704700BF0001002039
:10D600002DE9F04FC7B016AFCDE9062183460822B9
:10D61000002138461C460C93FBF774FBBBF1000F4E
:10D6200004D0DBF83430002B00F02786079B5A6EBD
:10D63000B3F90C30D00702D4990540F10A859E0455
:10D6400006D4079943F4005322F400528B814A66B2
:10D65000950400F1C386079AB2F90C30190740F11E
:10D66000CB801269002A00F0C78003F01A020A2A50
:10D6700000F0D18000239E46CDE90FEECDE91B33AB
:10D68000DFF8F8A8CDF838E01DAB1A939946CDF82D
:10D6900020E0CDF834E0069DDAF8E440FDF790FF95
:10D6A000009703462A4614A95846A047002800F0D0
:10D6B000D180C0F2C780149A252A034601D01D44A8
:10D6C000EAE7069BEE1A044640F0C88000234FF0BC
:10D6D000FF316A788DF84B3009936C1C05910393E8
:10D6E0000134A2F120035A2B00F2F980DFE813F095
:10D6F0006002F700F7005A02F700F700F7006A002F
:10D70000F700F700E801F901F700F3010402F70060
:10D71000FE015B005B005B005B005B005B005B008D
:10D720005B005B00F700F700F700F700F700F70079
:10D73000F700F700F7009D016A02F700F700F70015
:10D74000F700F700F700F700F700F700F7002002F6
:10D75000F700F700F7007601F7008D02F700F700F9
:10D76000E704F700F700F700F700F700F700F7000D
:10D77000F700F700F7009D01C201F700F700F7007E
:10D780008402C2017E00F7000A03F700FB02E404F2
:10D79000DA027E00F70076017C00E104F700F70072
:10D7A0000A05F7007C00A2F13003002114F8012BD8
:10D7B00001EB810103EB4101A2F13003092BF5D903
:10D7C00009918EE75846FDF701FF43680F9318460D
:10D7D000F3F716F8109005465846FDF7F7FE8368F4
:10D7E0000E93002D40F05684227879E7039B22782F
:10D7F00043F02003039373E7079D5846294601F041
:10D8000003F8002840F01E86B5F90C3003F01A0228
:10D810000A2A7FF42FAF0799B1F90E20002AFFF6EC
:10D8200029AF4A6ED60702D49D0540F1CB85DDE9CC
:10D8300006212346584600F017FE0890089847B086
:10D84000BDE8F08F082200213846FBF75BFA012380
:10D850001D4421E7069BEE1A044612D0069BC9E937
:10D8600000361C9B33441C931B9B0133072B1B93DB
:10D8700011DC09F10809089B33440893002C7FF45C
:10D8800025AF1C9B002B40F0B885079B0022B3F905
:10D890000C301B9218E007991AAA584600F024FE93
:10D8A00078B90DF17409E6E707991AAA584600F00D
:10D8B0001BFE00287ED00B9B1BB10B995846FBF733
:10D8C0009FFB079BB3F90C30079A526ED1077CD5AA
:10D8D0005B0600F18D85089847B0BDE8F08F06948F
:10D8E000002ACED000238DF84B3001238DF8B420D0
:10D8F00004930A932DAC00230B930593039810F027
:10D900008408DDE91B2105D10998049D451B002DE4
:10D9100000F3D6829DF84B0078B10132012001312D
:10D92000C9F80400072A0DF14B00CDE91B21C9F805
:10D93000000000F3FA8209F108097BB1013213A853
:10D940000231C9F80000072A4FF00200CDE91B217F
:10D95000C9F8040000F3F88209F10809B8F1800F52
:10D9600000F00C82059B0A981D1A002D00F34A82D4
:10D970000A9BC9F8004001321944072ACDE91B214E
:10D98000C9F8043000F3798209F10809039B5807AC
:10D9900005D5099B049A9C1A002C00F3E282DDE96C
:10D9A000083204988242ACBF9B181B1808930029C8
:10D9B0007FF47AAF00231B930B9B1BB10B99584646
:10D9C000FBF71EFB0DF1740965E69A0580D4079CF0
:10D9D000A06DFBF7A7FAB4F90C3079E70C9E06941A
:10D9E00056F8044B00238DF84B30002C00F05D847A
:10D9F000532A00F0A283039B13F0100540F09D838F
:10DA0000059B002BC0F2CD841A4629462046F2F72A
:10DA100097FE0B90002800F00685031BCDE90A3520
:10DA200023EAE373049300F09DBC0C9B0694432A05
:10DA300003F1040503D0039BD80640F16783082255
:10DA4000002118A8FBF75EF90C9B2DAC1A68214643
:10DA500018AB5846FFF726FA034601330A9000F048
:10DA6000D6840A9B23EAE373049300230C958DF874
:10DA70004B3040E7039B0694990640F1AC800C9B29
:10DA8000073323F0070319465A6851F8083B0C91F5
:10DA90001146002AC0F23F81059A002AC0F248814F
:10DAA000039A22F08002039253EA010240F040817F
:10DAB000059B002B40F08B8404930A9346AC49E10C
:10DAC0000C9B53F8042B0992002A80F2BA82099A1F
:10DAD0000C9352420992039B227843F00403039370
:10DAE000FEE52B2322788DF84B30F9E5039B227855
:10DAF00043F080030393F3E5204610F8012B2A2A14
:10DB000000F09584A2F13003092B98BF002100F2A8
:10DB1000608410F8012B01EB810103EB4101A2F1BC
:10DB20003003092BF5D941EAE17305930446D8E5A2
:10DB3000039B069443F0100212F0200100F0518282
:10DB40000C9B073323F007031846596850F8083B2D
:10DB50000C9022F480640394059C002084428DF88C
:10DB60004B007CDB53EA010422F4906240F0818395
:10DB7000039C0392059B002B69D1002840F05C8236
:10DB800014F001020A9200F0608230238DF8173100
:10DB90009DF84B3004920DF21714002B40F0DF80FB
:10DBA0000B93E1E0039B227843F00103039397E595
:10DBB0009DF84B302278002B7FF492AD20238DF816
:10DBC0004B308DE5039B069443F010030393039BB6
:10DBD00099063FF554AF0C9A52F8043B0C92039A05
:10DBE000D20600F14382039A560640F13B8243F38A
:10DBF000C0310A461BB24CE72278039B682A00F02A
:10DC0000958243F0400303936AE5039B069443F037
:10DC1000100414F0200100F0F3810C9B073323F073
:10DC200007031A46596852F8083B0C9200228DF8F7
:10DC30004B20059A002AC0F21E8324F08002039232
:10DC400053EA010274D1059B0120002B95D00128D5
:10DC500000F0BD8300230228194600F01A8146AC6B
:10DC600003F00702DB0843EA4173C908303253EA84
:10DC70000105204604F8012DF2D1039BDD0740F198
:10DC80001681302A00F013813023059A04F8013CF4
:10DC9000023846AB1B1A9A42B8BF1A460A9304468A
:10DCA000049257E0039B0C9A069443F002030393FB
:10DCB00052F8043B0C9247F63002ADF84C20AD4AC6
:10DCC0000D92002100228DF84B20059A002AC0F207
:10DCD000E080039C53EA010024F08002039240F0AC
:10DCE000D880022046E7039B06949C0640F1C18140
:10DCF0000C9B089A1B681A60D2175A600C9B04335D
:10DD00000C93C8E42278039B6C2A00F0088243F04D
:10DD100010030393E4E42D228DF84B20059A5B4217
:10DD200061EB4101002A03DB039A22F08002039297
:10DD30000A2B71F1000280F039823033DBB28DF8AA
:10DD40001731059B012BB8BF0123049301230A93CC
:10DD50000DF217149DF84B30002B3FF421AF002338
:10DD60000B93049B01330493039B13F002033FF4D2
:10DD7000C5AD049B023304930223BFE5099B0498BD
:10DD80001D1A002D7FF7EEAD102DDFF8EC8126DD9A
:10DD900040464B46A046DDF81C901026044604E0A1
:10DDA000103D102D03F1080315DD01321031072A53
:10DDB000C3E90046CDE91B21F2DD1AAA49465846BF
:10DDC00000F092FB00287FF476AD103D102DDDE9C8
:10DDD0001B211DABE9DC9946234644469846013297
:10DDE0002944072ACDE91B21C9F80080C9F804504D
:10DDF00000F34882059B0A981D1A002D09F10809B5
:10DE00007FF7B6AD102DDFF8708128DD4B46102668
:10DE1000A9462546079C06E0A9F11009B9F1100FA3
:10DE200003F1080318DD013253481031072AC3E912
:10DE30000006CDE91B21EFDD1AAA2146584600F065
:10DE400053FB00287FF437ADA9F11009B9F1100F89
:10DE5000DDE91B211DABE6DC2C464D46994601321F
:10DE60002944072ACDE91B21C9F80080C9F80450CC
:10DE700000F3D58009F108097AE507991AAA5846EE
:10DE800000F032FB00287FF416AD1C990DF17409E7
:10DE90007CE50D9846AC03F00F021B09825C04F888
:10DEA000012D43EA0173090953EA0102F3D1059AEE
:10DEB00046AB1B1B9A42B8BF1A460A93049249E725
:10DEC000102D2F4E23DD48461193A146079C04E0F8
:10DED000103D102D00F1080016DD01321031102325
:10DEE000072ACDE91B2106604360F1DD1AAA21460D
:10DEF000584600F0F9FA00287FF4DDAC103D102DF3
:10DF0000DDE91B211DA8E8DC119B4C46814601324E
:10DF10002944072ACDE91B21C9F80060C9F804503B
:10DF200000F3978109F10809F4E4079911931AAAFB
:10DF3000584600F0D9FA00287FF4BDACDDE91B217A
:10DF4000119B0DF17409F8E407991AAA584600F0DC
:10DF5000CBFA00287FF4AFACDDE91B210DF1740989
:10DF6000FCE4102C1B9B064E28DDDDF81C801025E0
:10DF70000DE000BF3C0801083C11010860060020CC
:10DF80004C110108103C102C09F1080916DD013371
:10DF90001031072BC9E90065CDE91B31F2DD1AAA62
:10DFA0004146584600F0A0FA00287FF484AC103CAB
:10DFB000102CDDE91B310DF17409E8DC013321443B
:10DFC000072BC9E90064CDE91B317FF7E8AC07995D
:10DFD0001AAA584600F088FA00287FF46CAC1C9905
:10DFE000DDE40C9850F8043B0C9012F010007FF424
:10DFF000B0AD12F0400400F062819BB20146A8E58A
:10E000000C9A52F8043B0C9214F010027FF40EAEFE
:10E0100014F0400000F059819BB2114606E60799C2
:10E020001AAA584600F060FA00287FF444ACDDE9F3
:10E030001B210DF174099BE4059B04930A9346ACE4
:10E0400088E622780C93FFF74BBB059B049346AC04
:10E0500080E6079DA86DFAF763FFB5F90C306A6E8C
:10E06000FFF7EDBA039A950500F18781D9170A46A3
:10E070000FE5039BD80600F11381039B590600F1BD
:10E080008B81039B9A0540F10B810C9B089A1B68BE
:10E090001A7033E60E9B2278002B3FF421AB1B78DD
:10E0A000002B3FF41DAB039B43F480630393FFF706
:10E0B00017BB0694039CACE5039A06943CE5B24B6F
:10E0C00006940D93039B13F020015FD00C9B073344
:10E0D00023F007031846596850F8083B0C90039C3E
:10E0E000E6070AD553EA010007D08DF84D2044F029
:10E0F0000202039230228DF84C20039A22F48062AF
:10E100000392DFE5A14B06940D93DBE70C9B1B68A4
:10E110008DF8B430012304930A932DACA5E443F0A9
:10E120002003627803930134FFF7DABA43F40073F3
:10E13000627803930134FFF7D3BA0822002118A8AC
:10E140001594FAF7DFFD059B002BC0F2DC8000255B
:10E15000CDF81090A84699460EE02DA95846FEF736
:10E16000A1FE431C404400F05281484509DC05F102
:10E17000040500F054818046159A525918AB002AC4
:10E18000EBD1DDF81090CDF82880C9E00C9850F85C
:10E19000043B0C90039810F01000A0D1039911F0EB
:10E1A000400400F099809BB2014698E7039ACDF8AD
:10E1B000109046AC02F48062A146CDF828B0744EAF
:10E1C000DDF838B04FF0000C144605E00A2B71F171
:10E1D000000136D3434629465A1842F10002A6FBF5
:10E1E000020525F0030000EB9500121A981A4FF073
:10E1F000CC3561F1000E05FB00F506FB0E55A0FBCA
:10E200000680054408F0010E0520AEFB000E8018C4
:10E210004FEA5808303009F8010C48EAC5780CF18B
:10E22000010C09F1FF396D08002CCFD09BF80020BC
:10E230006245CBD1BCF1FF0FC8D00A2B71F10001B0
:10E2400051D2CDF838B04C46DDF828B0DDF810904A
:10E250002DE6079911931AAA584600F045F90028AF
:10E260007FF429ABDDE91B21119B0DF17409FFF748
:10E2700051BB0392F3E403945AE55846FAF792FC33
:10E28000FFF7D4B907991AAA584600F02DF90028CB
:10E290007FF411ABDDE91B210DF17409FFF762BBBF
:10E2A0000C9B089A1B681A6028E5059B394C0C9654
:10E2B000062B28BF06230A930493FFF71CBB12F416
:10E2C00000711CBFDBB2214643E414F400713FF43B
:10E2D000ADACDBB20146A9E4039911F400711CBF97
:10E2E000DBB22146FBE6109B0F99A9EB03091A4606
:10E2F0004846FDF731F99BF801300BB10BF1010BEA
:10E300004FF0000C66E718AB00930023194615AADE
:10E310005846FEF7EDFD034601330A9077D0159479
:10E320000A9BE3B1632B45DC00230B932DAC082241
:10E33000002118A8FAF7E6FC0A9D18AB009315AA6D
:10E340002B4621465846FEF7D3FD854240F0858096
:10E350000A9A0023A35422EAE273049302E00A9B80
:10E3600004930B939DF84B301BB100230C9605933F
:10E37000F7E405930C96FFF7C1BA43F3C0110A46C0
:10E380005BB2FFF786BB00BF500801083C080108DC
:10E39000CDCCCCCC640801080C9B089A1B681A8071
:10E3A000ACE42046F2F72CFA20EAE073CDE90A0546
:10E3B0000493D7E7591C5846FAF71EFF044630B3BA
:10E3C0000B90B4E7886DFAF7ADFDFFF730BA302354
:10E3D000B5E4002304460593FFF783B9D40707D4B7
:10E3E000079B9B89980503D4079B986DFAF79AFDC4
:10E3F0004FF0FF330893FFF76EBA07991AAA5846F1
:10E4000000F072F800283FF440AAFFF75ABA079AC2
:10E41000B2F90C3043F040039381FFF755BADDE9C0
:10E4200004930A937CE7059B04930A939AE70C9B59
:10E43000627853F8041B0C9341EAE171044605919C
:10E44000FFF74EB9079A536EDB07D1D493899F0526
:10E45000CED4906DFAF766FDCAE7079A938943F028
:10E4600040039381FFF727BAF0B51F468B89ADF2C1
:10E470006C4D23F00203ADF80C301AAB00930493FB
:10E480004FF48063029305934B6E1993CB89ADF8DB
:10E490000E30CB6907934B6A099315460023064655
:10E4A00016A80C460693FAF737FD2A463B466946FE
:10E4B0003046FFF7A5F8051E07DB69463046FDF735
:10E4C00021F8002818BF4FF0FF35BDF80C305B066F
:10E4D00003D5A38943F04003A3811698FAF71EFDE4
:10E4E00028460DF26C4DF0BD936810B514461BB96B
:10E4F00018460023636010BD00F006F80023A360F7
:10E500000023636010BD00BF9368002B00F0F8800B
:10E510002DE9F04FB1F90CC01CF0080F83B0904604
:10E5200081460C4631D00B697BB31CF00207D8F84A
:10E53000006038D00027D4F824B0E169DFF8C4A225
:10E540003D4655452B463A4628BF53464846C5B139
:10E55000D847002840F3CA80D8F808301B1A07446F
:10E560002D1AC8F80830002B00F0B68055452B4610
:10E57000D4F824B0E16928BF53463A464846002DF6
:10E58000E6D1D6E900750836DBE72146484600F0BB
:10E590003BF9002840F0AF80B4F90CC0D8F8006017
:10E5A0001CF00207C6D11CF0010A63D12368A168E0
:10E5B000574618468B46002F58D01CF4007F00F0B9
:10E5C000B580B9420A4600F2E1801CF4906F2FD06A
:10E5D000216962695D1A02EB420202EBD2726B1C86
:10E5E00052103B44934292BF93469B461A461CF4FA
:10E5F000806F00F0EA8011464846FAF7FDFD0028DA
:10E6000000F0F9802A4621690090F1F7FFFFA28906
:10E61000009B22F4906242F08002A2815819ABEB79
:10E620000505C4F814B02361A5602060BB463A46D6
:10E6300051460092FEF7C8FCA1682368009AA1EB3E
:10E640000B011A443D46A16022600027D8F808302B
:10E650005B1BAA44C8F80830002B3DD02368A16892
:10E66000B4F90CC018468B46002FA6D1D6E900A7F6
:10E6700008369EE73846BB463D460097002D41D000
:10E68000002846D0009A2068A168D4E90473AA4201
:10E6900028BF2A46B84204D901EB030A524500F3C9
:10E6A0008580934275DCE169676A5A464846B847F7
:10E6B000B0F1000A1ADD009BB3EB0A0300930FD000
:10E6C0000120D8F80830A3EB0A03D344A5EB0A05D0
:10E6D000C8F80830002BD1D1002003B0BDE8F08F7E
:10E6E00021464846FCF70EFF0028EAD0B4F90C306A
:10E6F00043F04003A3814FF0FF3003B0BDE8F08F3B
:10E7000000207047756833460836002DFAD0D3F8DC
:10E7100000B02A460A215846F2F712F8002867D0BE
:10E720000130A0EB0B0300931A46ACE722699A4232
:10E7300014D36269BA4211D86FF00043BB4228BFBC
:10E740003B46656A93FBF2F3E16902FB03F348463B
:10E750005246A847051EC9DD7F1B77E7B94228BF8F
:10E7600039460D4618460A465146FEF72DFCA1686B
:10E770002368491B2B44A16023600029ECD121466A
:10E780004846FCF7BFFE0028E6D0AFE7BB463A4656
:10E790004EE759460192FEF717FC019AA3689B1AAF
:10E7A000A360236813442360924684E75946524687
:10E7B000FEF70AFC23685344236021464846FCF7D1
:10E7C000A1FE00283FF477AF90E74846FEF7D2FC61
:10E7D000034600287FF422AF21694846FAF710FC6F
:10E7E000B4F90C300C22C9F8002023F080037FE735
:10E7F0006A1C009247E70C22B4F90C30C9F80020DB
:10E8000076E700BF00FCFF7F38B52F4B1B6805463D
:10E810000C4613B15A6B002A4BD0B4F90C301807D0
:10E820001CD5226922B313F0010107D061690020D1
:10E830004942A060A1613AB1002038BD980758BF95
:10E840006169A160002AF7D1190658BF1046F4D5B6
:10E8500043F04003A3814FF0FF3038BDD9062CD5DB
:10E860005A0712D4226943F00803A381002ADAD19F
:10E8700003F42071B1F5007FD5D02146284600F081
:10E880002DF8B4F90C302269CDE7216B51B104F1B8
:10E890004002914204D02846FAF7B2FBB4F90C309A
:10E8A0000022226322690021C4E9002123F024030D
:10E8B000D9E71846FAF776F9AFE7092243F04003A3
:10E8C0002A60A381C7E700BF0001002008B5062029
:10E8D00000F072F80120F3F71BF800BF2DE9F041BA
:10E8E000B1F90C300C46990796B008D504F14303F2
:10E8F0000122C4E90432236016B0BDE8F081B4F906
:10E900000E100029064626DB6A4600F081F8002832
:10E910001FDB019D05F47045A5F50055B5FA85F599
:10E920004FF480686D094FF4006741463046FAF7AE
:10E9300063FCE8B1B4F90C30C4F8148043F08003F0
:10E9400020602061A3813DBB3B43A38116B0BDE89D
:10E95000F081B4F90C3013F0800519D04FF0400865
:10E960000025414630462F46FAF746FC0028E1D103
:10E97000B4F90C309A05BFD423F0030304F1430229
:10E9800043F002030121C4E90421A3812260B3E71B
:10E990004FF480682F46C8E7B4F90E10304600F0F7
:10E9A0004DF810B9B4F90C30CEE7A38923F0030376
:10E9B00043F001031BB2C7E738B5144B1F281D688D
:10E9C0001ED8D5F83821044662B152F820304BB138
:10E9D000012B05D0591C0FD0002142F82010984778
:10E9E000002038BD284600F051F82246014628464E
:10E9F000BDE8384000F034B816232B60012038BD44
:10EA000016232B604FF0FF3038BD00BF00010020FF
:10EA100070B50C46084D03460026204611461C469C
:10EA20002E60F2F79CFF431C00D070BD2B68002BBA
:10EA3000FBD0236070BD00BF5457002038B5074D90
:10EA40000022044608462A60F2F78EFF431C00D0DD
:10EA500038BD2B68002BFBD0236038BD54570020F5
:10EA600070B50C46084D03460026204611461C464C
:10EA70002E60F2F745FF431C00D070BD2B68002BC1
:10EA8000FBD0236070BD00BF54570020F2F736BFA3
:10EA900038B52DED028B55EC104B00F0F5F8224601
:10EAA0002B4620462946B0EE408AF0EE608AF2F707
:10EAB000ADF930B90022002320462946F2F77EF94D
:10EAC00030B9B0EE480AF0EE680ABDEC028B38BDF2
:10EAD000FAF7F4F9002200232121016010461946BB
:10EAE000F2F724F841EC180BB0EE480AF0EE680A91
:10EAF000BDEC028B38BD00BF51EC100B1E4A21F05B
:10EB0000004393421ED900B51C4A934285B008D9F0
:10EB100002460B46F1F758FB41EC100B05B05DF8CF
:10EB200004FB684600F0A0FB00F0030001289DED07
:10EB3000021B9DED000B14D0022807D0A0B900F0F5
:10EB40009BF9EBE79FED0A1B00F096B900F094F9F2
:10EB500053EC102B03F1004300EE903A05B05DF842
:10EB600004FB00F0C1FAF3E7012000F0BDFAD5E79D
:10EB70000000000000000000FB21E93FFFFFEF7FE5
:10EB800051EC100B204A21F0004393421FD900B5ED
:10EB90001E4A934285B008D902460B46F1F714FB92
:10EBA00041EC100B05B05DF804FB684600F05CFB1F
:10EBB00000F0030001289DED021B9DED000B17D016
:10EBC000022809D0B8B9012000F08EFAEAE79FEDDB
:10EBD0000C1B002000F088BA012000F085FA53ECED
:10EBE000102B03F1004300EE903A05B05DF804FBF2
:10EBF00000F042F9D6E700F03FF9F0E7AFF300800C
:10EC00000000000000000000FB21E93FFFFFEF7F54
:10EC100008B52DED028BB0EE408A00F03FFDB4EE5A
:10EC2000488AF1EE10FAF0EE408A0AD6B0EE480AB1
:10EC300000F01CF8F7EE007AB4EEE70AF1EE10FAF5
:10EC400004DCB0EE680ABDEC028B08BDFAF736F9B9
:10EC5000BDEC028B034621221A600248BDE8084041
:10EC600000F00CB8A009010800F014BE10EE103A34
:10EC700023F0004300EE103A704700BF9FED010AF9
:10EC8000704700BF0000C07F2DE9F84F764955EC72
:10EC9000104BA94300F0AB80002D2A46234655DDDA
:10ECA0002C1562D0C2F31302E107A4F2FF3742F43D
:10ECB000801203D4D90F01EB42025B005200002600
:10ECC00002EBD3727F105B001624B4464FF40011A0
:10ECD0000CEB010090424FEAD3754FEA430303DC8B
:10ECE00000EB010C121A0E44013C05EB42024FEA04
:10ECF0005101EDD1A04620254FF000400AE043D05D
:10ED0000510001EBD371013D0A464FEA43034FEA3C
:10ED1000500045D0944508EB000EF0DABEF1000F2C
:10ED20000EEB00080CDBE146A2EB0C019E4588BF10
:10ED300001F1FF314900CC46A3EB0E030444E0E7A8
:10ED4000B8F1000FEFDB0CF10109EDE725F0004110
:10ED5000214346D0002D71D1D90A153A5B0500290F
:10ED6000FAD0CE02144676D40A4600215200D502CB
:10ED7000084601F10101F9D5C1F1200523FA05F595
:10ED80002A438B40241A8DE79E4502D94FEA4C0155
:10ED9000B7E7BEF1000F0EEB000824DB0021CBE744
:10EDA000194312D0DFF8C4A0DFF8C4B0DAE90001DB
:10EDB000DBE90023F1F708FADAE9008902460B469D
:10EDC00040464946F2F704F8F8B96508711001F1B8
:10EDD0007F5101F5001101EB075345EAC67243EC80
:10EDE000102BBDE8F88FB8F1000FACDAD6E7224659
:10EDF0002B4620462946F1F76FFD22462B46F1F7B8
:10EE0000E5F941EC100BBDE8F88FB4F1FF3FDAE90A
:10EE10000001DBE9002322D0F1F7D8F9DAE9008913
:10EE200002460B4640464946F1F7C8FFC8B1A31C4D
:10EE300004F1020508BF01366D08C7E722462B46DC
:10EE400020462946F1F7C0F902460B46F1F76EFE5F
:10EE500041EC100BC5E74FF0FF300A4692E7013650
:10EE6000B4E70134B1E700BF0000F07F681101088A
:10EE700060110108000000002DE9F04F57EC106B05
:10EE800027F00048B8F1795F5BEC11AB85B071D227
:10EE900030463946F1F7D0FF002800F0F4803246C2
:10EEA0003B4630463946F1F717FD79A3D3E90023F5
:10EEB00004460D46F1F710FD77A3D3E90023F1F7DF
:10EEC00085F922462B46F1F707FD75A3D3E9002308
:10EED000F1F77AF922462B46F1F7FEFC72A3D3E94B
:10EEE0000023F1F773F922462B46F1F7F5FC70A3E6
:10EEF000D3E90023F1F768F922462B46F1F7ECFC41
:10EF00006DA3D3E90023F1F761F922462B46F1F70F
:10EF1000E3FCCDE900016E4B002220462946F1F7C3
:10EF2000DBFCDDE900238046894620462946F1F7CF
:10EF3000D3FC44464D468046894652465B463046A1
:10EF40003946F1F7C9FC02460B4640464946F1F7FF
:10EF50003BF902460B4620462946F1F735F90246B1
:10EF60000B4600205B49F1F72FF941EC100B05B07F
:10EF7000BDE8F08F32463B4630463946F1F7ACFCEF
:10EF800043A3D3E9002304460D46F1F7A5FC42A3B1
:10EF9000D3E90023F1F71AF922462B46F1F79CFC3E
:10EFA0003FA3D3E90023F1F70FF922462B46F1F7EF
:10EFB00093FC3DA3D3E90023F1F708F922462B4641
:10EFC000F1F78AFC3AA3D3E90023F1F7FDF82246D2
:10EFD0002B46F1F781FC38A3D3E90023F1F7F6F8CB
:10EFE0002B462246F1F778FC3B4B9845CDE90001D2
:10EFF00091D93A4B98453DD8A8F5001300223549E0
:10F00000002090469946F1F7DFF8CDE90201304B38
:10F01000002220462946F1F75FFC42464B46F1F7B5
:10F02000D3F8DDE900238046894620462946F1F7DA
:10F0300053FC44464D468046894652465B46304620
:10F040003946F1F749FC02460B4640464946F1F77E
:10F05000BBF802460B4620462946F1F7B5F80246B2
:10F060000B46DDE90201F1F7AFF841EC100B05B0FA
:10F07000BDE8F08F9FED127BDFF864908DED027B91
:10F080004FF00008C3E79FED100B05B0BDE8F08F0F
:10F09000D43888BEE9FAA8BDC4B1B4BD9EEE213E05
:10F0A000AD529C804F7E923E9015CB19A001FA3E46
:10F0B0007751C1166CC1563F4C5555555555A53F16
:10F0C000000000000000E73F000000000000F03FEB
:10F0D0000000E03F0000F03F3233D33F0000E93F43
:10F0E0000000D23F000000002DE9F04F55EC104B1E
:10F0F00025F0004385B0B3F1795F8DED001B8046AC
:10F1000006D220462946F1F797FE002800F08A80B3
:10F1100022462B4620462946F1F7DEFB06460F46DF
:10F1200032463B4620462946F1F7D6FB43A3D3E9B6
:10F13000002382468B4630463946F1F7CDFB41A38A
:10F14000D3E90023F1F740F832463B46F1F7C4FB20
:10F150003EA3D3E90023F1F739F832463B46F1F7F5
:10F16000BBFB3CA3D3E90023F1F72EF832463B4624
:10F17000F1F7B2FB39A3D3E90023F1F727F8CDE982
:10F180000201B8F1000F35D0DDE900012A4B002261
:10F19000F1F7A2FBDDE90223804689465046594635
:10F1A000F1F79AFB02460B4640464946F1F70CF848
:10F1B00032463B46F1F790FBDDE90023F1F704F816
:10F1C0001BA3D3E9002306460F4650465946F1F7E4
:10F1D00083FB02460B4630463946F0F7F7FF0246FE
:10F1E0000B4620462946F0F7EFFF41EC100B05B027
:10F1F000BDE8F08F02460B4630463946F1F76CFB0E
:10F200000BA3D3E90023F0F7DFFF52465B46F1F78B
:10F2100063FB22462B46F0F7D9FF41EC100B05B0FB
:10F22000BDE8F08F45EC104B05B0BDE8F08F00BF96
:10F23000495555555555C53F0000E03F7CD5CF5A3F
:10F240003AD9E53DEB9C2B8AE6E55A3E7DFEB15767
:10F25000E31DC73ED561C119A0012A3FA6F81011D0
:10F260001111813F000000002DE9F04F53EC102BED
:10F27000874923F000458D4291B0044640F28E80CC
:10F2800084498D421E462AD8002E1046194676A380
:10F29000D3E9002340F3A881F0F796FF7E4B9D420F
:10F2A00006460F4600F08B8071A3D3E90023F0F7E8
:10F2B0008BFF8046894642464B4630463946F0F73A
:10F2C00083FF6BA3D3E90023F0F77EFFC4E9008935
:10F2D000C4E902010127384611B0BDE8F08F6F493B
:10F2E0008D4240F286806E498D425FD84FEA255AA2
:10F2F000AAF2164AA5EB0A51104690468946F1F744
:10F300009BFDF1F7AFF802460B4640464946CDE972
:10F310000A23F0F759FF634B0022F1F7DDFA894623
:10F320008046F1F789FDF1F79DF802460B4640460D
:10F330004946CDE90C23F0F747FF5A4B0022F1F77D
:10F34000CBFACDE90E0110AF03254FF000084FF0C6
:10F35000000977E9020142464B46AB46013DF1F711
:10F3600023FD0028F5D1504B019302230093524610
:10F370005B4621460AA800F00FFC002E0746AADAD9
:10F380006168226801F10043E168C4E90023A268D2
:10F3900001F10043C4E9022347429CE70020002119
:10F3A00084ED000BC4E90201002794E710461946DA
:10F3B000F0F70AFFC4E90201C4E90001F4E72EA353
:10F3C000D3E90023F0F700FF2DA3D3E9002306467D
:10F3D0000F46F0F7F9FE8046894642464B463046D6
:10F3E0003946F0F7F1FE26A3D3E90023F0F7ECFE4F
:10F3F0006CE700F04BF959EC108B23A3D3E9002301
:10F4000040464946F1F768FA284B0022F0F7DEFE45
:10F41000F1F712FD0746F1F725F802460B46CDE954
:10F42000042311A3D3E90023F1F756FA02460B4651
:10F4300040464946F0F7C8FE0DA3D3E900238246B3
:10F440008B46DDE90401F1F747FA1F2FCDE90201F0
:10F4500030DC174B7A1E53F82230AB422AD00246DA
:10F460000B469DE0AFF3008000004054FB21F93FC4
:10F470003163621A61B4D03D0000601A61B4D03DBE
:10F480007370032E8A19A33B83C8C96D305FE43FB4
:10F49000FB21E93F7BD90240FB21F93FFB213941A8
:10F4A000FFFFEF7F00007041F01101080000E03F16
:10F4B00070110108DDE9022350465946F0F784FE39
:10F4C0002B150793C1F30A53C3EB1553102B80463A
:10F4D00089466BDD64A3D3E90023DDE90401F1F77C
:10F4E000FBF98046894642464B4650465946F0F75E
:10F4F0006BFE02460B4650465946CDE9082392461C
:10F500009B46F0F761FE42464B46F0F75DFE58A37E
:10F51000D3E9002380468946DDE90401F1F7DCF9EF
:10F5200042464B46F0F750FE02460B4650465946BF
:10F53000CDE90223F0F748FE079AC1F30A53D31A24
:10F54000312B804689464CDD4CA3D3E90023DDE90D
:10F550000401F1F7C1F98046894642464B465046C0
:10F560005946F0F731FE82468B4652465B46DDE94E
:10F570000801F0F729FE42464B46F0F725FE41A36D
:10F58000D3E9002380468946DDE90401F1F7A4F9B7
:10F5900042464B46F0F718FE02460B46CDE90223E1
:10F5A00050465946F0F710FE8046894642464B4683
:10F5B000C4E9008950465946F0F706FEDDE902230A
:10F5C000F0F702FE002EC4E90201BFF684AE09F195
:10F5D0000043C4E9008301F10043C4E902037F4210
:10F5E00079E6DDE908ABE1E7F0F7F0FD224B9D425B
:10F5F00006460F4618D01AA3D3E90023F0F7E6FD1C
:10F600008046894642464B4630463946F0F7DCFD97
:10F6100013A3D3E90023F0F7D9FDC4E90089C4E9B5
:10F6200002014FF0FF3756E60FA3D3E90023F0F7AE
:10F63000CDFD0FA3D3E9002306460F46F0F7C6FD24
:10F640008046894642464B4630463946F0F7BCFD77
:10F6500007A3D3E90023F0F7B9FDDEE7AFF300809D
:10F660003163621A61B4D03D0000601A61B4D03DCC
:10F670007370032E8A19A33BFB21F93F0000002E73
:10F680008A19A33BC14920259A837B3951EC100B81
:10F69000024621F0004343EC102B704738B510EEC2
:10F6A000105A25F00044B4F17E5F2DED048BF0EE8E
:10F6B000407A7FD077D8B4F17C5F0ED2B4F1485F46
:10F6C00080F092809FED637A30EE077AF7EE006A61
:10F6D000B4EEE67AF1EE10FA62DCB0EE670AFFF7FC
:10F6E000C5FAF7EE007A37EEC08AB6EE007A28EE59
:10F6F000078ADFED596A9FED597A9FED596A9FEDB0
:10F70000595ADFED595ADFED598AE8EE076A9FED45
:10F71000587AA8EE067A9FED576AA6EE885AA7EEA9
:10F72000086A9FED557ADFED556AE5EE085AA6EEB8
:10F73000087AE5EE886AE7EE087AE6EE888AB0EEA7
:10F74000480AB0EE679A00F023FA4D4B9C4268EEEF
:10F75000888A3AD810EE103A6FF30B0306EE903A0F
:10F76000A6EEE68A70EE267A88EE895AC8EE274A17
:10F770009FED447ADFED447AB0EE006AA4EEC67ADB
:10F7800030EE000AF0EE675A90EE057AE6EEC65AC1
:10F7900037EE657A37EEC70A002D01DCB1EE400A7C
:10F7A000BDEC048B38BDBDEC048B70EE407A87EE67
:10F7B000A70A38BDBDEC048B9FED320A9FED337A6A
:10F7C00027EE800AA7EE870A38BD88EE896A9FED8A
:10F7D000307ADFED2E7AA0EE060AF0EE006AA0EE97
:10F7E000267A37EEC70AD7E720EE007ADFED1B6AEC
:10F7F0009FED196ADFED1B5A9FED195ADFED1A4A8A
:10F80000A7EE266ABDEC048BE6EE075ADFED186A18
:10F810009FED186AE7EE056AE5EE874AA6EE876A6D
:10F820009FED165ADFED145ADFED106AA4EE875AE9
:10F83000E6EE075AE5EE076AB7EE006AA5EE876ABC
:10F8400026EE877AC7EE066AE0EE267AB0EE670A01
:10F8500038BD00BFCAF24971047F4F3A08EF113832
:10F860002EC69D3D461124BDA80A4E3EABAA2A3E97
:10F87000613330BF2D57014039D119C090B0A6BEB9
:10F880009999793F2EBD3BB3DB0F493FDB0FC93F51
:10F890002EBD3B3310B582B0CDED010A019B23F0A4
:10F8A0000042B2F1FF4FF0EE407A30D810EE100A6D
:10F8B00020F00041B1F1FF4F29D8B3F17E5F42D073
:10F8C0009C1704F0020444EAD07431B37AB3B2F165
:10F8D000FF4F40D0B1F1FF4F29D0891AB1F1F45F49
:10F8E0004FEAE15234DA002B42DA3C3240DA9FED43
:10F8F000340A012C4ED0022C43D064B19FED317AF2
:10F90000DFED317A30EE070A30EE670A03E09DED55
:10F91000017A37EE270A02B010BD022C10D09FEDFD
:10F920002B7A032C08BFB0EE470A02B010BD9FED42
:10F93000280ADFED287A0028A8BFB0EE670AEAE7B8
:10F940009FED210AE7E702B0BDE8104000F04AB899
:10F950009FED200ACDE7B1F1FF4F04F1FF3420D035
:10F96000022C26D81C4B03EB840393ED000AD2E74C
:10F970009DED017A87EE870AFFF778F900F032F8FB
:10F98000B7E79FED107ADFED107A30EE070A37EE19
:10F99000C00AC0E710EE103A03F1004300EE103A3F
:10F9A000B9E7022C08D80D4B03EB840393ED000A52
:10F9B000B1E79FED030AAEE79FED090AABE700BF91
:10F9C000000000002EBDBB33DB0F4940DB0F49C0F8
:10F9D000DB0FC9BFDB0FC93FF81201080413010890
:10F9E000DB0F493F38B510EE105A25F00044B4F152
:10F9F000A14FF0EE407A0DD3B4F1FF4F5BD8DFEDAD
:10FA0000517A9FED517A002DCCBFB0EE470AB0EE8F
:10FA1000670A38BD4D4B9C425CD8B4F1445F4DD36E
:10FA20004FF0FF3327EEA76A9FED495A9FED497AC1
:10FA3000DFED495ADFED494A66EE066A5A1CA6EE2A
:10FA4000857AE6EEA54A9FED465ADFED465AA7EEC7
:10FA5000265AE4EEA65A9FED447ADFED444AA5EE1D
:10FA6000267AE5EEA64A9FED425ADFED425AA7EE0E
:10FA7000265A9FED417AA4EEA67AE5EE265A27EEA5
:10FA8000267AA5EE867A27EE877A38D03B493C4A1B
:10FA900001EB8301D1ED006A37EE667A02EB830356
:10FAA000D3ED006A37EE677A002D36EEC70AB0DA7A
:10FAB000B1EE400A38BD30EE000A38BD9FED317A14
:10FAC00030EE077AF7EE006AB4EEE67AF1EE10FA5D
:10FAD000A6DD38BDFFF7CAF82B4B9C4212D8A3F520
:10FAE000D0039C4223D8F0EE007ABFEE007AA0EE5D
:10FAF000277A002330EE270AC7EE007A92E737EE26
:10FB0000C70A38BD214B9C420BD8F7EE087AB7EEF6
:10FB1000007AA0EE277A022330EE670AC0EE077A59
:10FB200080E7BFEE007AC7EE007A03237AE7F7EEAC
:10FB3000007A30EE677A30EE270A0123C7EE007AAA
:10FB400070E700BFDB0FC9BFDB0FC93FFFFFDF3E20
:10FB5000D769853C59DA4B3D21A215BD6BF16EBDCD
:10FB6000356B883D95879DBD6E2EBA3D388EE3BDC1
:10FB70002549123EABAAAA3ECDCC4CBE10130108BB
:10FB800020130108CAF24971FFFF973FFFFF1B4096
:10FB9000B1EEC00A704700BF2DE9F04FADF5197DF9
:10FBA0009C460B91BD4BA299049053F821300593CC
:10FBB00012F1140F0CF1FF330393C0F2AD82B84978
:10FBC000D31E81FB0301DB17C3EBA10308930133B1
:10FBD000A3EB8303DB00D618089A039BD41A059A7B
:10FBE000D7181DD40137DDF88CA2274420AD4FF083
:10FBF00000084FF00009E34608E05AF82400F0F747
:10FC000031FC0134BC42E5E8020108D0002CF4DAF2
:10FC1000013440464946BC42E5E80201F6D1DC46E3
:10FC2000059B002BB8BF4FEACC0738DB20AB03EBBA
:10FC3000CC0A059BDDF80C90029663444FEACC0792
:10FC40000093049BCDE906C70DF5E07B03EBCC08E0
:10FC50004B46D9469B46039B002BC0F2A281049ED3
:10FC600057460024002577E90223F6E80201F0F761
:10FC700033FE02460B4620462946F0F7A7FA4645D2
:10FC800004460D46EFD1009B0BF1010B9B45E9E8C3
:10FC900002450AF1080ADED1DDE906C7029E049B8F
:10FCA000059A009203EB070B0CAB03EB8203043BBA
:10FCB00009930CAB03EB8207CDF828C0009A98ABF0
:10FCC00003EBC203002A53E928454FEAC2082CDDA2
:10FCD0000DF5E07AD0440DF1300902960697714B8C
:10FCE000002220462946F0F7F7FDF1F7A5F8F0F7D6
:10FCF000B9FB6D4B002206460F46F0F7EDFD0246BC
:10FD00000B4620462946F0F75FFAF1F795F878E9B7
:10FD1000022349F8040B39463046F0F757FAD0452C
:10FD200004460D46DBD1029E069F45EC104B304643
:10FD300000F04AFB55EC104B00224FF07F53204659
:10FD40002946F0F7C9FD41EC100B00F0C9FB574BF9
:10FD500051EC100B0022F0F7BFFD02460B46204687
:10FD60002946F0F731FA0D460446F1F765F8824668
:10FD7000F0F778FB02460B4620462946F0F724FAB6
:10FD8000002E8046894640F39380009B0CAA581EA3
:10FD9000C6F1180352F8202042FA03F404FA03F3E0
:10FDA000D21AC6F117010CAB42FA01F5002D43F847
:10FDB0002020A24400F3DC80002200234046494674
:10FDC000F0F7F2FF002800F05782009B059A93425B
:10FDD0000CDD0CAA02EB8303002253F8041DBB4286
:10FDE00042EA0102F9D1002A40F0DE80059B0CAA0C
:10FDF000013B52F82330002B40F0CE80099A0123BA
:10FE000052F8041D01330029FAD0009A134401323C
:10FE1000914600990A9802930144089802EB000A5F
:10FE20000AF1804AA3980AF1FF3A00EB8A0A20A857
:10FE300000EBC108CDE9066770A901EBC202009290
:10FE40005AF8040FF0F70EFB039B002BE8E80201C1
:10FE500020DB049E47460024002577E90223F6E8CC
:10FE60000201F0F739FD02460B4620462946F0F71D
:10FE7000ADF95E4504460D46EFD1009BE3E802452F
:10FE80000093029B09F101099945D9DDDDE9066777
:10FE9000009313E700240025EFE700BF701301086B
:10FEA000ABAAAA2A0000703E00007041000020406A
:10FEB00055D1009B0CAA013B52F82350ED15002DA3
:10FEC0007FF77AAF009B002B0AF1010A40F34382CF
:10FED0000CAB002253F8044B002C3BD0C4F18074CF
:10FEE00043F8044C6FF07F40009C03E01968411A0E
:10FEF00043F8041B01329442F8DC0124002E0DDD8E
:10FF0000012E3ED0022E09D1009B5A1E0CAB0CA92B
:10FF100053F82230C3F3150341F82230022D7FF449
:10FF20004BAF42464B4694490020F0F74DF98046CE
:10FF30008946002C3FF440AF30469FED8D0B00F01A
:10FF400043FA4046494653EC102BF0F73DF9804602
:10FF5000894631E7009901329142BBDCCEE7874BFD
:10FF60000022F0F73FFF002840F0C480054623E759
:10FF7000009B002B0AF1010AD8BF0024A8DC012E47
:10FF8000C0D1009B5A1E0CAB0CA953F82230C3F30E
:10FF9000160341F82230C1E7009B5A1C91461346D4
:10FFA00037E7002400256EE6009A0CAB541ECDE91D
:10FFB000035A53F82430183E5BB902F18043013BE9
:10FFC0000CAA02EB830353F8042D013C183E002ACF
:10FFD000F9D030469FED660B00F0F6F9002C57EC97
:10FFE000106BC0F2C48104F1010A0CAB03EB8A056B
:10FFF0004FEACA0270ABDFF8889103EBCA0A4FF0F0
:020000040801F1
:100000000008934655F8040DF0F72CFA32463B46AB
:10001000F0F762FC4B466AE9020142463046394637
:10002000F0F75AFC0CAB9D4206460F46EAD1ABF105
:10003000080370A95A4601EB030A0DF590784FF0BA
:100040000009CDE9064243465246A346CA46DDF8BA
:100050001490CDF81480B9F1000FC0F28380DFF85E
:10006000248100931746002600240025029201E017
:10007000564510DCF7E80223F8E80201F0F72CFC03
:1000800002460B4620462946F0F7A0F80136B14556
:1000900004460D46ECDA009B029A0BF1FF3BBBF1E4
:1000A000FF3FE3E802450AF1010AA2F10802D2D1BA
:1000B000A29BDDF81480022BDDE9064264DC002BF4
:1000C0002FDC10D108EB02040020002174E9022388
:1000D000F0F77CF84445F9D1039B002B40F03781C1
:1000E0000B9BC3E90001049B03F007000DF5197D8C
:1000F000BDE8F08F009B002B0AF1010AC8BF022562
:100100003FF7E6AE42464B461B490020F0F75CF84D
:100110000225804689464FE600216FF017030891BB
:1001200059E508EB02050026002775E90223304651
:100130003946F0F74BF8454506460F46F5D13B46A4
:10014000D5E900013246F0F73FF8039B002B00F0A1
:10015000E2800B9D07F10043C5E90063002C40F0ED
:10016000DE80E7E00024002597E700BFAFF30080C2
:10017000000000000000F03F0000F03F0000E03F02
:100180000000703E30130108A29B032BABD1002C62
:1001900000F0FD8008EBC4054FEAC40AD5E900670A
:1001A000CDE905A50095A946029479E902453046B6
:1001B000394622462B46F0F709F8B246BB460646BA
:1001C0000F4632463B4620462946EFF7FDFF524692
:1001D0005B46EFF7FBFFC145C9E90201C9E90067CA
:1001E000E3D1029C012CDDE905A500F0D080D5E922
:1001F0000045009E08F1080B474676E90289204633
:10020000294642464B46CDE90045EFF7DFFF04465D
:100210000D4622462B4640464946EFF7D5FFDDE91D
:100220000023EFF7D3FFB345C6E90201C6E9004555
:10023000E3D10AF10804B8463C4407F11005002058
:10024000002174E90223EFF7C1FFA542F9D1039B16
:10025000D8E90067D8E90245002B47D10B9BC3E9D9
:100260000401C3E90067C3E90245049B03F00700EA
:100270000DF5197DBDE8F08F704249EC108BCDE98A
:10028000035A00F0A1F855EC104B4B4B00222046CE
:100290002946F0F7A7FDF8B1484B00222046294631
:1002A000F0F71AFBF0F7C8FD0746F0F7DBF8424B12
:1002B0000022F0F711FB02460B4620462946EFF7D5
:1002C00083FFF0F7B9FD009B0CAA5C1C42F82300E9
:1002D000183642F824707CE620462946F0F7ACFD3B
:1002E000009B0CAA1C4642F8230072E632460B9E85
:1002F00007F10043C6E9002305F10043C6E90243C4
:1003000001F10043C6E90403049B03F007000DF567
:10031000197DBDE8F08F0B9BC3E900676CB14AAE55
:100320000125F6E802230135EFF750FFAC42F8DA79
:10033000039B13B101F1004319460B9BC3E9020172
:10034000049B03F007000DF5197DBDE8F08F01F166
:1003500000431946C4E6022D7FF42EAD02460B463B
:1003600000201749EFF730FF8046894624E5A29B1D
:10037000022B06DC002B0DDC7FF4B5AE0020002143
:10038000AAE6A29B032B7FF4AEAE0DF59078002079
:1003900000215CE7039BDDE9480133B10B9C00229F
:1003A0004FF00043C4E90023C4E70B9C0022002364
:1003B000C4E90023C1E700BF000070410000703EA7
:1003C0000000F03F0000000070B555EC104BC5F385
:1003D0000A5206462B4672BB25F00043234329D020
:1003E0003B4B204629460022F0F776FA394B9E42D5
:1003F00004460D4652DBC1F30A520B46363A4CF224
:1004000050318E4223DC164440F2FE7296421EDCCE
:10041000002E34DC16F1350F38DB6FF31E53363601
:1004200043EA065520462C4B29460022F0F754FAA1
:1004300041EC100B70BD40F2FF718A42DFD12246C1
:1004400020462946EFF7C2FE41EC100B70BD002D8F
:1004500017A1D1E9000107DB15A3D3E90023F0F7C9
:100460003BFA41EC100B70BD13A1D1E9000110A3C0
:10047000D3E90023F0F730FA41EC100BF3E76FF308
:100480001E5343EA065545EC104B70BD002D0CA1E0
:10049000D1E9000102DA0CA1D1E9000108A3D3E9F6
:1004A0000023F0F719FA41EC100B70BDAFF3008098
:1004B0009C7500883CE4377E9C7500883CE437FEE0
:1004C00059F3F8C21F6EA50159F3F8C21F6EA5813A
:1004D00000005043B03CFFFF0000903C00000000D3
:1004E00051EC100BC1F30A532DE9F041A3F2FF3593
:1004F000132D0C46064632DC002D20DB384B43FA28
:1005000005F801EA080303430F462DD032A3D3E9CF
:100510000023EFF75BFE00220023F0F76DFC40B1F3
:10052000002C03DA4FF480132B411F4427EA080400
:1005300000262346324643EC102BBDE8F08126A36B
:10054000D3E90023EFF742FE00220023F0F754FC2A
:100550000028EED0002C2ADB00263446E9E7332DB4
:1005600006DDB5F5806F1BD041EC100BBDE8F081C6
:10057000A3F213434FF0FF37DF400742F4D016A336
:10058000D3E90023EFF722FE00220023F0F734FC2A
:100590000028CED0002C334610DB23EA0706C8E73C
:1005A00002460B46EFF712FE41EC100BDEE724F09B
:1005B000004426430DD14FF00044BAE7142D06D075
:1005C000C5F134050122AA401344B342E5D20134F7
:1005D000E3E7044C0026ACE79C7500883CE4377EDA
:1005E000FFFF0F000000F0BFF8B500BFF8BC08BC6B
:1005F0009E467047F8B500BFF8BC08BC9E467047E1
:10060000100801083D110008000000000000000073
:100610008000000000000000000000000008010849
:10062000096D0008FDFF00000000000080000000D0
:100630000000000000000000F0070108E985000844
:10064000FDFF0000000000000001000000000000AD
:1006500000000000E40701089D760008FDFF00008F
:10066000000000008000000000000000000000000A
:10067000D40701084D6E0008FDFF000000000000D7
:10068000800000000000000000000000C407010816
:1006900089760008FDFF00000000000080000000D7
:1006A0000000000000000000B407010819760008EF
:1006B000FDFF00000000000000010000000000003D
:1006C00000000000A8070108317F0008FDFF0000BE
:1006D0000000000000010000000000000000000019
:1006E00098070108FD840008FDFF000000000000DD
:1006F00080000000000000000000000090070108DA
:1007000071810008FDFF0000000000008000000073
:10071000000000000000000088070108D5830008E1
:10072000FDFF00000000000080000000000000004D
:10073000000000007C0701080D640008FDFF0000B8
:1007400000000000000100000000000000000000A8
:100750006C07010835870008FDFF0000000000005D
:1007600000010000000000000000000061696D5FF2
:10077000756172745F7461736B000000696D755F01
:100780006461746100000000736572766F000000A0
:10079000726566657265650073686F6F745F636F1D
:1007A0006E5F7461736B000067696D62616C5461A8
:1007B000736B0000636861737369734D6F746F725C
:1007C000546173006572725F6465635F7461736B1B
:1007D0000000000063616E5F73656E745F74617327
:1007E0006B0000006765745F72635F7461736B0018
:1007F000756172745F73656E745F74657374000005
:10080000626F6172645F4C45445F7461736B00009A
:1008100064656661756C745461736B0049444C4542
:10082000000000002564200D0A000000494E46002B
:10083000696E66004E414E006E616E00303132339B
:10084000343536373839616263646566000000000C
:1008500030313233343536373839414243444546F6
:1008600000000000286E756C6C290000300000004C
:100870002E0000004C435F434F4C4C415445000058
:100880004C435F4354595045000000004C435F4DBA
:100890004F4E4554415259004C435F4E554D4552C1
:1008A000494300004C435F54494D45004C435F4D64
:1008B0004553534147455300496E66696E697479E3
:1008C000000000004E614E0042616C6C6F6320734B
:1008D0007563636565646564000000002F6461747E
:1008E000612F6A656E6B696E732F776F726B7370B1
:1008F0006163652F474E552D746F6F6C6368616936
:100900006E2F61726D2D31332F7372632F6E657789
:100910006C69622D63796777696E2F6E65776C6994
:10092000622F6C6962632F7374646C69622F6474E4
:100930006F612E63000000002F646174612F6A658F
:100940006E6B696E732F776F726B73706163652F57
:10095000474E552D746F6F6C636861696E2F6172BD
:100960006D2D31332F7372632F6E65776C69622D35
:1009700063796777696E2F6E65776C69622F6C6932
:1009800062632F7374646C69622F6D707265632E7D
:10099000630000002C2066756E6374696F6E3A20E8
:1009A00000000000617373657274696F6E20222508
:1009B0007322206661696C65643A2066696C652003
:1009C000222573222C206C696E65202564257325F1
:1009D000730A000000000000010203040000000090
:1009E00000000000010203040607080900061016B3
:1009F000000610160F000810820911000A15800B5E
:100A000016000C18010D00007D04017C000240ABB3
:100A1000034100055308065804070000000089112F
:100A200012239B322446AD573665BF74488CC19D56
:100A30005AAFD3BE6CCAE5DB7EE9F7F88110080136
:100A400093331A22A5562C47B7753E64C99C408D36
:100A5000DBBF52AEEDDA64CBFFF976E802218B30D2
:100A6000100299132667AF763444BD554AADC3BC16
:100A7000588ED19F6EEBE7FA7CC8F5D983310A20F6
:100A800091121803A7772E66B5543C45CBBD42ACF6
:100A9000D99E508FEFFB66EAFDD874C904428D538E
:100AA00016619F702004A9153227BB364CCEC5DFD6
:100AB0005EEDD7FC6888E1997AABF3BA85520C43B6
:100AC00097711E60A1142805B3373A26CDDE44CFB6
:100AD000DFFD56ECE9986089FBBB72AA06638F7252
:100AE00014409D512225AB343006B9174EEFC7FE96
:100AF0005CCCD5DD6AA9E3B8788AF19B87730E6276
:100B000095501C41A3352A24B1163807CFFF46EE75
:100B1000DDDC54CDEBB962A8F99A708B088481951D
:100B20001AA793B62CC2A5D33EE1B7F04008C91965
:100B3000522BDB3A644EED5F766DFF7C8994008525
:100B40009BB712A6ADD224C3BFF136E0C118480945
:100B5000D33B5A2AE55E6C4FF77D7E6C0AA583B4C1
:100B6000188691972EE3A7F23CC0B5D14229CB3825
:100B7000500AD91B666FEF7E744CFD5D8BB502A4E5
:100B800099961087AFF326E2BDD034C1C3394A2805
:100B9000D11A580BE77F6E6EF55C7C4D0CC685D77D
:100BA0001EE597F42880A1913AA3B3B2444ACD5BE5
:100BB0005669DF78600CE91D722FFB3E8DD604C7A5
:100BC0009FF516E4A9902081BBB332A2C55A4C4BC5
:100BD000D7795E68E11C680DF33F7A2E0EE787F641
:100BE0001CC495D52AA1A3B03882B193466BCF7AA5
:100BF0005448DD59622DEB3C700EF91F8FF706E665
:100C00009DD414C5ABB122A0B9923083C77B4E6A84
:100C1000D5585C49E33D6A2CF11E780F000089111C
:100C200012239B322446AD573665BF74488CC19D54
:100C30005AAFD3BE6CCAE5DB7EE9F7F88110080134
:100C400093331A22A5562C47B7753E64C99C408D34
:100C5000DBBF52AEEDDA64CBFFF976E802218B30D0
:100C6000100299132667AF763444BD554AADC3BC14
:100C7000588ED19F6EEBE7FA7CC8F5D983310A20F4
:100C800091121803A7772E66B5543C45CBBD42ACF4
:100C9000D99E508FEFFB66EAFDD874C904428D538C
:100CA00016619F702004A9153227BB364CCEC5DFD4
:100CB0005EEDD7FC6888E1997AABF3BA85520C43B4
:100CC00097711E60A1142805B3373A26CDDE44CFB4
:100CD000DFFD56ECE9986089FBBB72AA06638F7250
:100CE00014409D512225AB343006B9174EEFC7FE94
:100CF0005CCCD5DD6AA9E3B8788AF19B87730E6274
:100D000095501C41A3352A24B1163807CFFF46EE73
:100D1000DDDC54CDEBB962A8F99A708B088481951B
:100D20001AA793B62CC2A5D33EE1B7F04008C91963
:100D3000522BDB3A644EED5F766DFF7C8994008523
:100D40009BB712A6ADD224C3BFF136E0C118480943
:100D5000D33B5A2AE55E6C4FF77D7E6C0AA583B4BF
:100D6000188691972EE3A7F23CC0B5D14229CB3823
:100D7000500AD91B666FEF7E744CFD5D8BB502A4E3
:100D800099961087AFF326E2BDD034C1C3394A2803
:100D9000D11A580BE77F6E6EF55C7C4D0CC685D77B
:100DA0001EE597F42880A1913AA3B3B2444ACD5BE3
:100DB0005669DF78600CE91D722FFB3E8DD604C7A3
:100DC0009FF516E4A9902081BBB332A2C55A4C4BC3
:100DD000D7795E68E11C680DF33F7A2E0EE787F63F
:100DE0001CC495D52AA1A3B03882B193466BCF7AA3
:100DF0005448DD59622DEB3C700EF91F8FF706E663
:100E00009DD414C5ABB122A0B9923083C77B4E6A82
:100E1000D5585C49E33D6A2CF11E780F005EBCE2B8
:100E2000613FDD83C29C7E20A3FD1F419DC3217FC6
:100E3000FCA2401E5F01E3BD3E6082DC237D9FC1BA
:100E4000421CFEA0E1BF5D0380DE3C62BEE0025CAE
:100E5000DF81633D7C22C09E1D43A1FF4618FAA49A
:100E600027799BC584DA3866E5BB5907DB85673986
:100E7000BAE406581947A5FB7826C49A653BD9877A
:100E8000045AB8E6A7F91B45C6987A24F8A6441A6E
:100E900099C7257B3A6486D85B05E7B98CD2306E5A
:100EA000EDB3510F4E10F2AC2F7193CD114FADF346
:100EB000702ECC92D38D6F31B2EC0E50AFF1134D3A
:100EC000CE90722C6D33D18F0C52B0EE326C8ED02E
:100ED000530DEFB1F0AE4C1291CF2D73CA9476281A
:100EE000ABF517490856B4EA6937D58B5709EBB506
:100EF00036688AD495CB2977F4AA4816E9B7550BFA
:100F000088D6346A2B7597C94A14F6A8742AC896ED
:100F1000154BA9F7B6E80A54D7896B353030303015
:100F20003030303030303030303030302020202001
:100F3000202020202020202020202020050000002C
:100F4000190000007D0000000080E03779C34143B4
:100F5000176E05B5B5B89346F5F93FE9034F384D1F
:100F6000321D30F94877825A3CBF737FDD4F1575CB
:100F7000000000000000F03F0000000000002440DE
:100F800000000000000059400000000000408F40B9
:100F9000000000000088C34000000000006AF84024
:100FA0000000000080842E4100000000D012634148
:100FB0000000000084D797410000000065CDCD41BE
:100FC000000000205FA00242000000E8764837429F
:100FD000000000A2941A6D42000040E59C30A2423D
:100FE0000000901EC4BCD64200003426F56B0C43B2
:100FF0000080E03779C3414300A0D8855734764359
:1010000000C84E676DC1AB43003D9160E458E143B9
:10101000408CB5781DAF154450EFE2D6E41A4B442E
:1010200092D54D06CFF08044F64AE1C7022DB54473
:10103000B49DD9794378EA44002020202020202044
:101040002020282828282820202020202020202078
:101050002020202020202020208810101010101088
:1010600010101010101010101004040404040404D4
:10107000040404101010101010104141414141416E
:101080000101010101010101010101010101010150
:101090000101010110101010101042424242424260
:1010A0000202020202020202020202020202020220
:1010B00002020202101010102000000000000000C8
:1010C0000000000000000000000000000000000020
:1010D0000000000000000000000000000000000010
:1010E0000000000000000000000000000000000000
:1010F00000000000000000000000000000000000F0
:1011000000000000000000000000000000000000DF
:1011100000000000000000000000000000000000CF
:1011200000000000000000000000000000000000BF
:1011300000000000000000000000000030303030EF
:1011400030303030303030303030303020202020DF
:10115000202020202020202020202020000000000F
:1011600059F3F8C21F6EA501000000000000F03F17
:10117000FB21F93FFB2109407CD91240FB2119409A
:101180007A6A1F407CD92240BBFD2540FB212940C3
:101190003A462C407A6A2F405C4731407CD9324035
:1011A0009C6B3440BBFD3540DB8F3740FB21394021
:1011B0001BB43A403A463C405AD83D407A6A3F40D8
:1011C0004C7E40405C4741406C1042407CD94240DC
:1011D0008CA243409C6B4440AC344540BBFD454031
:1011E000CBC64640DB8F4740EB584840FB21494087
:1011F00083F9A200444E6E00FC291500D157270048
:10120000DD34F50062DBC0003C999500419043005D
:101210006351FE00BBDEAB00B761C5003A6E24002F
:10122000D24D42004906E00009EA2E001C92D1008E
:10123000EB1DFE0029B11C00E83EA700F535820039
:1012400044BB2E009CE98400B4267000417E5F0000
:10125000D6913900538339009CF439008B5F8400A8
:1012600028F9BD00F81F3B00DEFF97000F9805002E
:10127000112FEF000A5A8B006D1F6D00CF7E3600D4
:1012800009CB2700464FB7009E663F002DEA5F005E
:10129000BA277500E5EBC7003D7BF100F739070081
:1012A00092528A00FB6BEA001FB15F00085D8D005F
:1012B000300356007BFC4600F0AB6B0020BCCF0037
:1012C00036F49A00E3A91D005E619100081BE60058
:1012D00085996500A0145F008D40680080D8FF00EC
:1012E00027734D0006063100CA561500C9A87300C1
:1012F0007BE260006B8CC00000000080DB0F494087
:10130000DB0F49C0DB0F49BFE4CB1640E4CB16C06E
:101310006937AC3168212233B40F14336821A2330A
:101320003863ED3EDA0F493F5E987B3FDA0FC93FE5
:1013300000000040FB21F93F000000002D44743EF6
:10134000000000809846F83C0000006051CC783BDB
:1013500000000080831BF0390000004020257A380F
:10136000000000802282E336000000001DF3693592
:10137000020000000300000004000000060000005E
:081380008CF2FE7F0100000069
:08138800298F0008F10E000896
:04139000C90E00087A
:101394000000803F0000000000000000000000008A
:1013A400010000000024F40001000000100000000F
:1013B400AAAAAAAA58A08B3AE7416B3A0000803F38
:1013C4000000404000000000000000000000A040B9
:1013D400CDCCCC3D000000000000A040CDCCCC3DE5
:1013E400000000000000A040CDCCCC3D0000000077
:1013F4000000A040CDCCCC3D000000000000A04087
:10140400CDCCCC3D000000000000A040CDCCCC3DB4
:10141400000000000000A040CDCCCC3D0000000046
:101424000000A040CDCCCC3D000000000000A04056
:10143400CDCCCC3D000000000000A040CDCCCC3D84
:1014440000000000CDCCCC3D0000000000000000F6
:1014540000007041000000000000000000E0AB4606
:1014640000002041000000009A99993E000000000D
:101474000000A0400000A040CDCCCC3D0000000006
:10148400FFFF0000000000000300000018560020C9
:101494000801002000000000000000001856002091
:1014A40080560020E85600200000000000000000E4
:1014B4000000000000000000000000000000000028
:1014C4000000000000000000000000000000000018
:1014D4000000000000000000000000000000000008
:1014E40000000000000000000000000000000000F8
:1014F40000000000000000000000000000000000E8
:1015040000000000000000000000000000000000D7
:1015140000000000000000000000000000000000C7
:1015240000000000000000000000000000000000B7
:1015340001000000000000000E33CDAB34126DE654
:10154400ECDE05000B0000000000000000000000BD
:101554000000000000000000000000000000000087
:101564000000000000000000000000000000000077
:101574000000000000000000000000000000000067
:101584000000000000000000000000000000000057
:101594000000000000000000000000000000000047
:1015A4000000000000000000000000000000000037
:1015B4000000000000000000000000000000000027
:1015C4000000000000000000000000000000000017
:1015D40000000000000000005C570020FFFFFFFF38
:1015E40000000200000000000000000000000000F5
:1015F40058020020580200206002002060020020EF
:10160400680200206802002070020020700200209E
:10161400780200207802002080020020800200204E
:1016240088020020880200209002002090020020FE
:101634009802002098020020A0020020A0020020AE
:10164400A8020020A8020020B0020020B00200205E
:10165400B8020020B8020020C0020020C00200200E
:10166400C8020020C8020020D0020020D0020020BE
:10167400D8020020D8020020E0020020E00200206E
:10168400E8020020E8020020F0020020F00200201E
:10169400F8020020F80200200003002000030020CC
:1016A400080300200803002010030020100300207A
:1016B400180300201803002020030020200300202A
:1016C40028030020280300203003002030030020DA
:1016D400380300203803002040030020400300208A
:1016E400480300204803002050030020500300203A
:1016F40058030020580300206003002060030020EA
:101704006803002068030020700300207003002099
:101714007803002078030020800300208003002049
:1017240088030020880300209003002090030020F9
:101734009803002098030020A0030020A0030020A9
:10174400A8030020A8030020B0030020B003002059
:10175400B8030020B8030020C0030020C003002009
:10176400C8030020C8030020D0030020D0030020B9
:10177400D8030020D8030020E0030020E003002069
:10178400E8030020E8030020F0030020F003002019
:10179400F8030020F80300200004002000040020C7
:1017A4000804002008040020100400201004002075
:1017B4001804002018040020200400202004002025
:1017C40028040020280400203004002030040020D5
:1017D4003804002038040020400400204004002085
:1017E4004804002048040020500400205004002035
:1017F40058040020580400206004002060040020E5
:101804006804002068040020700400207004002094
:101814007804002078040020800400208004002044
:1018240088040020880400209004002090040020F4
:101834009804002098040020A0040020A0040020A4
:10184400A8040020A8040020B0040020B004002054
:10185400B8040020B8040020C0040020C004002004
:10186400C8040020C8040020D0040020D0040020B4
:10187400D8040020D8040020E0040020E004002064
:10188400E8040020E8040020F0040020F004002014
:10189400F8040020F80400200005002000050020C2
:1018A4000805002008050020100500201005002070
:1018B4001805002018050020200500202005002020
:1018C40028050020280500203005002030050020D0
:1018D4003805002038050020400500204005002080
:1018E4004805002048050020500500205005002030
:1018F40058050020580500206005002060050020E0
:10190400680500206805002070050020700500208F
:10191400780500207805002080050020800500203F
:1019240088050020880500209005002090050020EF
:101934009805002098050020A0050020A00500209F
:10194400A8050020A8050020B0050020B00500204F
:10195400B8050020B8050020C0050020C0050020FF
:10196400C8050020C8050020D0050020D0050020AF
:10197400D8050020D8050020E0050020E00500205F
:10198400E8050020E8050020F0050020F00500200F
:10199400F8050020F80500200006002000060020BD
:1019A400080600200806002010060020100600206B
:1019B400180600201806002020060020200600201B
:1019C40028060020280600203006002030060020CB
:1019D400380600203806002040060020400600207B
:1019E400480600204806002050060020500600202B
:1019F40043000000000000000000000000000000A0
:101A040000000000000000000000000000000000D2
:101A1400430000000000000000000000000000007F
:101A240000000000000000000000000000000000B2
:101A3400430000000000000000000000000000005F
:101A44000000000000000000000000000000000092
:101A5400430000000000000000000000000000003F
:101A64000000000000000000000000000000000072
:101A7400430000000000000000000000000000001F
:101A84000000000000000000000000000000000052
:101A940043000000000000000000000000000000FF
:101AA4000000000000000000000000000000000032
:101AB40043000000000000000000000000000000DF
:101AC4000000000000000000000000000000000012
:101AD40089CE0008D1C600080000000038100108B3
:101AE40070080108A0090108A0090108A00901085B
:101AF400A0090108A0090108A0090108A00901081A
:101B0400A0090108A0090108FFFFFFFFFFFFFFFF75
:101B1400FFFFFFFFFFFF000001004153434949005D
:101B240000000000000000000000000000000000B1
:101B34000000000000000000000041534349490038
:101B44000000000000000000000000000000000091
:0C1B540000000000000000000000000085
:040000050800208D42
:00000001FF
