:020000040800F2
:100000000000052425230008DD1B0008DF1B000875
:10001000E11B0008E31B0008E51B000800000000CE
:10002000000000000000000000000000018A00083D
:10003000E71B000800000000A18A0008058B0008EB
:100040007523000875230008752300087523000830
:100050007523000875230008752300087523000820
:10006000752300087523000875230008E91B0008A4
:10007000F91B0008091C0008191C0008291C0008AD
:10008000752300087523000875230008391C000833
:10009000491C000875230008752300087523000813
:1000A00075230008752300087523000875230008D0
:1000B00075230008752300087523000875230008C0
:1000C00075230008752300087523000875230008B0
:1000D000591C0008691C00087523000875230008D6
:1000E0007523000875230008000000007523000830
:1000F0007523000875230008752300087523000880
:10010000752300087523000875230008752300086F
:1001100075230008791C000875230008891C000855
:10012000752300087523000875230008752300084F
:10013000752300087523000875230008752300083F
:1001400000000000000000000000000000000000AF
:10015000752300087523000875230008752300081F
:10016000752300087523000875230008752300080F
:10017000752300087523000875230008000000009F
:100180007523000875230008991C000875230008D2
:1001900075230008752300087523000875230008DF
:1001A000752300087523000875230008000000006F
:1001B00075230008752300087523000875230008BF
:1001C00075230008752300080000000000000000EF
:1001D000000000000000000075230008000000007F
:1001E000000000000000000000000000000000000F
:1001F00000000000000000007523000875230008BF
:10020000752300087523000800000000752300080E
:10021000752300087523000875230008752300085E
:10022000752300080000000075230008000000008E
:1002300075230008752300080000000075230008DE
:10024000752300087523000875230008752300082E
:10025000752300087523000875230008752300081E
:10026000752300087523000875230008752300080E
:10027000752300087523000875230008000000009E
:1002800075230008752300087523000875230008EE
:10029000000000007523000875230008000000001E
:1002A000000000007523000875230008752300086E
:1002B000A91C00087523000875230008B91C000854
:0C02C00075230008752300087523000852
:1003000081F0004102E000BF83F0004330B54FEAC6
:1003100041044FEA430594EA050F08BF90EA020F33
:100320001FBF54EA000C55EA020C7FEA645C7FEAC6
:10033000655C00F0E2804FEA5454D4EB5555B8BFE9
:100340006D420CDD2C4480EA020281EA030382EA5A
:10035000000083EA010180EA020281EA0303362DEC
:1003600088BF30BD11F0004F4FEA01314FF4801CBF
:100370004CEA113102D0404261EB410113F0004FD1
:100380004FEA03334CEA133302D0524263EB430388
:1003900094EA050F00F0A780A4F10104D5F1200E26
:1003A0000DDB02FA0EFC22FA05F2801841F1000181
:1003B00003FA0EF2801843FA05F359410EE0A5F155
:1003C00020050EF1200E012A03FA0EFC28BF4CF086
:1003D000020C43FA05F3C01851EBE37101F000453C
:1003E00007D54FF0000EDCF1000C7EEB00006EEB49
:1003F0000101B1F5801F1BD3B1F5001F0CD34908D3
:100400005FEA30004FEA3C0C04F101044FEA445229
:1004100012F5800F80F09A80BCF1004F08BF5FEAB0
:10042000500C50F1000041EB045141EA050130BD90
:100430005FEA4C0C404141EB0101013C28BFB1F5A2
:10044000801FE9D291F0000F04BF01460020B1FAED
:1004500081F308BF2033A3F10B03B3F120020CDAC0
:100460000C3208DD02F1140CC2F10C0201FA0CF09E
:1004700021FA02F10CE002F11402D8BFC2F1200C03
:1004800001FA02F120FA0CFCDCBF41EA0C019040B9
:10049000E41AA2BF01EB0451294330BD6FEA040402
:1004A0001F3C1CDA0C340EDC04F11404C4F12002ED
:1004B00020FA04F001FA02F340EA030021FA04F3FF
:1004C00045EA030130BDC4F10C04C4F1200220FA56
:1004D00002F001FA04F340EA0300294630BD21FA94
:1004E00004F0294630BD94F0000F83F4801306BF5A
:1004F00081F480110134013D4EE77FEA645C18BF4E
:100500007FEA655C29D094EA050F08BF90EA020FE4
:1005100005D054EA000C04BF1946104630BD91EADC
:10052000030F1EBF0021002030BD5FEA545C05D1DF
:100530004000494128BF41F0004130BD14F580041E
:100540003CBF01F5801130BD01F0004545F0FE4192
:1005500041F470014FF0000030BD7FEA645C1ABFC7
:10056000194610467FEA655C1CBF0B46024650EAFE
:10057000013406BF52EA033591EA030F41F400212A
:1005800030BD00BF90F0000F04BF0021704730B5B0
:100590004FF4806404F132044FF000054FF0000185
:1005A00050E700BF90F0000F04BF0021704730B546
:1005B0004FF4806404F1320410F0004548BF40421B
:1005C0004FF000013EE700BF42004FEAE2014FEA70
:1005D00031014FEA02701FBF12F07F4393F07F4F4B
:1005E00081F06051704732F07F4208BF704793F04E
:1005F0007F4F04BF41F40021704730B54FF4607461
:1006000001F0004521F000411CE700BF50EA010263
:1006100008BF704730B54FF000050AE050EA01020C
:1006200008BF704730B511F0004502D5404261EB7C
:1006300041014FF4806404F132045FEA915C3FF4BD
:10064000D8AE4FF003025FEADC0C18BF03325FEA5A
:10065000DC0C18BF033202EBDC02C2F1200300FA0B
:1006600003FC20FA02F001FA03FE40EA0E0021FA30
:1006700002F11444BDE600BF4FEA4102B2F1E0438B
:1006800024BFB3F5001CDCF1FE5C0DD901F0004C79
:100690004FEAC0024CEA5070B2F1004F40EB8300C9
:1006A00008BF20F00100704711F0804F21D113F1F5
:1006B0003872BCBF01F00040704741F480114FEA2E
:1006C0005252C2F11802C2F1200C10FA0CF320FAB7
:1006D00002F018BF40F001004FEAC1234FEAD323D4
:1006E00003FA0CFC40EA0C0023FA02F34FEA43033E
:1006F000CCE77FEA625307D150EA01331EBF4FF0C7
:10070000FE4040F44000704701F0004040F0FE40E1
:1007100040F40000704700BF53B94AB9002908BF30
:1007200000281CBF4FF0FF314FF0FF3000F00CB835
:10073000ADF1080C6DE904CE0BF094FCDDF804E09B
:10074000DDE9022304B07047704700BF844641EAE8
:10075000000313F003036DD1403A41D351F8043B39
:1007600040F8043B51F8043B40F8043B51F8043B8B
:1007700040F8043B51F8043B40F8043B51F8043B7B
:1007800040F8043B51F8043B40F8043B51F8043B6B
:1007900040F8043B51F8043B40F8043B51F8043B5B
:1007A00040F8043B51F8043B40F8043B51F8043B4B
:1007B00040F8043B51F8043B40F8043B51F8043B3B
:1007C00040F8043B51F8043B40F8043B51F8043B2B
:1007D00040F8043B51F8043B40F8043B403ABDD29A
:1007E000303211D351F8043B40F8043B51F8043B3C
:1007F00040F8043B51F8043B40F8043B51F8043BFB
:1008000040F8043B103AEDD20C3205D351F8043BCA
:1008100040F8043B043AF9D2043208D0D2071CBF96
:1008200011F8013B00F8013B01D30B8803806046BF
:10083000704700BF082A13D38B078DD010F0030335
:100840008AD0C3F10403D21ADB071CBF11F8013BA5
:1008500000F8013B80D331F8023B20F8023B7BE7F4
:10086000043AD9D3013A11F8013B00F8013BF9D21F
:100870000B7803704B7843708B78837060467047B9
:1008800001F0FF01102A2BDB10F0070F08D010F841
:10089000013B013A8B422DD010F0070F42B3F6D145
:1008A000F0B441EA012141EA014122F007047FF05E
:1008B00000070023F0E80256083C85EA010586EAB5
:1008C000010685FA47F5A3FA87F586FA47F6A5FAF1
:1008D00087F68EB9EED1F0BC01F0FF0102F00702FD
:1008E00032B110F8013B013A83EA010313B1F8D1A8
:1008F0000020704701387047002D06BF3546033889
:10090000073815F0010F07D1013015F4807F02BFC1
:10091000013015F4C03F0130F0BC0138704700BF12
:1009200000000000000000000000000000000000C7
:1009300000000000000000000000000000000000B7
:1009400030B490F800F020F007016FF0000C10F0C8
:10095000070491F820F040F048804FF000046FF059
:100960000700D1E9002391F840F000F1080082FA75
:100970004CF2A4FA8CF283FA4CF3A2FA8CF34BBB40
:10098000D1E9022382FA4CF200F10800A4FA8CF2B9
:1009900083FA4CF3A2FA8CF3E3B9D1E9042382FA87
:1009A0004CF200F10800A4FA8CF283FA4CF3A2FA9C
:1009B0008CF37BB9D1E9062301F1200182FA4CF2D4
:1009C00000F10800A4FA8CF283FA4CF3A2FA8CF33B
:1009D000002BC6D0002A04BF04301A4612BAB2FA5D
:1009E00082F200EBD20030BC7047D1E9002304F062
:1009F0000305C4F100004FEAC50514F0040F91F897
:100A000040F00CFA05F562EA05021CBF63EA050333
:100A100062464FF00004AAE770B54FF0FF0C4CF4AB
:100A2000E06C1CEA11541DBF1CEA135594EA0C0F2C
:100A300095EA0C0F00F0DEF82C4481EA030621EA67
:100A40004C5123EA4C5350EA013518BF52EA0335A2
:100A500041F4801143F4801338D0A0FB02CE4FF054
:100A60000005E1FB02E506F00042E0FB03E54FF084
:100A70000006E1FB03569CF0000F18BF4EF0010E7C
:100A8000A4F1FF04B6F5007F64F5407404D25FEA78
:100A90004E0E6D4146EB060642EAC62141EA55512B
:100AA0004FEAC52040EA5E504FEACE2EB4F1FD0C6D
:100AB00088BFBCF5E06F1ED8BEF1004F08BF5FEAEB
:100AC000500E50F1000041EB045170BD06F000469D
:100AD00046EA010140EA020081EA0301B4EB5C044A
:100AE000C2BFD4EB0C0541EA045170BD41F4801142
:100AF0004FF0000E013C00F3AB8014F1360FDEBF67
:100B0000002001F0004170BDC4F10004203C35DA42
:100B10000C341BDC04F11404C4F1200500FA05F3C5
:100B200020FA04F001FA05F240EA020001F0004266
:100B300021F0004110EBD37021FA04F642EB0601DC
:100B40005EEA430E08BF20EAD37070BDC4F10C0406
:100B5000C4F1200500FA04F320FA05F001FA04F2CA
:100B600040EA020001F0004110EBD37041F10001B6
:100B70005EEA430E08BF20EAD37070BDC4F12005C1
:100B800000FA05F24EEA020E20FA04F301FA05F229
:100B900043EA020321FA04F001F0004121FA04F2D1
:100BA00020EA020000EBD3705EEA430E08BF20EAA1
:100BB000D37070BD94F0000F0FD101F000464000DB
:100BC00041EB010111F4801F08BF013CF7D041EA5D
:100BD000060195F0000F18BF704703F00046520061
:100BE00043EB030313F4801F08BF013DF7D043EA32
:100BF0000603704794EA0C0F0CEA135518BF95EAE8
:100C00000C0F0CD050EA410618BF52EA4306D1D16E
:100C100081EA030101F000414FF0000070BD50EA8D
:100C2000410606BF1046194652EA430619D094EA17
:100C30000C0F02D150EA013613D195EA0C0F05D101
:100C400052EA03361CBF104619460AD181EA030155
:100C500001F0004141F0FE4141F470014FF000000D
:100C600070BD41F0FE4141F4780170BD70B54FF0A8
:100C7000FF0C4CF4E06C1CEA11541DBF1CEA135528
:100C800094EA0C0F95EA0C0F00F0A7F8A4EB05040A
:100C900081EA030E52EA03354FEA013100F0888001
:100CA0004FEA03334FF0805545EA131343EA1263CA
:100CB0004FEA022245EA111545EA10654FEA00267F
:100CC0000EF000419D4208BF964244F1FD0404F538
:100CD000407402D25B084FEA3202B61A65EB030594
:100CE0005B084FEA32024FF480104FF4002CB6EB51
:100CF000020E75EB030E22BFB61A754640EA0C00D1
:100D00005B084FEA3202B6EB020E75EB030E22BF10
:100D1000B61A754640EA5C005B084FEA3202B6EB51
:100D2000020E75EB030E22BFB61A754640EA9C0010
:100D30005B084FEA3202B6EB020E75EB030E22BFE0
:100D4000B61A754640EADC0055EA060E18D04FEA9E
:100D5000051545EA16754FEA06164FEAC30343EA3E
:100D600052734FEAC2025FEA1C1CC0D111F4801F0B
:100D70000BD141EA00014FF000004FF0004CB6E704
:100D800011F4801F04BF01430020B4F1FD0C88BFA3
:100D9000BCF5E06F3FF6AFAEB5EB030C04BFB6EBAE
:100DA000020C5FEA500C50F1000041EB045170BDA1
:100DB0000EF0004E4EEA113114EB5C04C2BFD4EBCE
:100DC0000C0541EA045170BD41F480114FF0000E52
:100DD000013C90E645EA060E8DE60CEA135594EACE
:100DE0000C0F08BF95EA0C0F3FF43BAF94EA0C0FD1
:100DF0000AD150EA01347FF434AF95EA0C0F7FF446
:100E000025AF104619462CE795EA0C0F06D152EA99
:100E100003353FF4FDAE1046194622E750EA41067D
:100E200018BF52EA43067FF4C5AE50EA41047FF48E
:100E30000DAF52EA43057FF4EBAE12E74FF0FF3CF3
:100E400006E000BF4FF0010C02E000BF4FF0010CC4
:100E50004DF804CD4FEA410C7FEA6C5C4FEA430C3D
:100E600018BF7FEA6C5C1BD001B050EA410C0CBF8C
:100E700052EA430C91EA030F02BF90EA020F0020EE
:100E8000704710F1000F91EA030F58BF994208BF55
:100E900090422CBFD8176FEAE37040F00100704712
:100EA0004FEA410C7FEA6C5C02D150EA013C07D169
:100EB0004FEA430C7FEA6C5CD6D152EA033CD3D0B4
:100EC0005DF8040B704700BF8446104662468C46AE
:100ED0001946634600E000BF01B5FFF7B7FF0028E1
:100EE00048BF10F1000F01BD4DF808EDFFF7F4FF0A
:100EF0000CBF012000205DF808FB00BF4DF808ED95
:100F0000FFF7EAFF34BF012000205DF808FB00BFB7
:100F10004DF808EDFFF7E0FF94BF012000205DF8D9
:100F200008FB00BF4DF808EDFFF7CEFF94BF01208E
:100F300000205DF808FB00BF4DF808EDFFF7C4FF87
:100F400034BF012000205DF808FB00BF4FEA410CD0
:100F50007FEA6C5C02D150EA013C0AD14FEA430CB3
:100F60007FEA6C5C02D152EA033C02D14FF00000F0
:100F700070474FF0010070474FEA410212F500122E
:100F800015D211D56FF47873B3EB625212D94FEAD0
:100F9000C12343F0004343EA505311F0004F23FABA
:100FA00002F018BF404270474FF00000704750EA0F
:100FB000013005D111F0004008BF6FF000407047CC
:100FC0004FF00000704700BF0348044B834202D03B
:100FD000034B03B118477047AC070024AC0700244B
:100FE000000000000548064B1B1AD90F01EBA301B6
:100FF000491002D0034B03B118477047AC070024D7
:10100000AC0700240000000010B5064C237843B95B
:10101000FFF7DAFF044B13B10448AFF3008001235C
:10102000237010BDB007002400000000182B010839
:1010300008B5054B1BB105490548AFF30080BDE875
:101040000840FFF7CFBF00BF00000000B407002436
:10105000182B010800B583B01B4BD3F8D82042F001
:101060000102C3F8D820D3F8D83003F0010301936C
:10107000019B002205210B2001F010FA0B2001F04A
:101080001DFA002205210C2001F008FA0C2001F0C5
:1010900015FA002205210D2001F000FA0D2001F0C3
:1010A0000DFA002205210E2001F0F8F90E2001F0C2
:1010B00005FA002205210F2001F0F0F90F2001F0C0
:1010C000FDF903B05DF804FB0044025810B5164862
:1010D000164B036000238360C360037443748374FE
:1010E000032444610A2282611D21C16102624462BB
:1010F0008262C1620263436301228263C36320216F
:101100000164042242648364C264036542658365AA
:10111000C36501664366826602F0A2FE00B910BD97
:1011200000F006FBFBE700BF1009002400A0004010
:1011300010B51748174B036000238360C360037426
:1011400043748374032444610A2282611D21C161B6
:10115000026244628262C16202634FF4557242636A
:1011600001228263C36320210164042242648364F8
:10117000C264036542658365C36501664366826632
:1011800002F06EFE00B910BD00F0D2FAFBE700BF1E
:101190007008002400A4004010B51748174B0360E6
:1011A00000238360C3600374437483740324446125
:1011B0000A2282611D21C161026244628262C162AF
:1011C00002634FF4D562426301228263C36320212C
:1011D0000164042242648364C264036542658365DA
:1011E000C36501664366826602F03AFE00B910BD2F
:1011F00000F09EFAFBE700BFD007002400D40040B7
:1012000030B5BBB004460021359136913791389105
:101210003991B82206A80BF0D7F923686F4A934298
:1012200008D06F4A93424BD06E4A934200F08E80B2
:101230003BB030BD4FF400420023CDE906234FF010
:101240008053219306A804F0CFFA40BB664A136886
:1012500001331360012B25D0644BD3F8E02042F01A
:101260000802C3F8E020D3F8E03003F0080301934C
:10127000019B03233593022336930024379438943B
:101280000923399335A95A4803F0C4FA22460521A7
:10129000132001F003F9132001F010F9C8E700F062
:1012A00047FAD3E7514BD3F8EC2042F48072C3F8ED
:1012B000EC20D3F8EC3003F480730093009BCBE771
:1012C0004FF400420023CDE906234FF080532193D1
:1012D00006A804F089FA40BB434A1368013313603F
:1012E000012B25D0414BD3F8E02042F00202C3F895
:1012F000E020D3F8E03003F002030393039B602364
:101300003593022336930024379438940923399374
:1013100035A9384803F07EFA22460521142001F051
:10132000BDF8142001F0CAF882E700F001FAD3E713
:101330002E4BD3F8EC2042F48072C3F8EC20D3F8A3
:10134000EC3003F480730293029BCBE74FF400422E
:101350000023CDE906234FF08053219306A804F023
:1013600043FA48BB204A136801331360012B26D08F
:101370001E4BD3F8E02042F00802C3F8E020D3F877
:10138000E03003F008030593059B4FF44053359379
:10139000022336930024379438940525399535A9CE
:1013A000134803F037FA224629469F2001F076F8C9
:1013B0009F2001F083F83BE700F0BAF9D2E70B4B2E
:1013C000D3F8EC2042F48072C3F8EC20D3F8EC3070
:1013D00003F480730493049BCAE700BF00A000409D
:1013E00000A4004000D40040CC0700240044025870
:1013F000000C02580004025808B5012007F05EFAFC
:10140000FBE708B5012007F059FAFBE708B5012012
:1014100007F054FAFBE70000034B0360034B0B603B
:1014200080231360704700BFB00B0024B009002474
:1014300010B5D4B06B4C0DF59A7CA646BEE80F00F3
:10144000ACE80F009EE807008CE8070000214DA8DB
:1014500007F001FA644B18600DF58C7C04F11C0E4A
:10146000BEE80F00ACE80F009EE807008CE807001C
:10147000002146A807F0EFF95C4B18600DF1FC0C59
:1014800004F1380EBEE80F00ACE80F009EE807003C
:101490008CE8070000213FA807F0DDF9544B1860E5
:1014A0000DF1E00C04F1540EBEE80F00ACE80F00A3
:1014B0009EE807008CE80700002138A807F0CBF968
:1014C0004C4B18600DF1C40C04F1700EBEE80F0017
:1014D000ACE80F009EE807008CE80700002131A867
:1014E00007F0B9F9444B18600DF1A80C04F18C0E0B
:1014F000BEE80F00ACE80F009EE807008CE807008C
:1015000000212AA807F0A7F93C4B18600DF18C0CBC
:1015100004F1A80EBEE80F00ACE80F009EE807003B
:101520008CE80700002123A807F095F9344B1860D8
:101530000DF1700C04F1C40EBEE80F00ACE80F0012
:101540009EE807008CE8070000211CA807F083F93B
:101550002C4B18600DF1540C04F1E00EBEE80F00A6
:10156000ACE80F009EE807008CE80700002115A8F2
:1015700007F071F9244B18600DF1380C04F1FC0EE2
:10158000BEE80F00ACE80F009EE807008CE80700FB
:1015900000210EA807F05FF91C4B18600DF11C0C20
:1015A00004F58C7EBEE80F00ACE80F009EE8070053
:1015B0008CE80700002107A807F04DF9144B1860CC
:1015C000EC4604F59A740FCCACE80F0094E80700E1
:1015D0008CE807000021684607F03DF90D4B1860C4
:1015E00054B010BD302B0108740D0024700D002480
:1015F0006C0D0024680D0024640D0024600D00248F
:101600005C0D0024580D0024540D0024500D0024BE
:101610004C0D0024480D002470B58CB000240794B4
:10162000089409940A940B94384BD3F8E02042F0C4
:101630001002C3F8E020D3F8E02002F0100201927B
:10164000019AD3F8E02042F00402C3F8E020D3F876
:10165000E02002F004020292029AD3F8E02042F065
:101660008002C3F8E020D3F8E02002F08002039269
:10167000039AD3F8E02042F00102C3F8E020D3F847
:10168000E02002F001020492049AD3F8E02042F034
:101690000202C3F8E020D3F8E02002F00202059233
:1016A000059AD3F8E02042F00802C3F8E020D3F80E
:1016B000E03003F008030693069B154D01224EF21D
:1016C0000901284603F0B0F94FF46043079301265F
:1016D000089609940A9407A9284603F09BF8092361
:1016E00007930896099403230A9307A9284603F051
:1016F00091F84FF4A05307934FF48813089309947B
:1017000007A9044803F086F80CB070BD00440258E5
:10171000000802580010025808B50268034B9A42AC
:1017200000D008BD00F056FEFBE700BF00140040EB
:1017300072B6FEE700B59DB04C22002109A80AF060
:1017400043FF2022002101A80AF03EFF022003F0FF
:1017500071F900230093204B9A6922F440429A6168
:101760009B6903F440430093009B1B4B9B6913F45C
:10177000005FFAD0012209924FF480330A930223CA
:101780001293139314932821159116920422179201
:1017900018930C23199300231A931B9309A803F0A1
:1017A00073F9A8B93F230193032102910023039306
:1017B000082304934023059306934FF48062079215
:1017C000089301A803F04EFD20B91DB05DF804FB9D
:1017D000FFF7AEFFFFF7ACFF0048025808B5224BF9
:1017E0005B6913F4003F13D1BFF34F8FBFF36F8FCB
:1017F0001D4B0022C3F85022BFF34F8FBFF36F8FF2
:101800005A6942F400325A61BFF34F8FBFF36F8FB2
:1018100000F0B2FDFFF78EFFFFF7FEFEFFF71AFCA8
:1018200000F058F800F074FB00F002FB00F022F822
:10183000FFF74CFCFFF77CFCFFF7AEFC00F034FB3D
:1018400000F09AFB08F0DCF80028FBD14FF480721E
:101850000649074806F0CCFF09F014FBFFF7E8FD46
:1018600006F0F4FFFEE700BF00ED00E0F490002476
:10187000D812002408B51548154B03604FF48003B7
:101880004360002383600722C2604FF00072026150
:101890004FF0807242614FF0806282614FF080426F
:1018A000C261036243628362C36242638363C36350
:1018B000036443648364C36403654365836504F020
:1018C0004FFF00B908BDFFF733FFFBE7700F00249F
:1018D0000038004008B51648164B03604FF48003EB
:1018E00043604FF4003383600723C3600023036128
:1018F0004FF0807242614FF0806282614FF08052FF
:10190000C261036243628362C3624FF080424263FA
:101910008363C363036443648364C364036543658F
:10192000836504F01DFF00B908BDFFF701FFFBE769
:10193000E80E002400140058F0B5BBB004460021A6
:1019400035913691379138913991B82206A80AF02D
:101950003BFE2368634A934205D0634A934200F0FA
:101960008B803BB0F0BD4FF480520023CDE90623BD
:1019700006A803F039FF002875D15C4BD3F8E820A6
:1019800042F48042C3F8E820D3F8E82002F4804211
:101990000192019AD3F8E02042F00402C3F8E0205B
:1019A000D3F8E02002F004020292029AD3F8E02079
:1019B00042F00202C3F8E020D3F8E03003F0020363
:1019C0000393039B0623359302273697002537950B
:1019D00038950526399635A9454802F01BFF4FF486
:1019E00000533593369737953895399635A9414840
:1019F00002F010FF4048414B03602723436085609D
:101A0000C5604FF48063036145618561C5614FF432
:101A100040330362456200F065FF38BB364BE36735
:101A20009C633748374B036028234360402383601F
:101A30000023C3604FF48062026143618361C3612C
:101A40004FF400320262436200F04CFF88B92C4B25
:101A5000A3679C6300220521242000F01FFD2420A1
:101A600000F02CFD7DE7FFF763FE86E7FFF760FEE1
:101A7000D4E7FFF75DFEEAE74FF480420023CDE9AB
:101A800006234FF0A043319306A803F0ADFE30BB10
:101A9000164BD3F8F42042F02002C3F8F420D3F818
:101AA000F42002F020020492049AD3F8E02042F0DD
:101AB0000102C3F8E020D3F8E03003F001030593FE
:101AC000059BA02335930223369300233793389345
:101AD0000823399335A90C4802F09CFE41E7FFF733
:101AE00027FED5E700380040001400580044025893
:101AF0000008025800040258700E00241000024032
:101B0000F80D0024280002400000025800B583B000
:101B10000A4BD3F8F42042F00202C3F8F420D3F8C1
:101B2000F43003F002030193019B00220F216FF0B8
:101B3000010000F0B3FC03B05DF804FB0044025860
:101B40000F2801D90120704710B58AB00446002241
:101B50000146372000F0A2FC372000F0AFFC1A4B02
:101B60001C601A4BD3F8E82042F02002C3F8E820AA
:101B7000D3F8E83003F020030093009B01A902A8EA
:101B800003F000FD079BBBB903F0D8FC0346104AE5
:101B9000A2FB03239B0C013B0E480F4A026040F25C
:101BA000E732C260436000230361836005F026FDD5
:101BB00030B101200AB010BD03F0C0FC4300E6E7DD
:101BC000044805F071FBF5E71C00002400440258AE
:101BD00083DE1B43F80F002400140040FEE7FEE7FD
:101BE000FEE7FEE7FEE7704708B5024801F06CFC2F
:101BF00008BD00BF700E002408B5024801F064FC67
:101C000008BD00BFF80D002408B5024801F05CFCD7
:101C100008BD00BF3811002408B5024801F054FC8B
:101C200008BD00BFC010002408B5024801F04CFCFC
:101C300008BD00BF4810002408B5024802F05AFC55
:101C400008BD00BF1009002408B5024802F052FC8C
:101C500008BD00BF7008002408B5024805F002FA6C
:101C600008BD00BF700F002408B5024805F08AFDCA
:101C700008BD00BF4412002408B5024805F082FDEB
:101C800008BD00BF6C13002408B5024805F060FBD6
:101C900008BD00BFF80F002408B5024805F072FD2A
:101CA00008BD00BFD812002408B5024805F06AFD3F
:101CB00008BD00BFB011002408B5024802F01AFCAC
:101CC00008BD00BFD00700240120704708B50AF006
:101CD00057FD162303604FF0FF3008BD08B54FF0E5
:101CE000FF31FFF7F3FFFEE770B50C4616460025FF
:101CF00006E0AFF30080214601F8010B01350C46E8
:101D0000B542F6DB304670BD70B50C461646002570
:101D100004E014F8010BAFF300800135B542F8DBA5
:101D2000304670BD4FF0FF3070474FF400534B60AA
:101D300000207047012070470020704710B503460F
:101D40000C4A0D490D48006840B10C480068034436
:101D5000521A934206D8094A136010BD0748084C2E
:101D60000460F2E70AF00CFD0C2303604FF0FF3033
:101D7000F3E700BF00000524000400004410002425
:101D800010960024224AD2F8883043F47003C2F837
:101D90008830204B1B6803F00F03062B06D81D4A22
:101DA000136823F00F0343F0070313601A4B1A68FC
:101DB00042F001021A6000221A611968174A0A40AB
:101DC0001A60144B1B6813F0080F06D0114A1368F1
:101DD00023F00F0343F0070313600F4B00229A61B7
:101DE000DA611A620E4999620E49D9620E49196385
:101DF0005A639963DA6319645A64196821F480217B
:101E000019601A66094B43F2D2021A60704700BF8C
:101E100000ED00E000200052004402587FEDF6EA99
:101E2000000202020000FF01800201010040005296
:101E300008B51A481A4B03601A4B43604FF480539D
:101E400083604FF40053C3604FF4806303610C233D
:101E5000436100238361C36103624362836206F0CE
:101E6000AAFB70B900210D4806F078FC60B900218A
:101E70000A4806F098FC50B9084806F050FC48B9EA
:101E800008BDFFF755FCEDE7FFF752FCEFE7FFF762
:101E90004FFCF1E7FFF74CFCF2E700BF6C130024A6
:101EA00000500040A086010008B51748174B03609A
:101EB0004FF4E133436000238360C36003610C226D
:101EC00042618361C36103624362836206F073FB14
:101ED00070B900210C4806F041FC60B900210A48A5
:101EE00006F061FC50B9084806F019FC48B908BD75
:101EF000FFF71EFCEDE7FFF71BFCEFE7FFF718FC11
:101F0000F1E7FFF715FCF2E7D81200240078004053
:101F100008B51748174B03604FF461234360002353
:101F20008360C36003610C2242618361C361036209
:101F30004362836206F03FFB70B900210C4806F053
:101F40000DFC60B900210A4806F02DFC50B9084884
:101F500006F0E5FB48B908BDFFF7EAFBEDE7FFF740
:101F6000E7FBEFE7FFF7E4FBF1E7FFF7E1FBF2E761
:101F7000441200240010014008B51748174B0360B5
:101F80004FF4E133436000238360C36003610C229C
:101F900042618361C36103624362836206F00BFBAB
:101FA00070B900210C4806F0D9FB60B900210A483D
:101FB00006F0F9FB50B9084806F0B1FB48B908BD76
:101FC000FFF7B6FBEDE7FFF7B3FBEFE7FFF7B0FB7B
:101FD000F1E7FFF7ADFBF2E7B0110024001C014070
:101FE000F0B5BFB00446002139913A913B913C9144
:101FF0003D91B8220AA80AF0E7FA2368954A93426D
:102000000CD0954A934276D0944A934200F0E680F1
:10201000934A934200F03C813FB0F0BD022200237E
:10202000CDE90A230AA803F0DFFB00285DD18D4B20
:10203000D3F8E82042F48012C3F8E820D3F8E8206F
:1020400002F480120192019AD3F8E02042F00402D7
:10205000C3F8E020D3F8E02002F004020292029AD2
:10206000D3F8E02042F00802C3F8E020D3F8E030D3
:1020700003F008030393039B4FF480533993022723
:102080003A9700253B953C9508263D9639A9764818
:1020900002F0C0FB042339933A973B953C953D965B
:1020A00039A9724802F0B6FB7148724B03604123B4
:1020B00043608560C5604FF480630361456185615D
:1020C000C5614FF440330362456200F00BFC78B900
:1020D000674BC4F880309C6300220521352000F056
:1020E000DDF9352000F0EAF996E7FFF721FB9EE7DE
:1020F000FFF71EFBECE702220023CDE90A230AA822
:1021000003F072FB002860D1564BD3F8E82042F070
:102110008042C3F8E820D3F8E82002F0804204921D
:10212000049AD3F8E02042F01002C3F8E020D3F87C
:10213000E03003F010030593059B4FF4C07339930F
:1021400002233A9300253B953C9507233D9339A9FB
:10215000494802F05FFB4948494B03604F23436005
:102160008560C5604FF48063036145618561C56129
:102170004FF440330362456200F0B4FB40BB3F4B79
:10218000C4F880309C633F483F4B0360502343605A
:10219000402383600023C3604FF480620261436187
:1021A0008361C3614FF440320262436200F09AFBE4
:1021B00088B9344BE3679C6300220521522000F06C
:1021C0006DF9522000F07AF926E7FFF7B1FA9BE7A4
:1021D000FFF7AEFAD3E7FFF7ABFAEAE701220023F5
:1021E000CDE90A230AA803F0FFFA78BB1D4BD3F808
:1021F000F02042F01002C3F8F020D3F8F02002F0F3
:1022000010020692069AD3F8E02042F00102C3F8C9
:10221000E020D3F8E03003F001030793079B4FF46D
:10222000C063399302233A9300243B943C940723E0
:102230003D9339A9154802F0EDFA224605212520E3
:1022400000F02CF9252000F039F9E5E6FFF770FAE7
:10225000CCE700BF00500040007800400010014073
:10226000001C01400044025800080258000C0258AB
:10227000381100244000024000100258C010002411
:10228000580002404810002470000240000002582C
:1022900001220023CDE90A230AA803F0A5FA0028A9
:1022A00039D11E4BD3F8F02042F08002C3F8F02061
:1022B000D3F8F02002F080020892089AD3F8E020C8
:1022C00042F01002C3F8E020D3F8E03003F010032E
:1022D0000993099B0423399302263A9600243B94E0
:1022E0003C943D930E4D39A9284602F093FA0823F9
:1022F00039933A963B943C940B233D9339A9284655
:1023000002F088FA224605219C2000F0C7F89C20A4
:1023100000F0D4F880E6FFF70BFAC2E70044025859
:1023200000100258DFF834D0FFF72CFD0C480D499F
:102330000D4A002302E0D458C4500433C4188C4220
:10234000F9D30A4A0A4C002301E013600432A24286
:10235000FBD30AF01BFAFFF741FA7047000005248F
:1023600000000024AC07002434340108B007002426
:1023700010960024FEE7000010B5032000F07CF862
:1023800002F074FE0F498B69C3F303230E4AD35C3A
:1023900003F01F03D8408B6903F00F03D35C03F0F5
:1023A0001F0320FA03F3094A1360094B18600F203A
:1023B000FFF7C6FB10B10124204610BD0446FFF70D
:1023C000A5FBF9E7004402581C2F01081000002467
:1023D00014000024034B1B78034A11680B4413605C
:1023E000704700BF1800002400140024014B186837
:1023F000704700BF00140024002807DB00F01F0214
:10240000400901239340024A42F82030704700BF40
:1024100000E100E0002804DB0901C9B2044B1954B3
:10242000704700F00F000901C9B2024B1954704700
:1024300000E400E014ED00E000B500F00700C0F19A
:10244000070CBCF1040F28BF4FF0040C031D062B32
:102450000FD9C31E4FF0FF3E0EFA0CF021EA000127
:1024600099400EFA03FE22EA0E0241EA02005DF8EC
:1024700004FB0023EEE700000649CB6823F4E06389
:102480001B041B0C000200F4E0600343024A1A43E1
:10249000CA60704700ED00E00000FA0510B5044680
:1024A000054BD868C0F30220FFF7C6FF014620465F
:1024B000FFF7B0FF10BD00BF00ED00E008B5FFF76B
:1024C0009BFF08BDF0B4876D0468664E664DAC4254
:1024D00018BFB44242D01835AC423FD01835AC4298
:1024E0003CD01835AC4239D01835AC4236D018350E
:1024F000AC4233D01835AC4230D005F55675AC42FD
:102500002CD01835AC4229D01835AC4226D018351D
:10251000AC4223D01835AC4220D01835AC421DD087
:102520001835AC421AD01835AC4217D04F4DAC42DA
:1025300014D01435AC4211D01435AC420ED0143541
:10254000AC420BD01435AC4208D01435AC4205D0A7
:102550001435AC4202D01435AC4207D1446E856EBE
:102560006560C46E14B1046F456F656004683D4ECC
:102570003D4DAC4218BFB44252D01835AC424FD09A
:102580001835AC424CD01835AC4249D01835AC4265
:1025900046D01835AC4243D01835AC4240D005F592
:1025A0005675AC423CD01835AC4239D01835AC42E7
:1025B00036D01835AC4233D01835AC4230D018354F
:1025C000AC422DD01835AC422AD01835AC4227D0B9
:1025D000264E274DAC4218BFB44211D0254DAC4217
:1025E0000ED01435AC420BD01435AC4208D01435A3
:1025F000AC4205D01435AC4202D01435AC4224D1E3
:10260000C46D04F01F050124AC407C600468636065
:102610008368402B20D0036899600368DA6014E077
:10262000C46D04F01F0C3F2404FA0CF4BC60056870
:102630002C6824F480242C60046863608368402B39
:1026400005D0036899600368DA60F0BC70470368DE
:102650009A600368D960F8E703689A600368D960F4
:10266000F3E700BF1000024028000240085402585F
:102670001C5402583054025803682749274A934291
:1026800018BF8B422FD0183293422CD0183293426D
:1026900029D01832934226D01832934223D01832D0
:1026A000934220D0183293421DD002F556729342C5
:1026B00019D01832934216D01832934213D01832E0
:1026C000934210D0183293420DD0183293420AD060
:1026D0001832934207D01832934204D023F0FF03FC
:1026E0008365806D704710B4D9B210390C4AA2FBD3
:1026F0000142C2F302120B4CA25CC2655F2907D9EA
:102700006FF3090304338365806D5DF8044B7047F4
:102710006FF309038365F7E71000024028000240C9
:10272000ABAAAAAA2C2F010883699BB9836A012B43
:102730000AD0022B02D00BB100207047C36A13F0FD
:10274000807F2AD100207047C36AB3F1C07F26D0B2
:1027500000207047B3F5005F0AD0836A022B26D9A8
:10276000032B26D1C36A13F0807F24D10020704749
:10277000836A032B03D8DFE803F01404140A002053
:102780007047C36A13F0807F0DD100207047C36A81
:10279000B3F1C07F09D000207047012070470120AD
:1027A00070470120704701207047012070470120C9
:1027B00070470020704701207047000003682149DE
:1027C000214A934218BF8B4227D01432934224D01F
:1027D0001432934221D0143293421ED014329342C9
:1027E0001BD01432934218D01432934215D0DAB26F
:1027F000103A1649A1FB0212120915491944A829D9
:102800001ED9144B13449B000366134B436602F01E
:102810001F020123934083667047DBB2083B0F4AD7
:10282000A2FB03230E4A02EB1312920002660D4A2A
:102830004266C3F30413012202FA03F3836670476E
:102840000832DEE7085402581C540258ABAAAAAA60
:10285000F0FBFDBF0082001080080240CDCCCCCC44
:10286000009600168058025801794A1E072A2BD874
:1028700030B40368154D164CA34218BFAB4218D0B4
:102880001434A34215D01434A34212D01434A342FA
:102890000FD01434A3420CD01434A34209D0143402
:1028A000A34206D00B4B0B449B00C3660A4B036745
:1028B00005E00A4B0B449B00C366094B03670123E9
:1028C0009340436730BC7047704700BF08540258BC
:1028D0001C5402583F820010400902403F960016E7
:1028E0004059025870B50446FFF780FD002C00F0F7
:1028F000B781054623685349534A934218BF8B4218
:102900000CBF0121002150D0183293424DD0183213
:1029100093424AD01832934247D01832934244D05F
:102920001832934241D0183293423ED002F556728B
:1029300093423AD01832934237D01832934234D06F
:102940001832934231D0183293422ED0183293422B
:102950002BD01832934228D01832934225D03B49CD
:102960003B4A934218BF8B4200F03281394A93426E
:1029700000F02E811432934200F02A8114329342E7
:1029800000F026811432934200F0228114329342E7
:1029900000F01E811432934200F01A8140236365D7
:1029A000032384F8353001204AE0022284F83520E0
:1029B000002284F8342079BB274A93422CD0183265
:1029C000934229D01832934226D01832934223D012
:1029D0001832934220D0183293421DD002F556721D
:1029E000934219D01832934216D01832934213D022
:1029F0001832934210D0183293420DD018329342BD
:102A00000AD01832934207D01832934204D01A6881
:102A100022F001021A6003E01A6822F001021A6033
:102A200023681A6812F0010F18D0FFF7DFFC431B70
:102A3000052BF5D920236365032384F83530012065
:102A400070BD00BF10000240280002400854025828
:102A50001C54025830540258400002401A68814900
:102A60001140A268E06802432069024360690243A2
:102A7000A0690243E0690243206A02430A43616A93
:102A8000042900F090806168522900F296803F2965
:102A9000C0F08E803F39744820FA01F111F0010F27
:102AA00001D042F480121A602668756925F0070586
:102AB000636A1D43042B08D1A36A1D43E36A23B153
:102AC0002046FFF731FE00287CD175612046FFF7D4
:102AD000D3FDE36D03F01F023F239340836023681F
:102AE0006249634A934218BF8B4242D018329342E4
:102AF0003FD0183293423CD01832934239D018322A
:102B0000934236D01832934233D01832934230D0A9
:102B100002F5567293422CD01832934229D01832C3
:102B2000934226D01832934223D01832934220D0B9
:102B3000183293421DD0183293421AD01832934261
:102B400017D04C4A934214D01432934211D014320D
:102B500093420ED0143293420BD01432934208D0D9
:102B60001432934205D01432934202D0143293426D
:102B700013D12046FFF722FEA368802B63D0236E7B
:102B800022791A60636EA26E5A606368013B072B5C
:102B90005CD90023E3662367636700206065012337
:102BA00084F835304CE7E16A206B01430A436AE759
:102BB000293905293FF677AF73E7743903293FF6C2
:102BC00072AF6EE740236365012084F8350037E774
:102BD000022284F83520002284F8342019686FF32B
:102BE0001011A268402A2CD0802A27D00022E06849
:102BF00042EAD002206942EAD002606942EAD00289
:102C0000A06942EAD002E06942EAD002206A42EAC0
:102C100010120A431A602268174B1344174AA2FB8A
:102C200003231B099B00E3652046FFF725FDE26DAA
:102C300002F01F0101228A40426050E74FF48042B7
:102C4000D5E71022D3E70023636098E72046FFF71B
:102C50000BFEE36E00221A60236F626F5A609CE7DE
:102C60000120EDE63F8010FE0F030F001000024030
:102C70002800024008540258F8ABFDA7CDCCCCCCBC
:102C8000002800F03E8170B5044690F83400012819
:102C900000F03981012084F8340094F83500C0B286
:102CA000012807D04FF400636365002384F83430B3
:102CB000012070BD022084F8350000206065206886
:102CC000924E934DA84218BFB0422FD01835A8425B
:102CD0002CD01835A84229D01835A84226D018354E
:102CE000A84223D01835A84220D01835A8421DD0BC
:102CF00005F55675A84219D01835A84216D01835D2
:102D0000A84213D01835A84210D01835A8420DD0CB
:102D10001835A8420AD01835A84207D01835A8425D
:102D200004D0056825F00105056003E0056825F07D
:102D3000010505602046FFF7C5FB23687349744A07
:102D4000934218BF8B4238D01832934235D0183294
:102D5000934232D0183293422FD0183293422CD063
:102D60001832934229D01832934226D002F5567277
:102D7000934222D0183293421FD0183293421CD073
:102D80001832934219D01832934216D01832934217
:102D900013D01832934210D0183293420DD01A68D3
:102DA00022F00E0242F00A021A60236C93B12268EC
:102DB000136843F0040313600CE01A6822F01E024B
:102DC00042F016021A60236C23B12268136843F0A4
:102DD0000803136023684D494D4A934218BF8B4244
:102DE00042D0183293423FD0183293423CD018322E
:102DF000934239D01832934236D01832934233D0AE
:102E00001832934230D002F5567293422CD01832C9
:102E1000934229D01832934226D01832934223D0BD
:102E20001832934220D0183293421DD01832934268
:102E30001AD01832934217D0364A934214D0143223
:102E4000934211D0143293420ED0143293420BD0DD
:102E50001432934208D01432934205D01432934274
:102E600002D0143293420ED1236E1A6812F4803FBE
:102E700003D01A6842F480721A60E36E1BB11A68BC
:102E800042F480721A6023682049214A934218BF95
:102E90008B4230D0183293422DD0183293422AD030
:102EA0001832934227D01832934224D018329342DA
:102EB00021D0183293421ED002F5567293421AD096
:102EC0001832934217D01832934214D018329342DA
:102ED00011D0183293420ED0183293420BD01832D0
:102EE000934208D01832934205D01A6842F001028A
:102EF0001A600020DDE61A6842F001021A60002024
:102F0000D7E6012070470220D3E600BF1000024040
:102F1000280002400854025870B50446FFF766FACC
:102F2000002C00F09181054694F83530DBB2022B7D
:102F300006D080236365002384F83430012070BDFF
:102F400023688C498C4A934218BF8B4230D0183288
:102F500093422DD0183293422AD01832934227D070
:102F60001832934224D01832934221D0183293421F
:102F70001ED002F5567293421AD01832934217D0DF
:102F80001832934214D01832934211D0183293421F
:102F90000ED0183293420BD01832934208D0183218
:102FA000934205D01A6822F00E021A60266809E0E2
:102FB0001A6822F01E021A602268536923F0800307
:102FC0005361266823686B496B4A934218BF8B4252
:102FD00042D0183293423FD0183293423CD018323C
:102FE000934239D01832934236D01832934233D0BC
:102FF0001832934230D002F5567293422CD01832D8
:10300000934229D01832934226D01832934223D0CB
:103010001832934220D0183293421DD01832934276
:103020001AD01832934217D0544A934214D0143213
:10303000934211D0143293420ED0143293420BD0EB
:103040001432934208D01432934205D01432934282
:1030500002D01432934204D1226E136823F4807399
:10306000136023684349444A934218BF8B422FD0D0
:10307000183293422CD01832934229D018329342FE
:1030800026D01832934223D01832934220D01832DF
:1030900093421DD002F55672934219D018329342D2
:1030A00016D01832934213D01832934210D01832EF
:1030B00093420DD0183293420AD01832934207D06F
:1030C0001832934204D01A6822F001021A6003E019
:1030D0001A6822F001021A60336813F0010F0ED053
:1030E000FFF784F9431B052BF6D9202363650323DF
:1030F00084F83530002384F8343001201FE723683A
:103100001C491D4A934218BF8B4239D01832934252
:1031100036D01832934233D01832934230D018321E
:1031200093422DD0183293422AD01832934227D09E
:1031300002F55672934223D01832934220D01832AF
:1031400093421DD0183293421AD01832934217D0AE
:103150001832934214D01832934211D0183293424D
:103160000ED0A16DE36D03F01F02012393404B606D
:103170000DE000BF10000240280002400854025831
:10318000A16DE36D03F01F023F2393408B60236822
:103190002E492F4A934218BF8B4242D01832934295
:1031A0003FD0183293423CD01832934239D0183273
:1031B000934236D01832934233D01832934230D0F3
:1031C00002F5567293422CD01832934229D018320D
:1031D000934226D01832934223D01832934220D003
:1031E000183293421DD0183293421AD018329342AB
:1031F00017D0184A934214D01432934211D014328B
:1032000093420ED0143293420BD01432934208D022
:103210001432934205D01432934202D014329342B6
:103220000BD1636EA26E5A60E36E33B11A6822F45A
:1032300080721A60236F626F5A60012384F8353000
:10324000002084F834007AE6012078E6100002407D
:103250002800024008540258002800F0288108B5D0
:10326000024690F83530DBB2022B03D08023436551
:10327000012008BD0368904890498B4218BF8342E3
:103280000CBF0120002065D018318B4262D018316C
:103290008B425FD018318B425CD018318B4259D0B1
:1032A00018318B4256D018318B4253D001F55671EC
:1032B0008B424FD018318B424CD018318B4249D0C1
:1032C00018318B4246D018318B4243D018318B4293
:1032D00040D018318B423DD018318B423AD019681A
:1032E00021F00E0119601368734874498B4218BFAE
:1032F00083426AD072498B4267D018318B4264D0C6
:1033000018318B4261D018318B425ED018318B421C
:103310005BD018318B4258D001F556718B4254D096
:1033200018318B4251D018318B424ED018318B421C
:103330004BD018318B4248D018318B4245D01831D0
:103340008B4242D018318B423FD0196821F00101E5
:1033500019603EE0042182F8351080BB584A934240
:103360002DD0183293422AD01832934227D01832E7
:10337000934224D01832934221D0183293421ED067
:1033800002F5567293421AD01832934217D018326F
:10339000934214D01832934211D0183293420ED077
:1033A000183293420BD01832934208D0183293420D
:1033B00005D01A6822F001021A60002059E71A6845
:1033C00022F001021A60002053E7196821F0010180
:1033D00019601368384839498B4218BF834242D07C
:1033E00018318B423FD018318B423CD018318B4280
:1033F00039D018318B4236D018318B4233D0183146
:103400008B4230D001F556718B422CD018318B4253
:1034100029D018318B4226D018318B4223D0183155
:103420008B4220D018318B421DD018318B421AD0DC
:1034300018318B4217D023498B4214D014318B4260
:1034400011D014318B420ED014318B420BD0143179
:103450008B4208D014318B4205D014318B4202D0FC
:1034600014318B4217D1116E0B6823F480730B60FB
:10347000906DD36D03F01F0101238B404360536EA9
:10348000916E5960D36E33B1196821F4807119605F
:10349000136F516F5960012382F83530002382F891
:1034A0003430136D2BB1104698470020E1E601201F
:1034B00070470020DDE600BF1000024028000240F7
:1034C0004000024008540258F0B583B0044600237F
:1034D00001937D4B1D687D4BA3FB0535AD0A876DC0
:1034E0003E68D7F800C0036879497A48834218BF1C
:1034F0008B420CBF0120002061D0774A93425ED0FE
:10350000183293425BD01832934258D0183293420B
:1035100055D01832934252D0183293424FD002F510
:10352000567293424BD01832934248D0183293428D
:1035300045D01832934242D0183293423FD01832CD
:1035400093423CD01832934239D01832934236D04D
:103550006249634A934218BF8B4212D0614A934238
:103560000FD0143293420CD01432934209D014324B
:10357000934206D01432934203D01432934240F067
:1035800061821A68E16D01F01F010420884010EA91
:103590000C0F00F0A78212F0040F00F0A3827860F5
:1035A00012F4004F00F05A8212F4803F40F0508233
:1035B000A36C002B00F046822046984742E2E26D61
:1035C00002F01F0108228A40324241D070BB424AB9
:1035D00093422BD01832934228D01832934225D0F0
:1035E0001832934222D0183293421FD0183293429D
:1035F0001CD002F55672934218D01832934215D05F
:103600001832934212D0183293420FD0183293429C
:103610000CD01832934209D01832934206D0183297
:10362000934203D01A68C2F3C00202E01A68C2F3E0
:1036300080026AB11A6822F004021A60E36D03F096
:103640001F0208239340BB60636D43F00103636571
:10365000E26D02F01F0226FA02F313F0010F47D0C9
:1036600023681B481B498B4218BF83423CD018314A
:103670008B4239D018318B4236D018318B4233D03F
:1036800018318B4230D018318B422DD018318B42FB
:103690002AD001F556718B4226D018318B4223D0A7
:1036A00018318B4220D018318B421DD018318B42FB
:1036B0001AD018318B4217D018318B4214D01831E0
:1036C0008B4211D01B6813E014000024B5814E1BFF
:1036D00010000240280002404000024008540258F6
:1036E0001C540258305402585B6913F0800F3BD1D0
:1036F000E36D03F01F03042202FA03F333423FD0C9
:103700002268964896498A4218BF824234D01831BE
:103710008A4231D018318A422ED018318A422BD0B9
:1037200018318A4228D018318A4225D018318A426D
:1037300022D001F556718A421ED018318A421BD020
:1037400018318A4218D018318A4215D018318A426D
:1037500012D018318A420FD018318A420CD0183159
:103760008A4209D013680BE001239340BB60636D6C
:1037700043F002036365BBE7126812F0020F3DD10C
:10378000E36D03F01F03102202FA03F333425FD00C
:103790002268724872498A4218BF824234D0183176
:1037A0008A4231D018318A422ED018318A422BD029
:1037B00018318A4228D018318A4225D018318A42DD
:1037C00022D001F556718A421ED018318A421BD090
:1037D00018318A4218D018318A4215D018318A42DD
:1037E00012D018318A420FD018318A420CD01831C9
:1037F0008A4209D01268C2F3800208E0BB60636DA0
:1038000043F004036365BBE71268C2F3C002FAB178
:10381000BB6023681A6812F4802F0DD01B6813F464
:10382000002F04D1236C9BB12046984710E0A36C75
:1038300073B1204698470BE01A6812F4807F03D1D9
:103840001A6822F008021A60236C0BB120469847D0
:10385000E36D03F01F03202202FA03F3334200F06A
:10386000938022683D483E498A4218BF82422ED04A
:1038700018318A422BD018318A4228D018318A4216
:1038800025D018318A4222D018318A421FD01831EF
:103890008A421CD001F556718A4218D018318A42EA
:1038A00015D018318A4212D018318A420FD01831FF
:1038B0008A420CD018318A4209D018318A4206D087
:1038C00018318A4203D01268C2F3400202E0126843
:1038D000C2F30012002A57D0BB6094F83530DBB237
:1038E000042B0ED023681A6812F4802F3AD01B687C
:1038F00013F4002F2DD1636C002B45D02046984740
:1039000042E02268136823F01603136022685369AB
:1039100023F080035361236CBBB12268136823F04A
:1039200008031360E36D03F01F023F239340BB6065
:10393000012384F83530002384F83430236D002BC4
:1039400000F08080204698477CE0A36C002BE4D1F7
:10395000E8E7E36BC3B12046984715E0100002404A
:10396000280002401A6812F4807F09D11A6822F0F8
:1039700010021A60012384F83530002384F83430B3
:10398000E36B0BB120469847636D002B5AD0636DF3
:1039900013F0010F52D0042384F835302368964980
:1039A000964A934218BF8B422FD0183293422CD0A4
:1039B0001832934229D01832934226D018329342BB
:1039C00023D01832934220D0183293421DD002F5F2
:1039D0005672934219D01832934216D0183293423D
:1039E00013D01832934210D0183293420DD01832AF
:1039F00093420AD01832934207D01832934204D02F
:103A00001A6822F001021A6003E01A6822F001022B
:103A10001A60019B01330193AB4204D823681B68F1
:103A200013F0010FF5D123681B6813F0010F0BD0C1
:103A3000032384F83530002384F83430E36C0BB171
:103A40002046984703B0F0BD012384F83530F2E7F3
:103A5000236C002BF6D020469847F3E712F0200F96
:103A60003AD123686449654A934218BF8B422FD0EC
:103A7000183293422CD01832934229D018329342F4
:103A800026D01832934223D01832934220D01832D5
:103A900093421DD002F55672934219D018329342C8
:103AA00016D01832934213D01832934210D01832E5
:103AB00093420DD0183293420AD01832934207D065
:103AC0001832934204D01A6822F004021A6003E00C
:103AD0001A6822F008021A60236C002BB2D020462C
:103AE0009847AFE70220884010EA0C0F60D012F030
:103AF000020F5DD0786012F4004F0ED012F4803FB8
:103B000005D1636C002B9DD0204698479AE7E36B64
:103B1000002B97D02046984794E712F0200F40D111
:103B200023683549354A934218BF8B422FD018324B
:103B300093422CD01832934229D01832934226D087
:103B40001832934223D01832934220D01832934235
:103B50001DD002F55672934219D01832934216D0F6
:103B60001832934213D01832934210D01832934235
:103B70000DD0183293420AD01832934207D018322F
:103B8000934204D01A6822F00A021A6003E01A680D
:103B900022F014021A60012384F83530002384F8DF
:103BA0003430E36B002B3FF44DAF2046984749E794
:103BB000082000FA01F111EA0C0F3FF443AF12F0B4
:103BC000080F3FF43FAF1A6822F00E021A60E36D4F
:103BD00003F01F03012202FA03F37B60626584F89D
:103BE0003520002384F83430E36C002B3FF42AAFF7
:103BF0002046984726E700BF1000024028000240F8
:103C000030B4416B0468D4F884306F4A134043EAFF
:103C10008103C4F884300468D4F8843023F47F032B
:103C2000856B43EA0543C4F88430836B0B44046816
:103C3000D4F88810114041EA8301C4F88810046860
:103C4000D4F8881021F4FE01C56B41EA0541C4F89F
:103C50008810C16B03EB41030468D4F8A010114035
:103C600041EA8301C4F8A0100468D4F8A01021F43C
:103C7000FE01056C41EA0541C4F8A010016C446CDA
:103C800004FB01330468D4F8B010114041EA830109
:103C9000C4F8B0100468D4F8B01021F4FE01856CAB
:103CA00041EA0541C4F8B010816CC46C04FB0133D7
:103CB0000468D4F8AC10114041EA8301C4F8AC1098
:103CC000016D446D04FB01330468D4F8F010114019
:103CD00041EA8301C4F8F0100468D4F8F01021F42C
:103CE0007C11856D41EA0541C4F8F010816D03EB4C
:103CF00041030468D4F8C0100A4042EA8303C4F8C0
:103D0000C0300268D2F8C03023F47C13C16D43EA9E
:103D10000143C2F8C0300268D2F8C03023F07C53AF
:103D2000016E43EA0163C2F8C030436B274A1A446C
:103D30009200C266836B02EB83030367C16B03EBE4
:103D4000C1034367016C446C04FB01F103EB810385
:103D50008367816CC46C04FB01F103EB8103C367CF
:103D6000016D446D04FB01F103EB8103C0F8803069
:103D7000816D03EBC103C0F88430816EC46D01FB1B
:103D800004FC03EB8C03C0F88830046E04FB01F1E3
:103D900003EB8103C0F890300D498B420DD9D0F868
:103DA0009C3043F02003C0F89C30032380F8983007
:103DB000012007E0002342F8043BD0F89030934202
:103DC000F8D8002030BC70470300FFFF002B001024
:103DD000FCD3004070B54C68FCB90D698C68254374
:103DE0000C6845EA84450E6ACC6944EA06648E692B
:103DF00034434E693443CE6844EA0644D0F88460C4
:103E0000806E00FB03F306EB830E46F82350CEF8DA
:103E100004400EF1080E002019E00C698D6825435E
:103E20000C68254345F08045DDE702EB000C9CF86B
:103E300003409CF802301B0443EA04639CF80140F1
:103E400043EA0423145C23434EF8043B0430CB685C
:103E5000024CE35C8342E8D870BD00BF342F0108F8
:103E600030B595B004464C22A04901A8FCF76EFC81
:103E7000002C00F0388123689D4A934220D094F8AA
:103E800098300BB32268936923F010039361FEF717
:103E9000ADFA054623689A6912F0080F1AD0FEF7AA
:103EA000A5FA431B0A2BF5D9D4F89C3043F0010343
:103EB000C4F89C30032384F89830012015B030BD3D
:103EC00003F580736360DAE784F899302046FDF7E4
:103ED00097F9D7E79A6942F001029A61FEF786FAEC
:103EE000054623689A6912F0010F0FD1FEF77EFA9A
:103EF000401B0A28F5D9D4F89C3043F00103C4F8DC
:103F00009C30032384F898300120D7E79A6942F067
:103F100002029A61237C012B40D02268936943F00E
:103F200040039361637C012B3ED02268936923F4A4
:103F300080439361A37C012B3CD02268936943F4B6
:103F4000805393612268936923F44073A1680B4303
:103F500093612268936923F0A40393612268136933
:103F600023F010031361E368012B29D0002B2CD020
:103F7000022B00F09B802268936943F080039361D9
:103F80002268136943F010031361E368032B1CD10B
:103F90002268936943F02003936116E022689369D5
:103FA00023F040039361BDE72268936943F48043A3
:103FB0009361BFE72268936923F480539361C1E75B
:103FC0002268936943F004039361A3695A1EE3696D
:103FD000013B1B0243EA4263226A013A13436269CE
:103FE000013A216843EA0243CB61A368B3F5407FFD
:103FF00062D0236E33B12268D2F8C030616E0B43B9
:10400000C2F8C030E36D226ED3420DD02168D1F8E2
:10401000C83023F00703A26E14A800EB820252F806
:104020004C2C1343C1F8C830236C6BB12168D1F814
:10403000BC3023F00703626C14A800EB820252F834
:104040004C2C1343C1F8BC30A36C73B12168D1F878
:10405000BC3023F07003E26C14A800EB820252F82B
:104060004C2C43EA0213C1F8BC30236D73B12168B4
:10407000D1F8BC3023F4E063626D14A800EB820237
:1040800052F84C2C43EA0223C1F8BC302268184B8A
:104090009A4222D00023C4F89430C4F89C30012303
:1040A00084F898302046FFF7ABFD07E72268936954
:1040B00043F02003936188E7A36A013BE26A013A77
:1040C00043EA0223226B013A43EA0213626A013A8D
:1040D000216843EA0243CB608BE76268936823F070
:1040E00003039360D6E70120E8E600BF802C0108B7
:1040F00000A0004090F89830013BDBB2012B07D9BB
:10410000D0F89C3043F00203C0F89C300120704787
:104110000B68DBB9CB68072B0ED08A68DB0643EA55
:1041200082730A6943EA02434A691343C26E4968CB
:1041300042F82130002070470A69CB691B0243EA2C
:1041400002438A69134343F06053EFE710B4CA682F
:104150000B6943EA4273072A0FD04A698C6842EA26
:104160008472006F496800EBC10C40F83130CCF824
:10417000042000205DF8044B70478A69F1E790F84D
:1041800098C05FFA8CFCBCF1010F07D0D0F89C30CE
:1041900043F00403C0F89C3001207047920042EACB
:1041A000011242EA43030168009A1A43C1F88020D1
:1041B0000020704790F89830DBB2012B07D0D0F880
:1041C0009C3043F00403C0F89C3001207047022368
:1041D00080F898300268936923F00103936100230B
:1041E000C0F89C301846704738B5044690F89830AF
:1041F000DBB2022B2BD10368D3F8C00010F07C5F38
:104200000CD0D3F8C40010F4001F0FD0D4F89C30A9
:1042100043F40073C4F89C3001201FE0D4F89C30B4
:1042200043F02003C4F89C30012017E0D3F8C450B9
:10423000C5F304452B462046FFF7CCFD2268012339
:10424000AB40C2F8D030C4F89430002006E0D0F87B
:104250009C3043F00803C0F89C30012038BD0000BA
:1042600090F898C05FFA8CFCBCF1020F40F0DF8040
:1042700070B540290CD041293DD0046D8C426DD8D9
:10428000D0F89C3043F02003C0F89C300120C1E0FE
:104290000468D4F8A05015F4FE0F0CD0D4F8A45044
:1042A00015F07F0F0FD1D0F89C3043F48073C0F825
:1042B0009C300120AEE0D0F89C3043F02003C0F8E1
:1042C0009C300120A6E0D4F8A46016F0807604D0DB
:1042D000D4F8A050002D0CDB0026D4F8A440C4F381
:1042E00005242644456F446C06FB04F405EB840E5C
:1042F0003BE00126F1E70468D4F8B05015F4FE0F56
:104300000CD0D4F8B45015F07F0F0FD1D0F89C30FA
:1043100043F48073C0F89C3001207BE0D0F89C30DF
:1043200043F02003C0F89C30012073E0D4F8B4605F
:1043300016F0807604D0D4F8B050002D0CDB0026A7
:10434000D4F8B440C4F305242644856FC46C06FB3E
:1043500004F405EB840E08E00126F1E7C56F446D17
:1043600001FB04F405EB840E0026DEF8004004F0A7
:104370008044546064BBDEF80040C4F38A44146097
:10438000DEF8004004F000549460DEF8004004F0D1
:1043900000441461BEF80440D461BEF8064004F045
:1043A0000F04D460DEF8044004F480145461DEF895
:1043B000044004F4001494619EF8074004F07F0464
:1043C0001462DEF80440E40F54624FF0000C0CE07D
:1043D000DEF8004024F060441460D1E70EEB0C04DA
:1043E000247A03F80C400CF1010CD468144D2C5DB8
:1043F0006445F3D8402909D041290CD01F290ED893
:10440000026801238B40C2F8983002E00368C3F8C9
:10441000A860002070BD0368C3F8B860F9E701F038
:104420001F01026801238B40C2F89C30F1E7D0F8ED
:104430009C3043F00803C0F89C300120704700BF57
:10444000342F010890F89830013BDBB2012B07D9DB
:10445000D0F89C3043F00203C0F89C300120704734
:1044600010B403689C6D0C4224D1DC6D44F001044F
:10447000DC6511F4007F05D00468D4F8E030134304
:10448000C4F8E03011F4806F05D00468D4F8E4304B
:104490001343C4F8E4300068436D0C4A0A401343E8
:1044A00043650B4A536943EA9173536100205DF8F9
:1044B000044B70479C6D31EA040402D00324DC6590
:1044C000D7E7DC6D44F00204DC65D2E7FFFFCF3FA5
:1044D00000A80040704770477047704770477047AA
:1044E0007047704770477047704770477047704714
:1044F000704770472DE9F04F83B00446904B1A691E
:104500005B69134001939B07009303681A6D02F4E3
:10451000704A5A6D0AEA020A1A6D02F00F095A6DC2
:1045200009EA02091A6D02F0F0085A6D08EA020859
:104530001E6D06F071565A6D16401F6D07F06077BC
:104540005A6D17405D6DD3F850B015F4807F02D0DE
:104550001BF4807F64D115F4806F02D01BF4806F50
:1045600067D1009B002B74D1BAF1000F7ED1B9F155
:10457000000F40F08780B8F1000F40F08F8015F4F5
:10458000006F03D01BF4006F40F0948015F4007F9F
:1045900003D01BF4007F40F0988015F4002F03D067
:1045A0001BF4002F40F0A18015F4803F03D01BF4D2
:1045B000803F40F0A58015F4802F03D01BF4802F9E
:1045C00040F0A98015F4003F0FD01BF4003F0CD041
:1045D00023684FF400321A65594B00221A61D4F84F
:1045E0009C3043F08003C4F89C30002F40F09E8044
:1045F0004EB123681E65B20F514B1A61D4F89C303E
:104600003343C4F89C3022684E4B9A4200F09C80A1
:10461000D4F89C30002B40F0F98003B0BDE8F08F57
:104620004FF480721A65464B00221A61FFF75BFF58
:1046300091E72368D3F8DC10D3F8E4204FF48060CE
:1046400018653F4B0020186111402046FFF747FFD7
:1046500087E7236800221A65019B03F00303384AA9
:10466000136100992046FFF735FF7DE72368C3F803
:1046700050A04FEA9A72324B1A6151462046FFF71A
:104680002AFF74E72368C3F850904FEA99722C4BC5
:104690001A614946204606F0D1FC6CE72368C3F84E
:1046A00050804FEA9872264B1A6141462046FFF728
:1046B00013FF64E723684FF400621A65204B002261
:1046C0001A612046FFF709FF60E72368D3F8D81086
:1046D000D3F8E0204FF400701865194B00201861E2
:1046E00011402046FFF7FAFE57E723684FF40022F7
:1046F0001A65134B00221A612046FFF7F1FE53E7BB
:1047000023684FF480321A650D4B00221A6120464F
:10471000FFF7E7FE4FE723684FF480221A65084B46
:1047200000221A612046FFF7DDFE4BE723681F6574
:10473000BA0F034B1A6139462046FFF7D6FE57E7FA
:1047400000A8004000A0004063689A6812F0030FC0
:104750003FF45EAF196A01F00F015A6A186A00F05F
:104760003008586A08EA00081F6A07F4C077586AD8
:1047700007401E6A06F4FC46586A06401D6A05F4A6
:10478000F025586A0540D3F82490D3F820A01140B2
:104790001CD1B8F1000F1ED119F0400F02D01AF051
:1047A000400F20D15FBB36B163681E62D4F89C30E5
:1047B0003343C4F89C30002D3FF42AAF63681D6278
:1047C000D4F89C302B43C4F89C3021E71962204672
:1047D000FFF78CFEDDE76368C3F820804146204682
:1047E000FFF785FED8E76368D96BDA6B4020186263
:1047F00002F03F02090C2046FFF77AFED2E7636819
:104800001F6239462046FFF774FECCE72046FFF7CB
:104810006BFE02E7F0B583B000236BE085685E00B5
:104820000324B44025EA0405CC68B4402C438460DA
:10483000456825EA0C054C68C4F300149C402C43E1
:10484000446069E0DD08083550F8254003F0070CA6
:104850004FEA8C0C4FF00F0E0EFA0CFE24EA0E0EEF
:104860000C6904FA0CF444EA0E0440F825406BE0AD
:10487000092400E0002404FA0EF42C430CF1020C8D
:10488000664D45F82C404FF0B0442568D44325EAE6
:1048900002064F6817F4801F01D042EA05064FF068
:1048A000B0452E606D6804EA05064F6817F4001FD6
:1048B00001D042EA05064FF0B0456E60D5F884504D
:1048C00004EA05064F6817F4003F01D042EA0506E6
:1048D0004FF0B045C5F88460D5F880502C404E6844
:1048E00016F4803F01D042EA05044FF0B042C2F80E
:1048F000804001330A6832FA03F400F08C804FF0F4
:10490000010C0CFA03FC1CEA0202F2D04C6804F021
:104910000304013C012C81D94C6804F00304032CEE
:104920000CD0C4685D004FF0030C0CFA05FC24EABF
:104930000C0C8C68AC4044EA0C04C4604C6804F075
:104940000304022C3FF47EAF04684FEA430E4FF09D
:10495000030C0CFA0EFC24EA0C0C4C6804F0030463
:1049600004FA0EF444EA0C0404604C6814F4403F6A
:10497000BFD02B4CD4F8F45045F00205C4F8F450E5
:10498000D4F8F44004F002040194019C4FEA930C23
:104990000CF10205214C54F8255003F0030E4FEAA8
:1049A0008E0E0F2404FA0EF425EA04051D4CA042D5
:1049B0003FF460AF04F58064A0421ED004F580642B
:1049C000A0421CD004F58064A0421AD004F5806493
:1049D000A04218D004F58064A04216D004F580648B
:1049E000A04214D004F58064A04212D004F5006403
:1049F000A0423FF43DAF0A243DE701243BE70224F7
:104A000039E7032437E7042435E7052433E7062490
:104A100031E707242FE703B0F0BD00BF00040058C2
:104A200000440258000002580AB18161704709042D
:104A300081617047134BDB6813F0040F07D1114BF2
:104A4000DB6803F0070383421AD00120704710B5DA
:104A50000C4AD36823F007030343D360FDF7C6FC79
:104A60000446084B5B6813F4005F07D1FDF7BEFCFA
:104A7000001BB0F57A7FF4D9012000E0002010BDC2
:104A80000020704700480258002800F0D58238B551
:104A90000446036813F0010F25D0A04A136903F000
:104AA0003803926A102B15D0182B0FD06368B3F51A
:104AB000803F3FD0002B53D1984B1A6822F48032AC
:104AC0001A601A6822F480221A6038E002F00302A9
:104AD000022AEBD1914B1B6813F4003F03D06368AB
:104AE000002B00F0AB82236813F0020F00F08880E7
:104AF0008A4A1369926A13F038035AD0182B55D09A
:104B0000E368002B00F0A98084490A6822F01902AA
:104B100013430B60FDF76AFC0546804B1B6813F0DE
:104B2000040F40F09180FDF761FC401B0228F4D98E
:104B300003208AE2794A136843F480331360636880
:104B40002BB3FDF753FC0546744B1B6813F4003F71
:104B5000C9D1FDF74BFC401B6428F5D9032074E252
:104B6000B3F5A02F09D06D4B1A6822F480321A6079
:104B70001A6822F480221A60E1E7684B1A6842F44E
:104B800080221A601A6842F480321A60D7E7FDF773
:104B90002DFC0546614B1B6813F4003FA3D0FDF7C5
:104BA00025FC401B6428F5D903204EE212F0030FC8
:104BB000A6D15A4B1B6813F0040F03D0E368002BF7
:104BC00000F03E82554A136823F01903E1680B4355
:104BD0001360FDF70BFC0546504B1B6813F0040FE8
:104BE00006D1FDF703FC401B0228F5D903202CE277
:104BF0004A4A536823F0FE43216943EA0163536044
:104C0000236813F0100F51D0444A136903F038039E
:104C1000926A082B39D0182B33D0E369002B69D066
:104C20003E4A136843F080031360FDF7DFFB05463F
:104C30003A4B1B6813F4807F53D1FDF7D7FB401B21
:104C40000228F5D9032000E2344A536823F0FE43DA
:104C5000216943EA01635360D2E7304A136823F0C5
:104C600001031360FDF7C2FB05462C4B1B6813F0D4
:104C7000040FC5D0FDF7BAFB401B0228F5D903206D
:104C8000E3E102F00302012AC7D1244B1B6813F4AD
:104C9000807F03D0E369802B40F0D4811F4AD36822
:104CA00023F07C53216A43EA0163D360236813F045
:104CB000080F49D06369002B32D0184A536F43F074
:104CC00001035367FDF792FB0546144B5B6F13F02E
:104CD000020F39D1FDF78AFB401B0228F5D90320CA
:104CE000B3E10E4AD36823F07C53216A43EA01639F
:104CF000D360DBE7094A136823F080031360FDF7F4
:104D000075FB0546054B1B6813F4807FCED0FDF77D
:104D10006DFB401B0228F5D9032096E100440258A0
:104D20009D4A536F23F001035367FDF75FFB054670
:104D3000994B5B6F13F0020F06D0FDF757FB401B3A
:104D40000228F5D9032080E1236813F0200F29D031
:104D5000A3699BB1904A136843F480531360FDF735
:104D600045FB05468C4B1B6813F4005F1AD1FDF719
:104D70003DFB401B0228F5D9032066E1864A1368F3
:104D800023F480531360FDF731FB0546824B1B680B
:104D900013F4005F06D0FDF729FB401B0228F5D96C
:104DA000032052E1236813F0040F21D1636A002B22
:104DB00000F04A81784A126902F03802182A00F09D
:104DC000F180022B75D0744A136823F0807313604E
:104DD000FDF70CFB0446704B1B6813F0007F00F0DE
:104DE000D880FDF703FB001B0228F4D903202CE137
:104DF0006A4A136843F480731360FDF7F7FA0546B7
:104E0000664B1B6813F4807F06D1FDF7EFFA401B59
:104E10006428F5D9032018E1A368012B0AD00BBB45
:104E20005D4B1A6F22F001021A671A6F22F004021A
:104E30001A6704E0584A136F43F001031367A3682D
:104E400033B3FDF7D3FA0546534B1B6F13F0020F34
:104E5000ACD1FDF7CBFA401B41F288339842F3D92D
:104E60000320F2E0052B09D04B4B1A6F22F0010210
:104E70001A671A6F22F004021A67E0E7464B1A6FAE
:104E800042F004021A671A6F42F001021A67D6E76D
:104E9000FDF7ACFA0546404B1B6F13F0020F85D0AF
:104EA000FDF7A4FA401B41F288339842F3D903205E
:104EB000CBE0394A136823F080731360FDF796FA4C
:104EC0000546354B1B6813F0007F06D0FDF78EFAC0
:104ED000401B0228F5D90320B7E02F4B996A304ACE
:104EE0000A40A16AE06A41EA00110A439A62226B11
:104EF000013AC2F30802616B0139490289B20A43DF
:104F0000A16B0139090401F4FE010A43E16B013987
:104F1000090601F0FE410A431A63DA6A22F001022F
:104F2000DA625A6B6FF3CF02A16C42EAC1025A6394
:104F3000DA6A22F00C02216C0A43DA62DA6A22F0A1
:104F40000202616C0A43DA62DA6A42F48032DA629F
:104F5000DA6A42F40032DA62DA6A42F48022DA6211
:104F6000DA6A42F00102DA621A6842F080721A606C
:104F7000FDF73CFA0446084B1B6813F0007F06D18E
:104F8000FDF734FA001B0228F5D903205DE000206C
:104F90005BE0002059E000BF00440258004802587E
:104FA0000CFCFFFF30498A6A086B012B4ED002F0DF
:104FB0000303A16A8B424BD1C2F30512E36A9A4202
:104FC00048D1C0F30802236B013B9A4244D1C0F39D
:104FD0004622636B013B9A4240D1C0F30642A36B69
:104FE000013B9A423CD1C0F30660E36B013B98421F
:104FF00038D11D4B5B6BC3F3CC03A26C9A4201D139
:10500000002022E0184AD36A23F00103D362FDF79F
:10501000EDF90546FDF7EAF9A842FBD0124A536BB9
:105020006FF3CF03A16C43EAC1035363D36A43F028
:105030000103D362002008E001207047012004E052
:10504000012002E0012000E0002038BD0120FCE743
:105050000120FAE70120F8E70120F6E70120F4E754
:105060000120F2E70120F0E700440258754B1B696C
:1050700003F03803102B00F0DE80182B0FD0002B2C
:1050800040F0DB806F4B1B6813F0200F00F0D780DF
:105090006C4B1B68C3F3C1036B48D840704710B416
:1050A000684B9A6A02F003029C6AC4F30510D96A3D
:1050B00001F001015B6BC3F3CC0301FB03F307EECB
:1050C000903AF8EE677A14F47C7F77D0012A4AD0C0
:1050D000022A76D0002A40F091805A4B1B6813F0C8
:1050E000200F23D057490A68C2F3C102564BD34060
:1050F00007EE103AF8EE476A07EE100AB8EE476A74
:1051000086EE867A0B6BC3F3080306EE903AF8EE50
:10511000666A9FED4E6A67EE867A76EEA77AF7EEBC
:10512000006A77EEA67A27EE277A38E007EE100AB3
:10513000F8EE476A9FED466A86EE267A414B1B6B76
:10514000C3F3080306EE903AF8EE666A9FED3F6AF5
:1051500067EE867A76EEA77AF7EE006A77EEA67AA1
:1051600027EE277A1BE007EE100AF8EE476A9FED5C
:10517000396A86EE267A334B1B6BC3F3080306EEBF
:10518000903AF8EE666A9FED316A67EE867A76EEBF
:10519000A77AF7EE006A77EEA67A27EE277A294BF0
:1051A0001B6BC3F34623013307EE903AF8EE677AA0
:1051B000C7EE276AFCEEE67A17EE900A5DF8044B1C
:1051C000704707EE100AF8EE476A9FED236A86EEF5
:1051D000267A1C4B1B6BC3F3080306EE903AF8EEDD
:1051E000666A9FED1A6A67EE867A76EEA77AF7EE20
:1051F000006A77EEA67A27EE277AD0E707EE100A44
:10520000F8EE476A9FED136A86EE267A0D4B1B6B0C
:10521000C3F3080306EE903AF8EE666A9FED0B6A58
:1052200067EE867A76EEA77AF7EE006A77EEA67AD0
:1052300027EE277AB3E709487047094870470248C4
:10524000704700BF004402580090D00300000039AE
:105250000024744C0024744A001BB74B00366E01C6
:1052600000093D00002800F0328170B50D4604466B
:105270009B4B1B6803F00F038B420BD2984A1368B9
:1052800023F00F030B431360136803F00F038B42EB
:1052900040F01F81236813F0040F0CD02269914B5A
:1052A0009B6903F070039A4205D98E498B6923F0FC
:1052B00070031A438A61236813F0080F0CD06269E7
:1052C000884BDB6903F070039A4205D98549CB69A5
:1052D00023F070031A43CA61236813F0100F0CD037
:1052E000A269804BDB6903F4E0639A4205D97D49EA
:1052F000CB6923F4E0631A43CA61236813F0200FDB
:105300000CD0E269774B1B6A03F070039A4205D90F
:1053100074490B6A23F070031A430A62236813F07E
:10532000020F0CD0E2686F4B9B6903F00F039A42A7
:1053300005D96C498B6923F00F031A438A612368EE
:1053400013F0010F41D0674A936923F47063A16899
:105350000B4393616368022B0AD0032B27D0012BE8
:105360002CD0604A126812F0040F06D10120ADE083
:10537000126812F4003F00F0AE805A490A6922F028
:10538000070213430B61FDF731F80646554B1B69C5
:1053900003F038036268B3EBC20F16D0FDF726F8AE
:1053A000801B41F288339842F0D903208EE04D4AA9
:1053B000126812F0007FE0D1012087E0494A1268AC
:1053C00012F4807FD9D1012080E0236813F0020F0E
:1053D0000CD0E268434B9B6903F00F039A4205D25D
:1053E00040498B6923F00F031A438A613C4B1B68C9
:1053F00003F00F03AB420AD9394A136823F00F03B5
:105400002B431360136803F00F03AB4265D123688D
:1054100013F0040F0CD02269324B9B6903F0700328
:105420009A4205D22F498B6923F070031A438A618F
:10543000236813F0080F0CD062692A4BDB6903F074
:1054400070039A4205D22749CB6923F070031A43AF
:10545000CA61236813F0100F0CD0A269214BDB69DD
:1054600003F4E0639A4205D21E49CB6923F4E0635A
:105470001A43CA61236813F0200F0CD0E269194B5C
:105480001B6A03F070039A4205D216490B6A23F097
:1054900070031A430A62FFF7E9FD12498B69C3F3EF
:1054A0000323114AD35C03F01F03D8408B6903F038
:1054B0000F03D35C03F01F0320FA03F30B4A1360BE
:1054C0000B4B18600B4B1868FCF73AFB70BD0120C2
:1054D00070470120FAE70120F8E70120F6E700BF56
:1054E00000200052004402581C2F01081000002424
:1054F000140000241C00002408B5FFF7B7FD0B4A78
:105500009369C3F303230A49CB5C03F01F0320FA1A
:1055100003F3926902F00F02885C00F01F0023FA87
:1055200000F0044A1060044A136008BD00440258A9
:105530001C2F0108100000241400002408B5FFF7F8
:10554000DBFF054BDB69C3F30213044AD35C03F0B2
:105550001F03D84008BD00BF004402581C2F01089B
:1055600008B5FFF7C9FF054BDB69C3F30223044A03
:10557000D35C03F01F03D84008BD00BF00440258AD
:105580001C2F01083F230360114B1A6902F0070228
:1055900042609A6902F4706282609A6902F00F02B6
:1055A000C2609A6902F070020261DA6902F0700268
:1055B0004261DA6902F4E06282611B6A03F07003FF
:1055C000C361044B1B6803F00F030B60704700BFFF
:1055D0000044025800200052404B9B6A03F0030332
:1055E000032B79D070B505460E463C4A136823F06C
:1055F00080631360FCF7FAFE0446384B1B6813F017
:10560000006F06D0FCF7F2FE031B022BF5D9032036
:1056100070BD324B9A6A22F47C32296842EA013228
:105620009A626A68013AC2F30802A968013949021C
:1056300089B20A43E9680139090401F4FE010A4309
:1056400029690139090601F0FE410A439A63DA6AC1
:1056500022F0C00269690A43DA62DA6A22F02002A3
:10566000A9690A43DA62DA6A22F01002DA62DA6BB6
:105670006FF3CF02E96942EAC102DA63DA6A42F003
:105680001002DA62C6B91A46DB6A43F40023D36219
:10569000124A136843F080631360FCF7A7FE0446C8
:1056A0000E4B1B6813F0006F14D1FCF79FFE001B1C
:1056B0000228F5D90320ABE7012E05D0074AD36AAB
:1056C00043F40013D362E3E7044AD36A43F480133C
:1056D000D362DDE700209BE70120704700440258B9
:1056E000404B9B6A03F00303032B79D070B505464A
:1056F0000E463C4A136823F080531360FCF776FE95
:105700000446384B1B6813F0005F06D0FCF76EFEB2
:10571000031B022BF5D9032070BD324B9A6A22F08D
:105720007C72296842EA01529A626A68013AC2F3BD
:105730000802A9680139490289B20A43E9680139B6
:10574000090401F4FE010A4329690139090601F03F
:10575000FE410A431A64DA6A22F4406269690A4324
:10576000DA62DA6A22F40072A9690A43DA62DA6A52
:1057700022F48072DA625A6C6FF3CF02E96942EA6E
:10578000C1025A64DA6A42F48072DA62C6B91A4611
:10579000DB6A43F48003D362124A136843F08053F8
:1057A0001360FCF723FE04460E4B1B6813F0005FEA
:1057B00014D1FCF71BFE001B0228F5D90320ABE730
:1057C000012E05D0074AD36A43F08073D362E3E722
:1057D000044AD36A43F40003D362DDE700209BE769
:1057E0000120704700440258F8B50446036813F0DE
:1057F000006F2FD0436EB3F5001F25D015D8E3B14D
:10580000B3F5801F0ED102210830FFF7E5FE0546F3
:1058100075BB934A136D23F44013616E0B431365FC
:10582000002619E00126354616E0B3F5401F01D1E8
:105830000025EEE7012635460EE0894AD36A43F497
:105840000033D3620025E4E702212830FFF748FF48
:105850000546DDE700263546236813F4807F29D00E
:10586000A36D042B22D8DFE803F005131A0A0A00FF
:105870002E46F1E77A4AD36A43F40033D362C5B9BE
:10588000774A136D23F00703A16D0B43136511E0F5
:10589000002104F10800FFF79FFE0546EFE7002115
:1058A00004F12800FFF71CFF0546E8E7012635460E
:1058B00000E02E46236813F4806F2DD0D4F8A43076
:1058C000B3F5800F3DD00DD8C3B1B3F5001F06D19D
:1058D000002104F10800FFF77FFE054613E00126D2
:1058E000354619E0B3F5000F0DD0B3F5200F0AD0FF
:1058F000B3F5C00F07D0012635460DE0584AD36AEC
:1059000043F40033D3621DBB554A936D23F4600307
:10591000D4F8A4100B439365236813F4006F37D0B9
:10592000D4F8A830B3F1007F5ED016D80BB3B3F132
:10593000807F0FD1002104F10800FFF74DFE0546DE
:105940001CE0002104F12800FFF7CAFE0546DAE753
:105950002E46E1E7012635461AE0B3F1806F0DD0FF
:10596000B3F1A06F0AD0B3F1407F07D001263546CE
:105970000EE03B4AD36A43F40033D362002D3AD1A0
:10598000374A936D23F0E063D4F8A8100B43936576
:10599000236813F0007F13D0E36C202B35D02FD871
:1059A00033B1102B29D12E4AD36A43F40033D3628A
:1059B00095BB2B4AD36C23F03003E16C0B43D364CB
:1059C000236813F4805F4ED0E36DB3F5005F3FD0E2
:1059D00027D87BB3B3F5805F20D1002104F1080004
:1059E000FFF7FAFD05462AE0002104F12800FFF741
:1059F00077FE0546C2E72E46CAE701263546DFE7B1
:105A0000302BD5D001263546DAE7022104F1080013
:105A1000FFF7E2FD0546CBE72E46D1E701263546E6
:105A200021E0B3F5405F0AD0B3F5804F07D00126DF
:105A3000354618E00A4AD36A43F40033D3628DB97D
:105A4000074A136D23F4E043E16D0B4313650AE04D
:105A5000002104F12800FFF743FE0546EFE700BFF1
:105A6000004402582E46236813F4005F17D0236EBB
:105A7000B3F5003F4FD042D843B1B3F5803F3BD19F
:105A8000012104F10800FFF7A7FD0546002D49D1CB
:105A9000924A136D23F4E023216E0B4313652368B0
:105AA00013F4804F19D0D4F8AC30B3F1005F4AD072
:105AB0003DD843B1B3F1805F36D1012104F1080034
:105AC000FFF78AFD0546002D44D1844A936D23F0EB
:105AD000E043D4F8AC100B439365236813F4004FF4
:105AE00047D0E36EB3F1805F36D0B3F1005F4BD0A7
:105AF000BBB3012635463CE001263546CFE7B3F57A
:105B0000802FC3D0B3F5A02FC0D0B3F5403FBDD098
:105B100001263546C3E7012104F12800FFF7E0FD27
:105B20000546B3E72E46BAE701263546D5E7B3F179
:105B3000804FC8D0B3F1A04FC5D0B3F1405FC2D001
:105B400001263546C9E7012104F12800FFF7C8FD09
:105B50000546B8E72E46C0E7604AD36A43F40033EF
:105B6000D362C5B95D4A136D23F04053E16E0B4318
:105B70001365236813F0807F1CD0A36C032B44D8DB
:105B8000DFE803F0100B3C10012104F10800FFF7DF
:105B900023FD0546E5E72E46EBE7504AD36A43F47A
:105BA0000033D362A5BB4D4AD36C23F00303A16C31
:105BB0000B43D364236813F4800F2BD1236813F0B5
:105BC000010F00F0A980A36F282B00F2A380DFE86B
:105BD00003F091A1A1A1A1A1A1A18BA1A1A1A1A12A
:105BE000A1A19AA1A1A1A1A1A1A191A1A1A1A1A1BC
:105BF000A1A191A1A1A1A1A1A1A19100022104F1C2
:105C00000800FFF7E9FC0546CCE701263546D1E759
:105C10002E46CFE7324A136843F480731360FCF7D3
:105C2000E5FB07462E4B1B6813F4807F05D1FCF77C
:105C3000DDFBC01B6428F5D90325002D4AD1274B75
:105C40001B6FD4F8B020534013F4407F0CD0234B8B
:105C50001A6F22F44072196F41F480311967196F7D
:105C600021F4803119671A67D4F8B030B3F5807F1A
:105C700015D08DBBD4F8B03003F44072B2F5407F3C
:105C80001ED0164A136923F47C53136113490B6F1A
:105C9000D4F8B020C2F30B0213430B678EE7FCF776
:105CA000A5FB07460D4B1B6F13F0020FE1D1FCF76C
:105CB0009DFBC01B41F288339842F3D90325D8E7F6
:105CC0000648026922F47C52064901EA1313134381
:105CD0000361DBE72E4671E72E466FE7004402586A
:105CE00000480258CFFFFF00012104F10800FFF730
:105CF00073FC0546E5B9B14A536D23F03803A16F33
:105D00000B43536508E0012104F12800FFF7E8FC8C
:105D10000546EFE701263546236813F0020F17D03A
:105D2000636F052B29D8DFE803F00B05210B0B0B64
:105D30002E46F1E7012104F10800FFF74DFC05466E
:105D4000F5B99E4A536D23F00703616F0B4353650A
:105D5000236813F0040F26D0D4F89030052B00F2FE
:105D6000D680DFE803F0150FCD151515012104F1DC
:105D70002800FFF7B5FC0546E2E701263546E7E7D0
:105D80002E46E5E7012104F10800FFF725FC054652
:105D9000002D40F0BF80894A936D23F00703D4F8AB
:105DA00090100B439365236813F0200F1DD0D4F897
:105DB0008C30B3F1005F00F0C18000F2B0804BB1D5
:105DC000B3F1805F40F0A880002104F10800FFF7E4
:105DD00003FC0546002D40F0B880784A536D23F04F
:105DE000E043D4F88C100B435365236813F0400F45
:105DF0001DD0D4F89830B3F5006F00F0BA8000F2EF
:105E0000A9804BB1B3F5806F40F0A180002104F16F
:105E10000800FFF7E1FB0546002D40F0B180674A1E
:105E2000936D23F4E053D4F898100B4393652368E3
:105E300013F0800F1DD0D4F89C30B3F5804F00F0E4
:105E4000B38000F2A2804BB1B3F5005F40F09A80BE
:105E5000002104F10800FFF7BFFB0546002D40F0CC
:105E6000AA80564A936D23F46043D4F89C100B43E8
:105E70009365236813F0080F0DD0D4F88030B3F584
:105E8000805F00F09D804D4A536D23F44053D4F859
:105E900080100B435365236813F0100F0DD0D4F816
:105EA0009430B3F5807F00F09580444A936D23F4DD
:105EB0004073D4F894100B439365236813F4002FB8
:105EC00000F09D80D4F8A030B3F5803F00F08C80C6
:105ED000B3F5003F08D0002B40F08D80002104F185
:105EE0000800FFF779FB0546002D40F08780334A14
:105EF000936D23F44033D4F8A0100B4393657EE0F8
:105F0000012104F12800FFF7EBFB054640E70126DD
:105F1000354648E72E4646E70126354665E7B3F1A4
:105F2000804F3FF457AFB3F1A04F3FF453AFB3F1FD
:105F3000405F3FF44FAF0126354656E7022104F19A
:105F40002800FFF7CDFB054644E72E464DE7012626
:105F500035466CE7B3F5805F3FF45EAFB3F5A05F05
:105F60003FF45AAFB3F5406F3FF456AF01263546C4
:105F70005DE7022104F12800FFF7B2FB05464BE77D
:105F80002E4654E70126354673E7B3F5004F3FF43C
:105F900065AFB3F5204F3FF461AFB3F5C04F3FF4A9
:105FA0005DAF0126354664E7022104F12800FFF7C2
:105FB00097FB054652E72E465BE700BF00440258B8
:105FC000022104F12800FFF78BFB00283FF45BAFB0
:105FD000012658E7022104F12800FFF781FB002881
:105FE0003FF463AF012660E7022104F12800FFF7C8
:105FF00077FB054678E70126354600E02E46236804
:1060000013F4802F24D0D4F88430B3F5001F14D0BB
:10601000B3F5401F07D0B3F5801F15D17C4AD36A72
:1060200043F40033D36295B9794A536D23F4401396
:10603000D4F884100B4353650AE0012104F12800D1
:10604000FFF74EFB0546EEE70126354600E02E46FB
:10605000236813F4803F06D0236DCBB1B3F5803FA6
:1060600024D001263546236813F0005F27D123682A
:1060700013F4003F3DD0E36FB3F5807F2BD027D9D9
:10608000B3F5007F2CD0B3F5407F29D0012630E056
:106090005F4AD36A43F40033D36275B95C4AD36C68
:1060A00023F48033216D0B43D364DCE7022104F138
:1060B0000800FFF791FA0546EFE72E46D3E70221E5
:1060C00004F12800FFF70CFB0028D0D00126CEE712
:1060D00033B101260DE04E4AD36A43F40033D36254
:1060E000002D5CD14A4A536D23F44073E16F0B439A
:1060F0005365236813F4801F06D0454A136D23F0BF
:106100000043216F0B431365236813F4001F06D06F
:106110003F4A136D23F08073A16E0B431365236810
:1061200013F0804F09D03A4B1A6922F400421A61E9
:106130001A69D4F8B4100A431A612368002B06DAEE
:10614000334AD36C23F04053616D0B43D36423680F
:1061500013F4000F07D02E4A536D23F44003D4F8F4
:1061600088100B435365636813F0010F19D16368FE
:1061700013F0020F1ED1636813F0040F23D163687C
:1061800013F0080F28D1636813F0100F2DD1636846
:1061900013F0200F32D106B101263046F8BD2E464D
:1061A000A7E7002104F10800FFF716FA0028DED067
:1061B0000646DCE7012104F10800FFF70DFA00288C
:1061C000D9D00646D7E7022104F10800FFF704FA08
:1061D0000028D4D00646D2E7002104F12800FFF7BA
:1061E0007FFA0028CFD00646CDE7012104F1280030
:1061F000FFF776FA0028CAD00646C8E7022104F164
:106200002800FFF76DFA0028C5D00126C5E700BFBA
:106210000044025808B5FFF76FF9054B1B6AC3F33A
:106220000213044AD35C03F01F03D84008BD00BF2B
:10623000004402581C2F010810B4794B9A6A9C6ADA
:10624000C4F3053CD96AC1F30011DB6BC3F3CC0383
:1062500001FB03F314F47C3F00F0DD8002F0030245
:1062600007EE903AF8EE677A012A4BD0022A00F046
:106270009880002A40F0B280694B1B6813F0200F11
:1062800023D067490A68C2F3C102664BD34007EEC8
:10629000103AF8EE476A07EE10CAB8EE476A86EE83
:1062A000867A8B6BC3F3080306EE903AF8EE666AC3
:1062B0009FED5D6A67EE867A76EEA77AF7EE006A62
:1062C00077EEA67A27EE277A38E007EE10CAF8EEC6
:1062D000476A9FED566A86EE267A514B9B6BC3F355
:1062E000080306EE903AF8EE666A9FED4F6A67EE95
:1062F000867A76EEA77AF7EE006A77EEA67A27EE30
:10630000277A1BE007EE10CAF8EE476A9FED486A4D
:1063100086EE267A424B9B6BC3F3080306EE903A57
:10632000F8EE666A9FED406A67EE867A76EEA77AA7
:10633000F7EE006A77EEA67A27EE277A384A936B53
:10634000C3F3462307EE903AF8EE677AF7EE006A59
:1063500077EEA67A87EE276ABCEEC66A80ED006A01
:10636000936BC3F3064307EE903AF8EE677A77EE45
:10637000A67A87EE276ABCEEC66A80ED016A936B47
:10638000C3F3066307EE903AF8EE677A77EEA67AE3
:10639000C7EE276AFCEEE66AC0ED026A5DF8044BC0
:1063A000704707EE10CAF8EE476A9FED226A86EE44
:1063B000267A1B4B9B6BC3F3080306EE903AF8EE6C
:1063C000666A9FED196A67EE867A76EEA77AF7EE2F
:1063D000006A77EEA67A27EE277AAFE707EE10CAB3
:1063E000F8EE476A9FED126A86EE267A0C4B9B6B9D
:1063F000C3F3080306EE903AF8EE666A9FED0A6A68
:1064000067EE867A76EEA77AF7EE006A77EEA67ADE
:1064100027EE277A92E70023036043608360BDE79D
:10642000004402580090D003000000390024744C4E
:106430000024744A001BB74B10B4794B9A6A9C6ACB
:10644000C4F3055CD96AC1F300215B6CC3F3CC03D0
:1064500001FB03F314F07C7F00F0DD8002F0030207
:1064600007EE903AF8EE677A012A4BD0022A00F044
:106470009880002A40F0B280694B1B6813F0200F0F
:1064800023D067490A68C2F3C102664BD34007EEC6
:10649000103AF8EE476A07EE10CAB8EE476A86EE81
:1064A000867A0B6CC3F3080306EE903AF8EE666A40
:1064B0009FED5D6A67EE867A76EEA77AF7EE006A60
:1064C00077EEA67A27EE277A38E007EE10CAF8EEC4
:1064D000476A9FED566A86EE267A514B1B6CC3F3D2
:1064E000080306EE903AF8EE666A9FED4F6A67EE93
:1064F000867A76EEA77AF7EE006A77EEA67A27EE2E
:10650000277A1BE007EE10CAF8EE476A9FED486A4B
:1065100086EE267A424B1B6CC3F3080306EE903AD4
:10652000F8EE666A9FED406A67EE867A76EEA77AA5
:10653000F7EE006A77EEA67A27EE277A384A136CD0
:10654000C3F3462307EE903AF8EE677AF7EE006A57
:1065500077EEA67A87EE276ABCEEC66A80ED006AFF
:10656000136CC3F3064307EE903AF8EE677A77EEC2
:10657000A67A87EE276ABCEEC66A80ED016A136CC4
:10658000C3F3066307EE903AF8EE677A77EEA67AE1
:10659000C7EE276AFCEEE66AC0ED026A5DF8044BBE
:1065A000704707EE10CAF8EE476A9FED226A86EE42
:1065B000267A1B4B1B6CC3F3080306EE903AF8EEE9
:1065C000666A9FED196A67EE867A76EEA77AF7EE2D
:1065D000006A77EEA67A27EE277AAFE707EE10CAB1
:1065E000F8EE476A9FED126A86EE267A0C4B1B6C1A
:1065F000C3F3080306EE903AF8EE666A9FED0A6A66
:1066000067EE867A76EEA77AF7EE006A77EEA67ADC
:1066100027EE277A92E70023036043608360BDE79B
:10662000004402580090D003000000390024744C4C
:106630000024744A001BB74B10B402685369916977
:1066400041F00801916101688A6942F010028A6193
:1066500001680A6822F001020A6001680C69294A8F
:1066600022400A6101688A6822F440428A6090F8F8
:106670008120D2B2042A0DD013F0200F0AD0D0F816
:10668000842042F08002C0F8842001688A6942F0C8
:1066900020028A6190F88120D2B2032A0DD013F033
:1066A000400F0AD0D0F8842042F00402C0F88420C1
:1066B00001688A6942F040028A6113F4007F0AD0BF
:1066C000D0F8842042F00102C0F8842001688A6971
:1066D00042F400728A6113F4807F0AD0D0F88430CB
:1066E00043F00803C0F884300268936943F4807370
:1066F00093610023A0F86230A0F86A305DF8044B83
:10670000704700BF90FCFFFFC36B5B09C068083097
:10671000C00803FB000070472DE9F84380460F4690
:1067200016461D46DDF8209000E0BDB1D8F80030D7
:106730005C6937EA04040CBF01230023B3420AD189
:10674000FBF754FEA0EB0900A842EED3B5F1FF3FE2
:10675000EBD0032000E00020BDE8F8830320FBE736
:10676000002800F0B78070B50446002383620568F6
:106770005C4B5D4E9D4218BFB54214BF01260026FA
:1067800007D0A3F574439D4203D0C3680F2B00F2DA
:10679000A3802046FFF7B8FF2EB1544B9D4202D094
:1067A000082800F29B804F4A4F4B9D4218BF9542EC
:1067B00003D003F580639D4202D1102800F290803F
:1067C00094F88130F3B1022384F881302268136891
:1067D00023F00103136023689A6802F4F812A16998
:1067E000B1F1806F14D0636813F4800F23D0E36895
:1067F000062B20D921680B6823F48073206D034396
:106800000B601DE084F880302046FBF795F8DAE74E
:106810006168B1F5800F06D00029E4D1A16BB1F118
:10682000805FE0D102E0A06B0028F5D1196841F447
:1068300080511960D7E721680B6823F480730B60DF
:10684000E369A16A0B431343E26B1343E1682268D7
:106850000B439360636B626A1343A26B1343A26999
:1068600013432269134362691343226A1343626824
:106870001343E26C1343A2681343A26C1343A16D4C
:1068800022680B43D36063686BB92268936823F472
:10689000C05343F4006393602268936823F4C06399
:1068A00043F4806393602268136D23F00103136542
:1068B000636813F4800F06D02268D36823F0004386
:1068C000616D0B43D3600020C4F88400012384F879
:1068D000813070BD012070470120FAE70120F8E700
:1068E0000120F6E70030014000380040003C004045
:1068F0002DE9F04782B004468A4691461D46D0F8FD
:106900000080FBF773FD94F88160F6B2012E40F031
:1069100048810746B9F1000F18BFBAF1000F00F027
:10692000418194F88030012B00F04081012384F8EC
:106930008030032384F881300023C4F88430C4F805
:106940005CA0A4F86090A4F862906366A4F8683034
:10695000A4F86A3063672367A368B3F5C02F1CD01F
:106960002268D36823F4C02343F40033D360226841
:1069700053686FF30F0349EA0303536022681368F7
:1069800043F0010313606368B3F5800F0BD0E36835
:106990000F2B1BD8072B4DD8ACE02268136843F4AB
:1069A00000631360E3E72268136843F40073136025
:1069B000EDE7E26D12681A62E36D0433E365B4F843
:1069C000622092B2013A92B2A4F86220B4F8623026
:1069D0009BB2002B00F0C98023685A6912F0020FA5
:1069E000E7D1FBF703FDC01BA84202D3B5F1FF3F7F
:1069F00001D1002DEAD12046FFF71EFED4F88430E5
:106A000043F48073C4F88430012384F88130002378
:106A100084F880300326C5E0E36D1B88A8F8203099
:106A2000E36D0233E365B4F862309BB2013B9BB285
:106A3000A4F86230B4F862309BB2002B00F095806D
:106A40002268536913F0020F15D0B4F862309BB27C
:106A5000012BE1D9E36B002BDED0E36D1B681362E1
:106A6000E36D0433E365B4F862309BB2023B9BB242
:106A7000A4F86230DEE7FBF7B9FCC01BA84202D3E2
:106A8000B5F1FF3F01D1002DD4D12046FFF7D4FD51
:106A9000D4F8843043F48073C4F88430012384F83C
:106AA0008130002384F8803003267BE0B4F8623024
:106AB0009BB2012B10D9E36B73B1E36D1B88A8F86F
:106AC0002030E36D0233E365B4F862309BB2023BE1
:106AD0009BB2A4F862300DE0E36D1B7882F82030A1
:106AE000E36D0133E365B4F862309BB2013B9BB2C6
:106AF000A4F86230B4F862309BB2002B35D0226823
:106B0000536913F0020F15D0B4F862309BB2032B17
:106B1000CCD9E36B402BC9D9E36D1B681362E36DDD
:106B20000433E365B4F862309BB2043B9BB2A4F833
:106B30006230DFE7FBF75AFCC01BA84202D3B5F175
:106B4000FF3F01D1002DD5D12046FFF775FDD4F8C8
:106B5000843043F48073C4F88430012384F8813096
:106B6000002384F8803003261CE000972B46002287
:106B700008212046FFF7D0FD28B1D4F8843043F037
:106B80002003C4F884302046FFF756FD012384F823
:106B90008130002384F88030D4F8843013B9002683
:106BA00000E00226304602B0BDE8F0870226F9E791
:106BB0002DE9F04F83B004468A4691461D46D0F831
:106BC00000B0C66BC6F34F16FBF710FC94F881704B
:106BD000FFB2012F40F02D820136B6B28046B9F1E6
:106BE000000F18BFBAF1000F00F02482002D00F052
:106BF000218294F88030012B00F02082012384F858
:106C00008030052384F881300023C4F88430C4F830
:106C10006490A4F86A50A4F86850C4F85CA0A4F882
:106C20006250A4F86050236763672268D36823F436
:106C3000C023D36022689C499C4B9A4218BF8A4269
:106C400009D003F580639A4202D04FF0080904E0AE
:106C50004FF0100901E04FF0100953686FF30F0374
:106C60002B4353602268136843F001031360636889
:106C7000B3F5800F06D0E3680F2B7AD94FEA990B52
:106C8000A9461FE02268136843F400731360F2E71B
:106C900023685A69B9F1000F14D0596911F0010F36
:106CA00032D0626E1B6B1360636E04336366B4F89C
:106CB0006A309BB2013B9BB2A4F86A30B4F86A9088
:106CC0001FFA89F945EA09039BB2002B00F0948171
:106CD00023685A6912F0020FDAD0002DD8D005EBE4
:106CE0000B029145D4D2E26D12681A62E36D04334F
:106CF000E365B4F862309BB2013B9BB2A4F862300A
:106D0000B4F86250ADB2C3E7B14514D212F4004FEB
:106D100011D0626E1B6B1360636E04336366B4F84C
:106D20006A309BB2013B9BB2A4F86A30B4F86A9017
:106D30001FFA89F9C6E7FBF759FBA0EB08000C9B8B
:106D4000984202D3B3F1FF3F02D10C9B002BB9D183
:106D50002046FFF771FCD4F8843043F48073C4F804
:106D60008430012384F88130002384F880300327A5
:106D700060E1072B40F23E814FEA59039A46A9464B
:106D80001AE023685A69B9F1000F15D05B6913F056
:106D9000010F34D0636EBBF830201A80636E02336B
:106DA0006366B4F86A309BB2013B9BB2A4F86A30C8
:106DB000B4F86A901FFA89F945EA09039BB2002BDF
:106DC00000F01A8123685B6913F0020FD9D0002DFF
:106DD000D7D05346EB189945D3D2E36D1B88ABF857
:106DE0002030E36D0233E365B4F862309BB2013BBF
:106DF0009BB2A4F86230B4F86250ADB2C1E7B145BD
:106E00001BD212F4004F18D0636EBBF830201A80EA
:106E1000636E9A1C6266BBF830205A80636E023340
:106E20006366B4F86A309BB2023B9BB2A4F86A3046
:106E3000B4F86A901FFA89F9BEE7B9F1010F15D1CC
:106E400012F4005F12D0636EBBF830201A80636EBC
:106E500002336366B4F86A309BB2013B9BB2A4F87C
:106E60006A30B4F86A901FFA89F9A5E7FBF7BEFA11
:106E7000A0EB08000C9B984202D3B3F1FF3F02D174
:106E80000C9B002B98D12046FFF7D6FBD4F884301A
:106E900043F48073C4F88430012384F881300023E4
:106EA00084F880300327C5E00030014000380040FE
:106EB00023685A69BBF1000F15D0596911F0010F11
:106EC00034D0626E93F830301370636E01336366B2
:106ED000B4F86A309BB2013B9BB2A4F86A30B4F8B4
:106EE0006AB01FFA8BFB45EA0B039BB2002B00F044
:106EF000838023685A6912F0020FD9D0002DD7D0B1
:106F000005EB09029345D3D2E26D127883F8202075
:106F1000E36D0133E365B4F862309BB2013B9BB291
:106F2000A4F86230B4F86250ADB2C1E7B3452AD2DA
:106F300012F4004F27D0626E93F830301370636EF6
:106F40005A1C6266226892F830205A70636E5A1C8E
:106F50006266226892F830205A70636E5A1C62662C
:106F6000226892F830205A70636E01336366B4F879
:106F70006A309BB2043B9BB2A4F86A30B4F86AB0A2
:106F80001FFA8BFBAFE7BBF1030F15D812F4C04F0C
:106F900012D0626E93F830301370636E0133636603
:106FA000B4F86A309BB2013B9BB2A4F86A30B4F8E3
:106FB0006AB01FFA8BFB96E7FBF718FAA0EB080004
:106FC0000C9B984202D3B3F1FF3F02D10C9B002BE4
:106FD00089D12046FFF730FBD4F8843043F4807326
:106FE000C4F88430012384F88130002384F8803091
:106FF00003271FE0AB4676E7CDF800800C9B00220C
:1070000008212046FFF788FB28B1D4F8843043F0EC
:107010002003C4F884302046FFF70EFB012384F8D8
:107020008130002384F88030D4F8843013B90027ED
:1070300000E00227384603B0BDE8F08F0227F9E7E9
:10704000704770477047704708B5806B0023A0F801
:107050006A30A0F86230012380F88130FFF7F3FF37
:1070600008BD70472DE9F843044606683269736924
:1070700002EA0305D6F8089090F88170FFB213F485
:10708000006F02D012F0080F3FD105F06403042B0B
:1070900042D0002305F04508B8F1010F44D005F0B7
:1070A0002602022A45D0002B46D115F0080F79D0D0
:1070B0002268936943F0080393612268936943F05F
:1070C000100393612268936943F40063936122681B
:1070D000136923F00803136123689B6813F4404F7E
:1070E0003BD02046FFF7A8FA012384F88130D4F87A
:1070F0008430002B4AD1052F4CD0042F4ED0032FC3
:107100001AD12046FFF79CFF16E0B36943F40063F1
:10711000B361FFF7A6FF0FE0636F20469847236F28
:10712000204698470123B5E7236F204698474346FA
:10713000B5E7636F20469847BDE8F883072B1CD955
:10714000636E328E1A80636E02336366B4F86A30FF
:107150009BB2013B9BB2A4F86A30B4F86A309BB290
:10716000002BBED0E3680F2BE8D92268636E126B48
:107170001A60636E04336366E8E72268636E92F810
:1071800030201A70636E01336366DFE72046FFF735
:107190005AFFD1E72046FFF755FFCDE72046FFF71E
:1071A00050FFC9E715F4587FC6D015F0400F0AD03C
:1071B000D4F8843043F00403C4F88430226893691F
:1071C00043F04003936115F4007F0AD0D4F8843073
:1071D00043F00103C4F884302268936943F40073D8
:1071E000936115F4807F0AD0D4F8843043F008030B
:1071F000C4F884302268936943F48073936115F076
:10720000200F0AD0D4F8843043F08003C4F88430CF
:107210002268936943F020039361D4F88430002BF3
:107220008AD02268136823F0010313602268116971
:107230001A4B0B40136109F44049B9F5404F25D171
:107240002268936823F440439360E36F5BB1144A70
:107250001A65E06FFCF700F828B1D4F8843043F0E9
:107260004003C4F88430A36F002B3FF465AF0C4A91
:107270001A65A06FFBF7F0FF00283FF45DAFD4F86C
:10728000843043F04003C4F8843055E7012384F888
:1072900081302046FFF7D7FE4EE700BF94FCFFFF8A
:1072A000497000087047000090F83D30DBB2012BB8
:1072B00042D1022380F83D300268D36843F00103D5
:1072C000D36003681E4AB3F1804F18BF934225D0A4
:1072D000A2F57C42934221D002F5806293421DD0F8
:1072E00002F58062934219D002F57842934215D09C
:1072F000A2F56C42934211D002F5943293420DD024
:10730000A2F5C042934209D002F58062934205D0B3
:107310001A6842F001021A60002070479968094A11
:107320000A40062A18BFB2F5803F07D01A6842F01B
:1073300001021A600020704701207047002070474A
:107340000000014007000100704770477047704718
:1073500070B504460368DE681D6915F0020F10D091
:1073600016F0020F0DD06FF002021A6101230377AD
:1073700003689B6913F0030F64D0FFF7E6FF002357
:10738000237715F0040F12D016F0040F0FD02368E6
:107390006FF004021A610223237723689B6913F4B8
:1073A000407F55D02046FFF7D0FF0023237715F00C
:1073B000080F12D016F0080F0FD023686FF00802E4
:1073C0001A61042323772368DB6913F0030F46D087
:1073D0002046FFF7BAFF0023237715F0100F12D0D5
:1073E00016F0100F0FD023686FF010021A610823F7
:1073F00023772368DB6913F4407F37D02046FFF7FB
:10740000A4FF0023237715F0010F02D016F0010F1F
:1074100033D115F4025F02D016F0800F35D115F488
:10742000807F02D016F0800F37D115F0400F02D0C8
:1074300016F0400F39D115F0200F02D016F0200FB2
:107440003BD170BDFFF780FF2046FFF77FFF96E737
:107450002046FFF779FF2046FFF778FFA5E7204693
:10746000FFF772FF2046FFF771FFB4E72046FFF7F2
:107470006BFF2046FFF76AFFC3E723686FF0010246
:107480001A612046FAF748F9C3E723686FF40252FD
:107490001A61204600F0E3F8C1E723686FF48072B8
:1074A0001A61204600F0DCF8BFE723686FF0400265
:1074B0001A612046FFF74BFFBDE723686FF02002FB
:1074C0001A61204600F0CAF8BBE7000030B5036837
:1074D000424A904214BF4FF0000E4FF0010EB0F13F
:1074E000804F14BF72464EF00102AAB93C4CA04234
:1074F00014BF002401243B4DA8420DD064B904F10F
:10750000804404F58234A04214BF0024012405F510
:107510000065A84200D01CB123F070034C682343DF
:1075200062BB2F4A904214BF002201222D4CA04280
:1075300024D01ABB02F1804202F58232904214BF7D
:107540000022012204F50064A04217D0B2B9264AF5
:10755000904214BF0022012204F59A34A0420DD0BB
:1075600062B9224A904214BF0022012204F500644D
:10757000A04203D012B91E4A904204D123F4407CA9
:10758000CB6843EA0C0323F080034A69134303608A
:107590008A68C2620A688262164A904214BF7346C1
:1075A0004EF0010363B9104B984214BF002301232E
:1075B00002F57052904203D013B90F4B984201D19B
:1075C0000B69036301234361036913F0010F03D0C7
:1075D000036923F00103036130BD00BF00000140D7
:1075E00000080040000400400044014000E000406A
:1075F00000E40040000401400048014060B310B5C1
:10760000044690F83D3013B3022384F83D30214600
:1076100051F8040BFFF75AFF012384F8483084F82F
:107620003E3084F83F3084F8403084F8413084F8AC
:10763000423084F8433084F8443084F8453084F88C
:10764000463084F8473084F83D30002010BD80F883
:107650003C30FFF727FED7E701207047704770479F
:107660007047026852E8003F23F0C00342E800314F
:107670000029F6D1026802F1080353E8003F23F421
:107680000003083242E800310029F3D12023C0F87A
:1076900088307047026852E8003F23F4907342E854
:1076A00000310029F6D1026802F1080353E8001FF7
:1076B0000D4B0B40083242E800310029F3D1C36E74
:1076C000012B06D02023C0F88C300023C36643670B
:1076D0007047026852E8003F23F0100342E800318F
:1076E0000029F6D1EEE700BFFEFFFFEF704708B5B7
:1076F000026852E8003F23F0400342E800310029CD
:10770000F6D12023C0F8883000238367FFF7EEFF0F
:1077100008BD7047704738B5846BD4F88820D4F81A
:107720008C5023689B6813F0800F01D0212A10D061
:1077300023689B6813F0400F01D0222D10D0D4F89D
:10774000903043F01003C4F89030204604F0FAFB68
:1077500038BD0023A4F856302046FFF782FFE7E744
:107760000023A4F85E302046FFF794FFE7E708B552
:10777000806B0023A0F85E30A0F8563004F0E2FBE6
:1077800008BD000070B504460268D36910689168AE
:1077900040F60F0C13EA0C0F0DD113F0200F10D090
:1077A00010F0200F02D111F0805F0AD0636F93B305
:1077B000204698472FE0884D0D402DD1874E30420E
:1077C0002AD1E56E012D00F0C08013F4801F03D094
:1077D00011F4800F40F0948113F0800F07D010F067
:1077E000800F40F0948111F4000F40F0908113F06D
:1077F000400F03D010F0400F40F0908113F4000FC1
:1078000003D010F0804F40F08D8113F0807F02D0C4
:107810000028C0F28B8170BD13F0010F09D010F465
:10782000807F06D001261662D4F890203243C4F837
:10783000902013F0020F0BD011F0010F08D0226836
:1078400002261662D4F8902042F00402C4F8902078
:1078500013F0040F0BD011F0010F08D0226804269A
:107860001662D4F8902042F00202C4F8902013F07F
:10787000080F0BD010F0200F00D13DB12268082571
:107880001562D4F890202A43C4F8902013F4006FB6
:107890000CD010F0806F09D022684FF4006515629B
:1078A000D4F8902042F02002C4F89020D4F8902020
:1078B000002AB0D013F0200F09D010F0200F02D111
:1078C00011F0805F03D0636F0BB120469847D4F866
:1078D000902023689B6813F0400F02D112F0280F0C
:1078E0002CD02046FFF7D6FE23689B6813F0400F8C
:1078F00020D0226802F1080353E8003F23F0400340
:10790000083242E800310029F3D1D4F880306BB15D
:10791000334A1A65D4F88000FBF79EFC00283FF438
:107920007AAFD4F88000036D984774E7204604F0DE
:1079300009FB70E7204604F005FB6CE7204604F0E5
:1079400001FB0023C4F8903065E713F0100F3FF4FB
:107950003CAF10F0100F3FF438AF102313622368D0
:107960009B6813F0400F00F09180D4F880201368DA
:107970001C481D498B4218BF834237D018318B42B7
:1079800034D018318B4231D018318B422ED018317F
:107990008B422BD018318B4228D018318B4225D006
:1079A00001F556718B4221D018318B421ED018310F
:1079B0008B421BD018318B4218D018318B4215D016
:1079C00018318B4212D018318B420FD018318B42B4
:1079D0000CD05B689BB20BE001000010200100049A
:1079E0006F77000810000240280002405B689BB2DD
:1079F000002B3FF410AFB4F85C1099427FF60BAF48
:107A0000A4F85E30D369B3F5807F32D0226852E8A3
:107A1000003F23F4807342E800310029F6D1226848
:107A200002F1080353E8003F23F00103083242E863
:107A300000310029F3D1226802F1080353E8003F26
:107A400023F04003083242E800310029F3D120231B
:107A5000C4F88C300023E366226852E8003F23F02C
:107A6000100342E800310029F6D1D4F88000FBF77A
:107A700053FA02232367B4F85C10B4F85E309BB26B
:107A8000C91A89B2204604F043FAC4E6B4F85C107F
:107A9000B4F85E309BB2C91A89B2B4F85E309BB2BA
:107AA000002B3FF4B8AE00293FF4B5AE226852E88F
:107AB000003F23F4907342E800300028F6D122689A
:107AC00002F1080353E8000F1A4B0340083242E862
:107AD00000300028F3D12023C4F88C300023E36663
:107AE0006367226852E8003F23F0100342E8003049
:107AF0000028F6D102232367204604F009FA8AE61B
:107B00004FF480131362204600F006FE83E6A36F55
:107B1000002B3FF480AE204698477CE62046FFF7D6
:107B2000E6FD78E6204600F0F9FD74E6204600F018
:107B3000F4FD70E6FEFFFFEF08B5806B01230367DD
:107B4000C36E012B02D0FFF7E5FD08BDB0F85C1055
:107B5000490804F0DDF9F8E708B50346806BDB69F6
:107B6000B3F5807F29D00023A0F85E30026852E888
:107B7000003F23F4807342E800310029F6D1026807
:107B800002F1080353E8003F23F00103083242E802
:107B900000310029F3D1026802F1080353E8003FE5
:107BA00023F04003083242E800310029F3D12023BA
:107BB000C0F88C30C36E012B07D000230367C36E5F
:107BC000012B0CD0FFF7A5FD08BD026852E8003F6D
:107BD00023F0100342E800310029F6D1EDE7B0F8B8
:107BE0005C1004F095F9EFE770B586B00446836841
:107BF0000269134342691343C26913430168086869
:107C0000904A02401A430A602268536823F44053A2
:107C1000E1680B435360A16922688B4B9A4201D003
:107C2000236A19439068894B03400B439360226891
:107C3000D36A23F00F03616A0B43D3622368844A3B
:107C4000934229D0834A934200F09480824A93421F
:107C500000F0AA80814A934200F0C080804A93429B
:107C600000F0D6807F4A934200F008817E4A93421A
:107C700000F02D817D4A934200F040817C4A93427E
:107C800000F053817B4A934200F078816E4A934220
:107C900000F09D81802233E0774A526D02F0380275
:107CA000282A65D8DFE812F0290064006400640027
:107CB0006400640064006400AB016400640064005C
:107CC00064006400640064002B00640064006400CD
:107CD00064006400640064005E006400640064008A
:107CE0006400640064006400600064006400640078
:107CF00064006400640064006200012200E0082265
:107D000051498B4200F09481E069B0F5004F00F0DA
:107D10000A82202A00F26182202A00F2AE82DFE885
:107D200012F063027D02AC02AC028002AC02AC0233
:107D3000AC028502AC02AC02AC02AC02AC02AC02FA
:107D4000AC028A02AC02AC02AC02AC02AC02AC02E5
:107D5000AC02AC02AC02AC02AC02AC02AC02AC02B3
:107D6000AC0296021022CBE72022C9E74022C7E7E7
:107D70008022C5E7404A526D02F00702052A11D859
:107D8000DFE812F006003F0108000A000C000E00B8
:107D90000022B5E70822B3E71022B1E72022AFE7BF
:107DA0004022ADE78022ABE7334A526D02F0070272
:107DB000052A11D8DFE812F00600270108000A00A2
:107DC0000C000E0000229BE7082299E7102297E79B
:107DD000202295E7402293E7802291E7264A526DC0
:107DE00002F00702052A11D8DFE812F006000F01A1
:107DF00008000A000C000E00002281E708227FE73D
:107E000010227DE720227BE7402279E7802277E776
:107E1000194A526D02F00702052A11D8DFE812F064
:107E20000600F70008000A000C000E00002267E7B9
:107E3000082265E7102263E7202261E740225FE71E
:107E400080225DE7F369FFCF000C0058FFF4FF11BB
:107E5000001001400044004000480040004C004039
:107E6000005000400014014000780040007C0040B9
:107E700000180140001C014000440258694A526D3C
:107E800002F03802282A20D8DFE802F0151F1F1F51
:107E90001F1F1F1FC31F1F1F1F1F1F1F171F1F1F56
:107EA0001F1F1F1F191F1F1F1F1F1F1F1B1F1F1FEC
:107EB0001F1F1F1F1D00012222E7082220E710229A
:107EC0001EE720221CE740221AE7802218E7554AC5
:107ED000526D02F00702052A0ED8DFE802F0039C7B
:107EE0000507090B00220BE7082209E7102207E724
:107EF000202205E7402203E7802201E7494A526D2C
:107F000002F00702052A0ED8DFE802F00387050712
:107F1000090B0022F4E60822F2E61022F0E6202205
:107F2000EEE64022ECE68022EAE63E4A526D02F09E
:107F30003802282A20D8DFE802F0151F1F1F1F1F54
:107F40001F1F721F1F1F1F1F1F1F171F1F1F1F1FF6
:107F50001F1F191F1F1F1F1F1F1F1B1F1F1F1F1F3B
:107F60001F1F1D000122CBE60822C9E61022C7E62A
:107F70002022C5E64022C3E68022C1E6294A526D8E
:107F800002F03802282A20D8DFE802F0151F1F1F50
:107F90001F1F1F1F4E1F1F1F1F1F1F1F171F1F1FCA
:107FA0001F1F1F1F191F1F1F1F1F1F1F1B1F1F1FEB
:107FB0001F1F1F1F1D000122A2E60822A0E610229B
:107FC0009EE620229CE640229AE6802298E602F570
:107FD0000E32926D02F00702052A0ED8DFE802F099
:107FE00003260507090B02228AE6082288E61022EA
:107FF00086E6202284E6402282E6802280E6042271
:108000007EE604227CE604227AE6042278E6042254
:1080100076E6042274E6042272E6042270E6042264
:108020006EE600BF00440258042269E6042267E6B7
:10803000202A27D8022AC0F00E81023A1E2A00F216
:108040000C81DFE812F026000A0156000A010A013D
:108050000A015B000A010A010A010A010A010A0178
:108060000A0160000A010A010A010A010A010A0163
:108070000A010A010A010A010A010A010A010A01A8
:108080000A016C00402A02D14FF4004006E00120B2
:10809000F4E0FEF7BFF8002800F0E180626A7E4B52
:1080A00033F81220B0FBF2F3656805EB4501994205
:1080B00000F2D780B3EB053F00F2D58000263346AF
:1080C0003146F8F729FB090241EA106100026B080A
:1080D000C0182A46334641F10001F8F71DFBA0F510
:1080E00040726E4B9A4200F2C0802368D8603046DE
:1080F000C4E003A8FEF7A0F80498CCE76846FEF7B2
:108100009BF90198C7E7664B1B6813F0200F08D056
:10811000634B1B68C3F3C1036248D840BEE76248A3
:10812000BCE76048BAE7202A15D8202A00F29F80D1
:10813000DFE802F015369D9D399D9D9D3E9D9D9DDC
:108140009D9D9D9D439D9D9D9D9D9D9D9D9D9D9DB9
:108150009D9D9D9D4F00402A06D001208EE0FDF799
:10816000EDF9002800F08580626A4B4B33F812303D
:10817000B0FBF3F06268530803EB4003B3FBF2F388
:10818000A3F110014FF6EF72914274D89AB222F027
:108190000F02C3F3420313432268D36000206DE053
:1081A000FDF7DEF9DDE703A8FEF746F80498D8E707
:1081B0006846FEF741F90198D3E7394B1B6813F085
:1081C000200F08D0364B1B68C3F3C1033548D84095
:1081D000CAE73548C8E73348C6E7402A02D14FF41A
:1081E000004005E0012049E0FDF7A8F900284FD044
:1081F000626A294B33F81230B0FBF3F0636800EB8E
:108200005300B0FBF3F0A0F110024FF6EF739A4267
:1082100040D8236880B2D86000202FE0FDF7A0F995
:10822000E4E703A8FEF708F80498DFE76846FEF7DE
:1082300003F90198DAE71A4B1B6813F0200F08D0F6
:10824000174B1B68C3F3C1031648D840D0E7164844
:10825000CEE71448CCE7012010E001200EE000201A
:108260000CE001200AE0012008E0012006E00120E6
:1082700004E0002002E0012000E001200123A4F836
:108280006A30A4F8683000236367A36706B070BD46
:108290000020F3E70120F1E7442F0108FFFC0F0065
:1082A000004402580090D00300093D00836A13F097
:1082B000080F06D00268536823F40043816B0B4318
:1082C0005360836A13F0010F06D00268536823F4E9
:1082D0000033C16A0B435360836A13F0020F06D068
:1082E0000268536823F48033016B0B435360836A45
:1082F00013F0040F06D00268536823F48023416B07
:108300000B435360836A13F0100F06D00268936822
:1083100023F48053C16B0B439360836A13F0200FE7
:1083200006D00268936823F40053016C0B439360FA
:10833000836A13F0400F0AD00268536823F4801355
:10834000416C0B435360436CB3F5801F0BD0836AC1
:1083500013F0800F06D00268536823F40023C16C29
:108360000B43536070470268536823F4C003816C69
:108370000B435360EBE72DE9F84305460E461746DD
:108380009946DDF820802B68DC6936EA04040CBFCE
:1083900001240024BC423AD1B8F1FF3FF3D0FAF7F0
:1083A00025F8A0EB0900404534D8B8F1000F33D0D0
:1083B0002B681A6812F0040FE5D0B6F1400218BF1E
:1083C0000122802EDFD0002ADDD0DA6912F0080FFA
:1083D00011D1DA6912F4006FD5D04FF400621A623D
:1083E0002846FFF757F92023C5F89030002385F879
:1083F000843003200CE008241C622846FFF74AF969
:10840000C5F89040002385F88430012000E000206A
:10841000BDE8F8830320FBE70320F9E72DE9F041ED
:1084200082B01E46D0F88830202B5BD104460D4622
:108430009046002A18BF002901D1012053E00023F3
:10844000C0F890302123C0F88830F9F7CFFF0746F5
:10845000A4F85480A4F85680A368B3F5805F02D0D6
:108460004FF0000816E0236943B34FF0000811E015
:108470002023C4F88830032035E038F8023B226816
:10848000C3F308039362B4F8562092B2013A92B251
:10849000A4F85620B4F856309BB293B100963B46F0
:1084A000002280212046FFF766FF0028E0D1002D42
:1084B000E3D015F8012B23689A62E4E7A84600256B
:1084C000E8E700963B46002240212046FFF753FF95
:1084D00018B92023C4F8883005E02023C4F8883078
:1084E000032000E0022002B0BDE8F08130B583B087
:1084F00004460023C0F89030F9F778FF054622685B
:10850000126812F0080F10D123681B6813F0040FD3
:1085100028D12023C4F88830C4F88C300020E066CD
:10852000206784F8840003B030BD6FF07E43009371
:10853000034600224FF400112046FFF71CFF0028DD
:10854000E2D0226852E8003F23F0800342E8003185
:108550000029F6D12023C4F88830002384F8843021
:108560000320E0E76FF07E4300932B4600224FF498
:1085700080012046FFF7FFFE0028CAD0226852E89B
:10858000003F23F4907342E800310029F6D12268BD
:1085900002F1080353E8003F23F00103083242E8E8
:1085A00000310029F3D12023C4F88C30002384F853
:1085B00084300320B7E778B310B50446D0F888308C
:1085C0000BB32423C4F888302268136823F0010316
:1085D0001360A36AE3B92046FFF706FB012811D018
:1085E0002268536823F4904353602268936823F011
:1085F0002A0393602268136843F001031360204646
:10860000FFF774FF10BD80F88430F9F7E9FCD8E774
:108610002046FFF74BFEDEE70120704710B5044609
:1086200013468165A0F85C200022C0F89020222229
:10863000C0F88C20D0F88020AAB12149D163D0F8AD
:10864000802020491164D0F880201F49D164D0F8DF
:108650008020002111650168826D2431D0F88000EE
:10866000FAF70EFB20BB236943B1226852E8003FB2
:1086700043F4807342E800310029F6D1226802F108
:10868000080353E8003F43F00103083242E8003199
:108690000029F3D1226802F1080353E8003F43F0B8
:1086A0004003083242E800310029F3D1002010BD18
:1086B0001023C4F890302023C4F88C300120F6E752
:1086C000597B0008397B000817770008436E2BB9E7
:1086D0000123A0F86A30A0F86830704730B403680E
:1086E0009A68C2F342629968490F094D6B5C1B019D
:1086F000084C615C93FBF1F3A0F86A30AB5C1B01A2
:10870000A25C93FBF2F3A0F8683030BC704700BF66
:10871000642F01085C2F010870477047704790F87C
:108720008430012B18D0012380F884302423C0F832
:10873000883003681A68196821F00101196022F075
:1087400000520023436601680A602022C0F8882096
:1087500080F88430184670470220704738B590F88A
:108760008430012B1DD00446012380F8843024235B
:10877000C0F8883003681D681A6822F001021A6088
:108780000268936823F0604319439160FFF79EFFEE
:1087900023681D602023C4F88830002084F88400FA
:1087A00038BD0220FCE738B590F88430012B1DD08D
:1087B0000446012380F884302423C0F888300368FD
:1087C0001D681A6822F001021A600268936823F09B
:1087D000606319439160FFF779FF23681D602023D0
:1087E000C4F88830002084F8840038BD0220FCE7FB
:1087F000D0F88C30202B21D110B50446002A18BFA8
:10880000002901D1012010BD0123C36600230367A5
:10881000FFF704FF0028F6D1E36E012B01D0012001
:10882000F1E7236810221A62226852E8003F43F001
:10883000100342E800310029F6D1E4E70220704736
:10884000842801D0033070470020704708B500F03D
:108850006BFD002008BD2DE9F04387B00E4644694A
:10886000C4B18569B5B14768D0F80080D0F81090E0
:10887000B0F90800FFF7E4FF029501940090334639
:108880004A464146384600F0DFFC0590059807B09F
:10889000BDE8F083446805680769B0F90800FFF790
:1088A000CFFF05AB019300903346BAB2294620466C
:1088B00000F007FD0128E9D00020E8E708B500B97D
:1088C000012000F083FE002008BD00F10803436092
:1088D0004FF0FF328260C360036100230360704782
:1088E00000230361704743684B609A688A60516057
:1088F00099600861036801330360704730B40D6804
:10890000B5F1FF3F11D000F108031C465B681A68FF
:10891000AA42FAD963684B6099608C606160086113
:1089200003680133036030BC70470469F2E70369F0
:10893000416882688A60416851605A68824206D004
:10894000002202611A68013A1A601868704782684A
:108950005A60F5E782B0002301930D4B1B68B3F119
:10896000FF3F08D04FF0500383F31188BFF36F8FA0
:10897000BFF34F8FFEE74FF0500383F31188BFF32F
:108980006F8FBFF34F8F019B002BFCD002B070475D
:108990002000002408480068006880F308884FF031
:1089A000000080F3148862B661B6BFF34F8FBFF347
:1089B0006F8F00DF00BF000008ED00E0DFF80C0063
:1089C000016841F4700101607047000088ED00E02B
:1089D0004FF0807340F8043C21F0010140F8081C7E
:1089E000054B40F80C3C40F8202C6FF0020340F897
:1089F000243C4438704700BF55890008000000003F
:108A0000074B19680868B0E8F04F80F30988BFF396
:108A10006F8F4FF0000080F311887047AFF3008034
:108A2000848A00244FF0500383F31188BFF36F8FC3
:108A3000BFF34F8F0B4A136801331360012B00D033
:108A400070474FF0E023D3F8043D13F0FF0FF7D049
:108A50004FF0500383F31188BFF36F8FBFF34F8F35
:108A6000FEE700BF20000024094B1B6843B94FF00C
:108A7000500383F31188BFF36F8FBFF34F8FFEE76F
:108A8000013B034A13600BB983F31188704700BFA1
:108A90002000002400000000000000000000000092
:108AA000EFF30980BFF36F8F154B1A681EF0100F9C
:108AB00008BF20ED108A20E9F04F10602DE9090071
:108AC0004FF0500080F31188BFF34F8FBFF36F8FCB
:108AD00000F0A2FD4FF0000080F3118809BC196876
:108AE0000868B0E8F04F1EF0100F08BFB0EC108A15
:108AF00080F30988BFF36F8F704700BFAFF300802A
:108B0000848A002408B54FF0500383F31188BFF323
:108B10006F8FBFF34F8F00F051FC28B14FF0E0236F
:108B20004FF08052C3F8042D002383F3118808BD51
:108B30004FF0E022002313619361054B1B68054948
:108B4000A1FB03139B09013B53610723136170478A
:108B500014000024D34D62104FF0E023D3F8002D11
:108B60003D4B9A421CD04FF0E023D3F8002D3B4BF5
:108B70009A421ED030B583B0394B1A78D2B20192E6
:108B8000FF221A701B78DBB28DF803309DF803309A
:108B900003F05003334A1370334B07221A601BE073
:108BA0004FF0500383F31188BFF36F8FBFF34F8FE4
:108BB000FEE74FF0500383F31188BFF36F8FBFF3CD
:108BC0004F8FFEE7284A1368013B13609DF803307E
:108BD0005B00DBB28DF803309DF8033013F0800F9B
:108BE000F0D1214B1B68032B08D04FF0500383F3C7
:108BF0001188BFF36F8FBFF34F8FFEE71B021A4A36
:108C0000136003F4E0631360019BDBB2144A13703A
:108C10004FF0E024D4F8203D43F47003C4F8203D25
:108C2000D4F8203D43F07043C4F8203DFFF780FFA7
:108C300000250E4B1D60FFF7C1FED4F8343F43F012
:108C40004043C4F8343FFFF7A5FE00F0E5FCFFF712
:108C500081FE284603B030BD71C20F4170C20F4182
:108C600000E400E008140024041400242000002480
:108C7000134A12F0070F1FD0D11D21F0070147F250
:108C800030535B1A13440A460E48026000214160CB
:108C90001344083B23F007030B4803605960196035
:108CA000991A51601360094B1960094B1960094BFF
:108CB0004FF000421A60704747F23053E4E700BFBC
:108CC0002C1400242414002420140024181400243C
:108CD0001C1400240C140024164B1A461B688342F3
:108CE000FBD3516802EB010C844509D0416800EBCD
:108CF000010C634509D00360904219D010607047A1
:108D00004068014451601046F0E710B40A4C2468F2
:108D1000A3420BD05B681944416013681B68036071
:108D2000904200D010605DF8044B70470460F7E794
:108D3000704700BF241400242014002438B50446D2
:108D400000F034FB384B1B68B3B1384B1B681C4236
:108D500050D1002C50D004F1080214F0070F02D0BB
:108D600022F007020832002A55D0314B1B6893428B
:108D700053D330490C6804E0FFF77AFFE5E721465A
:108D80001C466368934202D22368002BF7D1264B1E
:108D90001B68A34243D00D68083523680B606368E5
:108DA0009B1A102B10D9A01810F0070F08D04FF005
:108DB000500383F31188BFF36F8FBFF34F8FFEE72C
:108DC00043606260FFF788FF626819490B689B1A6D
:108DD0000B60194909688B4201D217490B60134B8C
:108DE0001B681343636000232360144A1368013334
:108DF000136002E0002500E0002500F06BFB15F099
:108E0000070F0ED04FF0500383F31188BFF36F8F1D
:108E1000BFF34F8FFEE70025EFE70025EDE70025C4
:108E2000EBE7284638BD00BF201400240C140024B2
:108E30001C140024241400241814002414140024E6
:108E4000002834D038B50446A0F1080550F8043C99
:108E5000174A1268134208D14FF0500383F3118868
:108E6000BFF36F8FBFF34F8FFEE750F8081C41B17F
:108E70004FF0500383F31188BFF36F8FBFF34F8F11
:108E8000FEE723EA020340F8043C00F08FFA54F8AE
:108E9000041C084A13680B4413602846FFF71CFFA4
:108EA000054A13680133136000F014FB38BD7047A6
:108EB0000C1400241C14002410140024084B1B68FC
:108EC0001B6823B9074B4FF0FF321A607047044B01
:108ED0001B68DB68DB685A68024B1A60704700BF8A
:108EE000CC890024648900242DE9F0470746984680
:108EF000089DDDF824900A9C266B6FF040431344D4
:108F000006EB830626F00706002964D008464FF0DA
:108F1000000CBCF10F0F09D810F80C2004EB0C0367
:108F200083F8342012B10CF1010CF2E7002384F82D
:108F30004330062D00D90625E56265644FF0000A2E
:108F4000C4F848A0201DFFF7CBFC04F11800FFF780
:108F5000C7FC2461C5F10705A5616462C4F890A14E
:108F600084F894A14FF4A072514604F1500003F02C
:108F70002BFB1B4B636503F16802A265D033E365ED
:108F800001220023C4E93A2343F20E33A4F8F0305F
:108F90004AF6CD33A4F8F23041F23423A4F8F43089
:108FA0004EF26D63A4F8F6304DF6EC63A4F8F83099
:108FB0000523A4F8FA300B23A4F8FC3042463946C6
:108FC0003046FFF705FD2060B9F1000F01D0C9F868
:108FD0000040BDE8F087002384F83430A9E700BFE3
:108FE000FC92002438B5002407E004EB84029300CF
:108FF0000E481844FFF769FC0134062CF5D90C4DD6
:109000002846FFF762FC0B4C2046FFF75EFC0A483F
:10901000FFF75BFC0948FFF758FC0948FFF755FCD0
:10902000084B1D60084B1C6038BD00BFF889002448
:10903000E4890024D0890024B4890024A089002474
:1090400088890024CC890024C889002410B50446EE
:10905000FFF7E8FC214A136801331360204B1B68BB
:109060005BB1204B1B686BB91D4B1B68DA6AE36A66
:109070009A4207D81A4B1C6004E0194B1C60136815
:10908000012B28D0184A136801331360E06A0123CA
:109090008340164A11680B43136000EB8000211DCA
:1090A000134B03EB8000FFF71EFCFFF7DDFC0D4BBD
:1090B0001B687BB10A4B1B68DA6AE36A9A4209D2E1
:1090C0004FF0E0234FF08052C3F8042DBFF34F8FD1
:1090D000BFF36F8F10BDFFF785FFD3E784890024AE
:1090E000848A002478890024688900247C890024EB
:1090F000F889002410B50446503003F0C9FA94F8FA
:10910000953163B1012B11D0022B0ED04FF05003DB
:1091100083F31188BFF36F8FBFF34F8FFEE7206B90
:10912000FFF78EFE2046FFF78BFE10BD2046FFF7AF
:1091300087FEFAE70F4B1B68D3B110B5FFF772FC3F
:109140000D4BDB68DC68201DFFF7F1FB0B4A136851
:10915000013B1360074A1368013B1360FFF784FC6F
:109160002046FFF7C7FF034B1B68002BE6D110BD5D
:10917000704700BF9C890024A089002484890024B2
:1091800008B5FFF7D7FF074B1B68012BF9D94FF044
:10919000E0234FF08052C3F8042DBFF34F8FBFF38D
:1091A0006F8FEEE7F889002470B504460D461F4B1B
:1091B0001E681F4B18680430FFF7B9FB48B91C4BF9
:1091C0001B68DB6A01229A401A490B6823EA0203F2
:1091D0000B60B4F1FF3F14BF00230123002D08BF33
:1091E00000236BB93444124B1B685C60A6420ED955
:1091F000114B18680E4B19680431FFF77FFB70BDE7
:109200000B4B196804310D48FFF76DFBF7E70C4B6A
:109210001868074B19680431FFF770FB094B1B688E
:10922000A342ECD9074B1C60E9E700BF808900240A
:10923000848A00247C890024C88900248889002429
:10924000CC8900246489002430B587B00B9C8CB194
:109250000C9DC5B14FF4CC750495049DB5F5CC7F3C
:109260001AD04FF0500383F31188BFF36F8FBFF311
:109270004F8FFEE74FF0500383F31188BFF36F8FDA
:10928000BFF34F8FFEE74FF0500383F31188BFF316
:109290006F8FBFF34F8FFEE7049D0C9D2C6302245C
:1092A00085F8954100240394029505AC01940A9C2D
:1092B0000094FFF719FE0C98FFF7C8FE059807B059
:1092C00030BD2DE9F04385B00746884614461E465A
:1092D0009000FFF733FD10B381464FF4CC70FFF7D9
:1092E0002DFD0546A8B1C0F83090002380F89531D7
:1092F000039302900D9B01930C9B009333462246EF
:1093000041463846FFF7F0FD2846FFF79FFE012053
:1093100007E04846FFF794FD4FF0FF3001E04FF0C3
:10932000FF3005B0BDE8F08310B588B00024059487
:10933000069407AA06A905A8F8F76EF8059B0293FC
:10934000069B019300942346079A10491048FFF7A3
:109350007BFF104B1860B8B14FF0500383F31188B6
:10936000BFF36F8FBFF34F8F0B4B1B6850330B4A0C
:1093700013600B4B4FF0FF321A600A4B01221A6048
:10938000094B1C60FFF7E8FB08B010BD5C2D01081D
:109390008191000860890024848A0024E40000246C
:1093A000648900247889002480890024024A136893
:1093B00001331360704700BF5C890024F8B53A4B55
:1093C0001B68002B69D1394B1D6801351D60C5B97B
:1093D000374B1B681B6843B14FF0500383F3118870
:1093E000BFF36F8FBFF34F8FFEE7314A1168314BE8
:1093F000186810601960304A136801331360FFF772
:109400005DFD2E4B1B68AB423DD900272C4B1B68E2
:10941000DB6A03EB83039A002A4B9B58012B00D98C
:109420000127294B1B68002B3CD001273AE001277C
:109430001F4B1B681B6843B31D4B1B68DB68DC6854
:1094400063689D4226D3261D3046FFF770FAA36A53
:109450001BB104F11800FFF76AFAE36A01229A408F
:109460001A49086802430A6003EB83039A003146F5
:1094700014481044FFF737FAE26A114B1B68DB6AA5
:109480009A42D4D2D4E70027D2E70C4B4FF0FF32F8
:109490001A60BBE7094A1360B8E70D4A1368013345
:1094A000136000273846F8BD5C89002480890024B9
:1094B000CC890024C88900246C8900246489002494
:1094C000848A0024F8890024708900247C8900247F
:1094D0007489002438B5354B1B6843B94FF05003ED
:1094E00083F31188BFF36F8FBFF34F8FFEE7FFF752
:1094F00099FA2E4B1A68013A1A601B68002B4FD15B
:109500002B4B1B680BB900244BE00024294B1B6834
:109510001BB3284BDB68DC6804F11800FFF707FA7F
:10952000251D2846FFF703FAE06A01238340224AFB
:1095300011680B43136000EB800029461F4B03EBBF
:109540008000FFF7D0F9E26A1D4B1B68DB6A9A4284
:10955000DCD31C4B01221A60D8E70CB1FFF7AEFC3C
:10956000194B1C6884B9174B1C68D4B14FF0E02329
:109570004FF08052C3F8042DBFF34F8FBFF36F8FAE
:1095800001240EE0013C07D0FFF718FF0028F9D0B6
:109590000C4B01221A60F5E70B4B00221A60E2E740
:1095A0000024FFF761FA204638BD00BF5C89002423
:1095B00084890024B48900247C890024F88900244B
:1095C000848A0024708900247489002410B5A8B10D
:1095D0000446104B1B6843B14FF0500383F31188CE
:1095E000BFF36F8FBFF34F8FFEE7FFF7DFFE002162
:1095F0002046FFF7D9FDFFF76DFF48B94FF0E02394
:109600004FF08052C3F8042DBFF34F8FBFF36F8F1D
:1096100010BD00BF5C890024224B1B681BB1224B8C
:1096200001221A607047204B00221A601F4B1B68F2
:10963000B3FA83F3DBB2C3F11F0303EB83018A00A8
:109640001B498A5842B94FF0500383F31188BFF386
:109650006F8FBFF34F8FFEE7154803EB83018A003E
:10966000024451684968516003EB830C4FEA8C0255
:109670000832024491420DD003EB83039A000C4B55
:1096800013445B68DA680B4B1A601B6850330A4A54
:1096900013607047486862469100054A0A4450606A
:1096A000EAE700BF5C890024708900247C890024DB
:1096B000F8890024848A0024E4000024084AD2F8AF
:1096C000FC3043F08073C2F8FC30064B064AC3F806
:1096D000B02F00225A601A6842F001021A607047E7
:1096E00000ED00E0001000E055CEACC5704708B5B5
:1096F000FFF7E4FF08BD0000074B5A68074B1B68E3
:109700000749A1FB03139B0C03FB00F0024B5B68B2
:109710009B1A8342FAD37047001000E01400002423
:1097200083DE1B4310B504E04FF47A70FFF7E4FFCB
:109730002046431E9CB20028F6D110BD08B5002279
:1097400001210248FBF770F908BD00BF000802586C
:1097500008B5012211460248FBF766F908BD00BFB3
:109760000008025808B5002208210248FBF75CF9FE
:1097700008BD00BF0008025808B5012208210248B0
:10978000FBF752F908BD00BF0008025800B587B0CA
:109790008DF80F004FF47A73009301230DF1170237
:1097A0000DF10F010348FDF703FA9DF8170007B00C
:1097B0005DF804FB700F002410B50C46FFF7E6FFC0
:1097C0002046FFF7E3FF10BD10B50C4640F08000C7
:1097D000FFF7DCFF5520FFF7D9FF207010BD38B52B
:1097E0000D46144640F08000FFF7D0FF06E05520FC
:1097F000FFF7CCFF05F8010B013CE4B2002CF6D1D9
:1098000038BD000070B5FFF799FF8020FFF7BEFF5D
:109810005520FFF7BBFF5520FFF7B8FFFFF798FF74
:109820009620FFF769FFFFF789FF8020FFF7AEFF63
:109830005520FFF7ABFF5520FFF7A8FFFFF788FF84
:109840009620FFF759FFFFF779FFB6217E20FFF73B
:10985000B3FFFFF77DFF5020FFF764FFFFF76EFFB8
:109860008020FFF793FF5520FFF790FF5520FFF76B
:109870008DFFFFF76DFF9620FFF73EFFFFF75EFFBE
:109880008020FFF783FF5520FFF780FF5520FFF76B
:109890007DFF0446FFF75CFF9620FFF72DFF1E2C8F
:1098A00032D10024052C2DD8FFF748FF174A04EBCE
:1098B0004403D1184E78D55C31462846FFF77CFF2B
:1098C000FFF746FF9620FFF717FFFFF737FF45F03A
:1098D0008000FFF75BFF5520FFF758FF5520FFF78B
:1098E00055FF0546FFF734FF9620FFF705FFAE4210
:1098F00002D10134E4B2D5E704EB4404034B234422
:10990000987800E0002070BDFF20FCE7802F010860
:1099100070B582B000248DF80740FFF723FF0DF1EA
:1099200007012046FFF750FFFFF726FF9620FFF7BD
:10993000E3FEFFF717FF0DF107012046FFF744FF95
:10994000FFF71AFF9620FFF7D7FEFFF70BFFB621B0
:109950001420FFF731FFFFF70FFF5020FFF7E2FE63
:10996000FFF700FF0DF107012046FFF72DFFFFF77E
:1099700003FF9620FFF7C0FEFFF7F4FE0DF107018D
:109980002046FFF721FFFFF7F7FE9620FFF7B4FE12
:109990009DF807300F2B2ED1052C29D8FFF7E2FEBA
:1099A000164A04EB4403D1184D78D65C294630465C
:1099B000FFF702FFFFF7E0FE9620FFF79DFEFFF79F
:1099C000D1FE0DF107013046FFF7FEFEFFF7D4FE92
:1099D0009620FFF791FE9DF807309D4202D1013499
:1099E000E4B2D9E704EB4404044B2344987800E044
:1099F000002002B070BDFF20FBE700BF6C2F010804
:109A000010B5FFF773FEFFF772FEFFF7FBFE04468B
:109A1000FFF77EFF2043C0B210BD0000F0B583B059
:109A200006460D461446002700970197FFF786FE6D
:109A30009220FFF7ABFE062269461220FFF7CFFE09
:109A4000FFF786FE9DF801301B021BB29DF8002037
:109A5000134307EE903AF8EEE77A474A92ED007A20
:109A600067EE877AC5ED007A9DF803301B021BB2C2
:109A70009DF802100B4307EE903A92ED007AF8EE53
:109A8000E77A67EE877AC5ED017A9DF805301B020B
:109A90001BB29DF80420134307EE903AF8EEE77AE4
:109AA00067EE877AC5ED027AFFF75CFE0822694609
:109AB0003846FFF794FEFFF75FFE9DF800300F2B4E
:109AC00027D0FFF73BFEA220FFF760FE0222694687
:109AD0002220FFF784FEFFF73BFE9DF800209DF853
:109AE00001305B0943EAC203B3F5806F01DBA3F5E4
:109AF000006307EE903AF8EEE77AB4EE007A67EE8C
:109B0000877AB3EE077A77EE877AC4ED007A03B0EE
:109B1000F0BD9DF803301B021BB29DF802201343D9
:109B200007EE903AF8EEE77A144A92ED007A67EE83
:109B3000877AC6ED007A9DF805301B021BB29DF8AE
:109B400004100B4307EE903A92ED007AF8EEE77AB4
:109B500067EE877AC6ED017A9DF807301B021BB2CB
:109B60009DF80620134307EE903AF8EEE77A67EE89
:109B7000877AC6ED027AA4E7280000242400002496
:109B800008B50120FEF79AFEFBE7000010B5044679
:109B90006C4B1B79012B14D150B1012817D1694BA3
:109BA00093ED0A0A1A785978D87801F079FC0EE01A
:109BB000644B9FED650A1A785978D87801F070FCEB
:109BC00005E0604B5A78D978012001F029FC5F4B01
:109BD0001B79012B14D154B1012C17D15B4B93EDA0
:109BE0000A0A1A785978D87801F05AFC0EE0574BD7
:109BF0009FED550A1A785978D87801F051FC05E0A4
:109C0000524B5A78D978012001F00AFC504B1B794D
:109C1000012B14D154B1012C17D14D4B93ED0A0AED
:109C20001A785978D87801F03BFC0EE0484B9FED4C
:109C3000460A1A785978D87801F032FC05E0444B8E
:109C40005A78D978012001F0EBFB424B1B79012BAC
:109C500014D154B1012C17D13E4B93ED0A0A1A7856
:109C60005978D87801F01CFC0EE03A4B9FED360A8B
:109C70001A785978D87801F013FC05E0354B5A78FA
:109C8000D978012001F0CCFB334B1B79012B14D187
:109C900054B1012C17D1304B93ED0A0A1A78597838
:109CA000D87801F0FDFB0EE02B4B9FED270A1A78C8
:109CB0005978D87801F0F4FB05E0274B5A78D97829
:109CC000012001F0ADFB254B1B79012B14D154B1C0
:109CD000012C17D1214B93ED0A0A1A785978D878BC
:109CE00001F0DEFB0EE01D4B9FED170A1A78597844
:109CF000D87801F0D5FB05E0184B5A78D9780120C7
:109D000001F08EFB164B1B79012B14D154B1012CA1
:109D100017D1134B93ED0A0A1A785978D87801F0C5
:109D2000BFFB0EE00E4B9FED080A1A785978D878E1
:109D300001F0B6FB05E00A4B5A78D978012001F012
:109D40006FFB10BDC8900024000000009C90002410
:109D5000709000244490002418900024EC8F00247C
:109D6000C08F002408B505E00020FFF70FFF012099
:109D7000FEF7A4FD094BDB7A012B07D0022B09D09B
:109D8000002BF1D00020FFF701FFF0E70120FFF7E3
:109D9000FDFEECE70120FFF7F9FEE8E7688F0024FD
:109DA000744BDB7A012B13D0022B42D0002B40D016
:109DB0000023714A1362714A1362714A1362714A35
:109DC0001362714A1362714A1362714A136230E07E
:109DD000704BB3F90C30012B7ED0674B4FF04042F3
:109DE0001A626D4BD3ED007AF1EE677A634BC3EDE7
:109DF000087A6A4BD3ED007AF1EE677A604BC3EDD7
:109E0000087A674B1A685F4B1A62664BD3ED007A8B
:109E1000F1EE677A5C4BC3ED087A634BD3ED007AC1
:109E2000F1EE677A594BC3ED087A604B1A68584BCC
:109E30001A62514BD3ED087AF5EEC07AF1EE10FAC2
:109E40004EDD00221A624D4BD3ED087AB1EE007A56
:109E5000F4EEC77AF1EE10FA4DDD83ED087A484B47
:109E6000D3ED087A9FED527AF4EEC77AF1EE10FA4C
:109E70004CDD83ED087A434BD3ED087A9FED4D7AA4
:109E8000F4EEC77AF1EE10FA4BDD83ED087A3E4B23
:109E9000D3ED087AB0EE087AF4EEC77AF1EE10FA54
:109EA0004ADD83ED087A394BD3ED087A9FED427A8B
:109EB000F4EEC77AF1EE10FA47DD83ED087A344B01
:109EC000D3ED087A9FED3D7AF4EEC77AF1EE10FA01
:109ED00044DD83ED087A7047274B394A1A6280E7E0
:109EE0009FED387AF4EEC77AF1EE10FAABD5224B3B
:109EF00083ED087AA7E7B9EE007AF4EEC77AF1EEBF
:109F000010FAACD51D4B83ED087AA8E79FED2E7AA9
:109F1000F4EEC77AF1EE10FAADD5194B83ED087A5D
:109F2000A9E7B8EE007AF4EEC77AF1EE10FAAED5F2
:109F3000144B83ED087AAAE7F5EEC07AF1EE10FA39
:109F4000B1D5114B00221A62ADE7F5EEC07AF1EE01
:109F500010FAB4D50D4B00221A62B0E79FED1B7AC0
:109F6000F4EEC77AF1EE10FA02D5094B83ED087AC8
:109F7000704700BF688F0024C89000249C90002484
:109F8000709000244490002418900024EC8F00244A
:109F9000C08F0024888A0024B80D0024AC0D002452
:109FA000A00D0024940D0024880D00247C0D0024B5
:109FB0000AD7E33FF628BC3F666606406666663F02
:109FC0003D0A57BE333313C00AD7E3BF8FC275BFF4
:109FD00008B5F1EE040AB0EE600A034A0021034816
:109FE00001F05CFE08BD00BFC8000024488E0024BC
:109FF00010B5F0EE400A054C054B93ED030A2046E0
:10A0000001F06AFE94ED080A10BD00BF488E0024DE
:10A01000C890002408B5DFED050AB0EE000A044A36
:10A020000021044801F03AFE08BD00BF0000000016
:10A03000BC000024508C002410B5F0EE400A054C02
:10A04000054B93ED020A204601F046FE94ED080A06
:10A0500010BD00BF508C0024C890002408B5F1EE5C
:10A06000040AB0EE600A034A0021034801F016FE1C
:10A0700008BD00BFB0000024008E002410B5F0EE33
:10A08000400A054C054B93ED030A204601F024FEDF
:10A0900094ED080A10BD00BF008E00249C9000249F
:10A0A00008B5DFED050AB0EE000A044A00210448B5
:10A0B00001F0F4FD08BD00BF00000000A400002472
:10A0C000088C002410B5F0EE400A054C054B93EDCA
:10A0D000020A204601F000FE94ED080A10BD00BF00
:10A0E000088C00249C90002408B5F1EE040AB0EE20
:10A0F000600A034A0021034801F0D0FD08BD00BFFB
:10A1000098000024B88D002410B5F0EE400A054CEC
:10A11000054B93ED030A204601F0DEFD94ED080A9D
:10A1200010BD00BFB88D00247090002408B5DFED8D
:10A13000050AB0EE000A044A0021044801F0AEFD11
:10A1400008BD00BF000000008C000024C08B00246C
:10A1500010B5F0EE400A054C054B93ED020A20467F
:10A1600001F0BAFD94ED080A10BD00BFC08B0024B9
:10A170007090002408B5F1EE040AB0EE600A034ABC
:10A180000021034801F08AFD08BD00BF80000024C3
:10A19000708D002410B5F0EE400A054C054B93ED90
:10A1A000030A204601F098FD94ED080A10BD00BF97
:10A1B000708D00244490002408B5DFED050AB0EE50
:10A1C000000A044A0021044801F068FD08BD00BFF0
:10A1D0000000000074000024788B002410B5F0EE1D
:10A1E000400A054C054B93ED020A204601F074FD30
:10A1F00094ED080A10BD00BF788B00244490002421
:10A2000008B5F2EE0E0AB0EE600A034A00210348D8
:10A2100001F044FD08BD00BF68000024288D002423
:10A2200010B5F0EE400A054C054B93ED030A2046AD
:10A2300001F052FD94ED080A10BD00BF288D0024E6
:10A240001890002408B5DFED050AB1EE000A044AB3
:10A250000021044801F022FD08BD00BF00000000FD
:10A260005C000024308B002410B5F0EE400A054C51
:10A27000054B93ED020A204601F02EFD94ED080AED
:10A2800010BD00BF308B00241890002408B5F2EEFA
:10A290000E0AB0EE600A034A0021034801F0FEFCFA
:10A2A00008BD00BF50000024E08C002410B5F0EE83
:10A2B000400A054C054B93ED030A204601F00CFDC6
:10A2C00094ED080A10BD00BFE08C0024EC8F002440
:10A2D00008B5DFED050AB1EE000A044A0021044882
:10A2E00001F0DCFC08BD00BF0000000044000024B9
:10A2F000E88A002410B5F0EE400A054C054B93EDBA
:10A30000020A204601F0E8FC94ED080A10BD00BFE7
:10A31000E88A0024EC8F002408B5F2EE0E0AB0EEB5
:10A32000600A034A0021034801F0B8FC08BD00BFE1
:10A3300038000024988C002410B5F0EE400A054C3B
:10A34000054B93ED030A204601F0C6FC94ED080A84
:10A3500010BD00BF988C0024C08F002408B5DFED2D
:10A36000050AB1EE000A044A0021044801F096FCF7
:10A3700008BD00BF000000002C000024A08A0024BB
:10A3800010B5F0EE400A054C054B93ED020A20464D
:10A3900001F0A2FC94ED080A10BD00BFA08A0024C1
:10A3A000C08F00242DE9F047DFF8CCA09AED080A11
:10A3B000FFF742FE8AED090ADFF8C09099ED080A1E
:10A3C000FFF780FE89ED090ADFF8B48098ED080AEE
:10A3D000FFF7BEFE88ED090A234F97ED080AFFF745
:10A3E000FDFE87ED090A214E96ED080AFFF73CFFB6
:10A3F00086ED090A1E4D95ED080AFFF77BFF85EDF6
:10A40000090A1C4C94ED080AFFF7BAFF84ED090A0B
:10A410009AED090AFFF7ECFD8AED0A0A99ED090A9F
:10A42000FFF72CFE89ED0A0A98ED090AFFF76CFE8A
:10A4300088ED0A0A97ED090AFFF7ACFE87ED0A0AD4
:10A4400096ED090AFFF7ECFE86ED0A0A95ED090A7A
:10A45000FFF72CFF85ED0A0A94ED090AFFF76CFF60
:10A4600084ED0A0ABDE8F087449000241890002487
:10A47000EC8F0024C08F0024C89000249C900024FE
:10A480007090002408B5FFF7A3FDFFF7E7FDFFF785
:10A490002BFEFFF76FFEFFF7B3FEFFF7F7FEFFF7A8
:10A4A0003BFFFFF7B7FDFFF7FBFDFFF73FFEFFF7B1
:10A4B00083FEFFF7C7FEFFF70BFFFFF74FFF00F02C
:10A4C00043FF04E0FFF76EFF0120FEF7F7F9FFF707
:10A4D00067FC034BDB7A013BDBB2012BF2D9F3E7DC
:10A4E000688F002408B5064B9868F6F76DF80246A9
:10A4F0000B46044801F036FD0120FEF7DFF9F2E7D4
:10A50000C8900024642D010808B5F7F76FFF344B9D
:10A51000DB69C01AB0F5FA7F45D9314B00221A71B8
:10A52000F7F764FF2F4BDB69C01AB0F5FA7F3ED90D
:10A530002C4B00221A71F7F759FF2B4BDB69C01A1D
:10A54000B0F5FA7F37D9284B00221A71F7F74EFF82
:10A55000264BDB69C01AB0F5FA7F30D9234B0022B5
:10A560001A71F7F743FF224BDB69C01AB0F5FA7F87
:10A5700029D91F4B00221A71F7F738FF1D4BDB69F1
:10A58000C01AB0F5FA7F22D91A4B00221A71F7F7D8
:10A590002DFF194BDB69C01AB0F5FA7F1BD9164B9A
:10A5A00000221A7108BD0E4B01221A71B8E70D4B3B
:10A5B00001221A71BFE70C4B01221A71C6E70B4B3F
:10A5C00001221A71CDE70A4B01221A71D4E7094B17
:10A5D00001221A71DBE7084B01221A71E2E700BF82
:10A5E000C89000249C900024709000244490002483
:10A5F00018900024EC8F0024C08F002408B5FFF7CA
:10A6000083FF0120FEF75AF9F9E708B50120FEF7AC
:10A6100055F9FBE780B52D4D2D4C2E4A2946204695
:10A62000FFF7FCF99FED2C3A2C4FB0EE434AF0EEC9
:10A63000433AD5ED022A95ED012AD5ED001A94EDA5
:10A64000021AD4ED010A94ED000A384600F0C0F970
:10A65000234DA5F108062B462A1F3146384600F047
:10A66000B3FB55ED024ADFED1F7A64EEA75A1E4B8D
:10A67000C3ED005A55ED016A26EEA77A83ED017A03
:10A6800096ED025A65EE277AC3ED027A94ED016ADF
:10A69000B1EE466A154B83ED006AA2685A602268E3
:10A6A0009A60F1EE666AC3ED036AC3ED044A83ED76
:10A6B000055AB1EE477A83ED067AC3ED075AC3ED2A
:10A6C000087A0120FEF7FAF8A5E700BFE00D0024A4
:10A6D000EC0D0024DC0D002400000000000000242C
:10A6E000D80D0024E02E6542C40D00248C8F002478
:10A6F00008B500221146FF2001F054FC4FF47A7097
:10A70000FEF7DCF80022FF21104601F04BFC4FF46D
:10A710007A70FEF7D3F8FF220021084601F042FCD0
:10A720004FF47A70FEF7CAF8E3E70000F6EE007A1D
:10A7300060EE277A10EE103A074AA2EB630307EEA9
:10A74000103A67EE277A67EE277AB7EE080A30EEFE
:10A75000670A27EE000A7047DF59375F10B52DED05
:10A76000068B0446B0EE409AF0EE609AB0EE418A55
:10A77000F0EE618AB0EE42AAF0EE62AAF5EE401A5F
:10A78000F1EE10FA14BF01230023B5EE402AF1EEDA
:10A7900010FA18BF43F001032BB9F5EE402AF1EE91
:10A7A00010FA00F0938068EEA87A2AEE0A7A77EE23
:10A7B000877A2AEEAA0A37EE800AFFF7B7FF68EE1B
:10A7C000808A2AEE00AA6AEE80AA94ED017AD4ED7E
:10A7D000036A27EE266AD4ED007AD4ED025A27EEFA
:10A7E000A55A36EE456A27EE277A66EEA55A37EE69
:10A7F000257A67EEA77AF6EE005A77EEE57A66EEEE
:10A80000A66A77EEA67A6AEE276A6AEE875A76EE2D
:10A81000E56A6AEE86AA68EEA77A7AEEE7AA68EE9B
:10A82000878A2AEE06AA78EECA8A624BD3ED007AAE
:10A83000F5EEC07AF1EE10FA40F3B380D3ED007A72
:10A8400067EEA67A9FED5C7A67EE877A5B4991EDB9
:10A85000006A76EE277AC1ED007AD3ED007A67EED2
:10A86000AA7A67EE877A564A92ED006A76EE277AE0
:10A87000C2ED007AD3ED007A67EEA87A67EE877AA8
:10A88000504B93ED007A77EE277AC3ED007AD1ED45
:10A89000007A39EE279AD2ED007A79EEA79AD3EDB5
:10A8A000007A38EE278A484BD3ED007A67EEA67A15
:10A8B00039EE279AD3ED007A67EEAA7A79EEA79A55
:10A8C000D3ED007A67EEA87A38EE278ADFED3F7A7B
:10A8D00029EE270A69EEA70A28EE271AD4ED006AA6
:10A8E00094ED017AD4ED027A27EE409A20EEA76A21
:10A8F00039EE469AD4ED039A29EE816A39EE469AEA
:10A9000039EE269A84ED009A60EE268A21EE276AB7
:10A9100078EE868A29EEA06A78EEC68A78EE878A73
:10A92000C4ED018A20EEA68A21EE076A38EE468A37
:10A9300029EE806A38EE068A38EE278A84ED028A8C
:10A9400021EE261A60EE870A31EE201A20EE270A41
:10A9500031EE401A79EE819AC4ED039A69EE097AD4
:10A9600028EEA87A77EE877A28EE087A77EE877A4B
:10A9700029EEA90A37EE800AFFF7D8FE29EE009AE1
:10A9800084ED009A68EE808AC4ED018A28EE008A80
:10A9900084ED028A69EE809AC4ED039ABDEC068BC1
:10A9A00010BD0023054A1360054A1360054A136071
:10A9B00079E700BFBC8F00246F12833AB88F002460
:10A9C000B48F0024B08F0024D40000246F12033A07
:10A9D00010B52DED108B86B00446B0EE409AF0EE27
:10A9E000609AB0EE418AF0EE61BAF0EE428AB0EEC3
:10A9F00062CAB0EE43AAB0EE63BAF0EE44AAB5EE76
:10AA0000403AF1EE10FA0CBF01230023F5EE403A74
:10AA1000F1EE10FA03F0010318BF00232BB1B5EEDD
:10AA2000404AF1EE10FA00F0B681F5EE40BAF1EED0
:10AA300010FA14BF01230023F5EE408AF1EE10FA5C
:10AA400018BF43F001032BB9B5EE40CAF1EE10FA7E
:10AA500000F035816BEEAB7A28EEA87A77EE877A34
:10AA60002CEE0C0A37EE800AFFF760FE6BEE805A80
:10AA7000CDED025A28EE805A8DED035A6CEE004A55
:10AA8000CDED044A6AEE0A7A2BEE0B7A77EE877ADE
:10AA90002AEEAA0A37EE800AFFF748FE2AEE00AA3D
:10AAA0002BEE00BA6AEE80AAD4ED007A27EEA77AE0
:10AAB0008DED057AD4ED01BA27EEABFAD4ED028A1A
:10AAC00067EEA8FA94ED03DA67EE8D7A6BEEABCA07
:10AAD0006BEEA86A6BEE8DBA68EEA8EA68EE8D8A16
:10AAE0002DEE0DDAB6EE00EA3EEE6ECA3CEE4DCA31
:10AAF0002CEE0A7A76EEE7DA2DEE8B6A37EE067ADE
:10AB00003FEEAB6A8DED016A26EE2A6A37EE067AD1
:10AB100037EE077A77EEA67A67EE8A7A7EEE6CCA0F
:10AB20007CEECD6A66EE8B6A77EEA67A78EECF6A17
:10AB300066EEAA6A77EEA67A77EEA77A27EE077A0C
:10AB400067EEA77A77EE277A17EE900AF5F73CFDC5
:10AB500041EC100B07F0FCFB51EC100BF5F78CFDF2
:10AB600007EE100A7BEEEFBA6BEE8A7A7FEE288A48
:10AB700068EE8B6A77EEA67A7CEEEECA6CEEAA6A75
:10AB800077EEA67A77EEA77ADDED056A76EECE6AE5
:10AB900076EE8D6A2CEE07CA2BEEA76A3CEE06CA4B
:10ABA0006DEE87DA28EEA76A7DEE86DA9DED016A02
:10ABB00026EE077A6CEEA7CA77EE2C7A9DED035A43
:10ABC00025EE266ADDED044A28EEA47A36EE476AC1
:10ABD0002BEE277A6AEEAD5A37EE657A36EE076AC3
:10ABE0002BEEA47ADDED025A65EEA66A77EE666A70
:10ABF0006AEE8CAA6AEE277A7AEEE7AA76EEAA7A4D
:10AC000068EEA58A6BEE85BA78EEEB8A2AEE2DAA5D
:10AC10002BEE0CBA3AEE4BAA78EE8A8A634B93ED90
:10AC2000007AB5EEC07AF1EE10FA40F3B78093EDFA
:10AC3000007A27EE067ADFED5E6A27EE267A5D4916
:10AC4000D1ED005A35EE877A81ED007A93ED007AE6
:10AC500027EE277A27EE267A574AD2ED005A35EEAC
:10AC6000877A82ED007A93ED007A27EE287A27EE34
:10AC7000267A524BD3ED006A36EE877A83ED007A5E
:10AC800091ED007A39EE079A92ED007A79EE879A83
:10AC900093ED007A38EE078A494B93ED007A27EE60
:10ACA000067A39EE079A93ED007A67EE277A79EE05
:10ACB000A79AD3ED007A67EEA87A38EE278ADFEDFF
:10ACC000417A29EE279A69EEA79A28EE278A94ED11
:10ACD000006AD4ED016A94ED027A66EEC9AA69EEC3
:10ACE000877A7AEEE7AAD4ED037A67EE885A7AEE8D
:10ACF000E5AA7AEE86AAC4ED00AA29EE06AA68EEB5
:10AD0000075A3AEE25AA67EEA95A3AEE65AA3AEE34
:10AD100026AA84ED01AA69EE868A68EE265A78EEA4
:10AD2000E58A67EE895A78EEA58A78EE878AC4EDBF
:10AD3000028A28EE068A69EEA69A38EE298A29EE5A
:10AD4000079A38EE498A37EE888A84ED038A6AEEDC
:10AD5000AA7A2AEE0A7A77EE877A28EEA87A77EE30
:10AD6000877A28EE080A37EE800AFFF7DFFC6AEEE2
:10AD700080AAC4ED00AA2AEE00AA84ED01AA68EE1A
:10AD8000808AC4ED028A28EE008A84ED038A06B028
:10AD9000BDEC108B10BDFFF7E1FCF8E70023054A7E
:10ADA0001360054A1360054A136075E7BC8F0024E1
:10ADB0006F12833AB88F0024B48F0024B08F002420
:10ADC000D40000246F12033AF8B52DED028B04462F
:10ADD0000F4616461D46D0ED000A90ED030A20EE00
:10ADE000800AD0ED017A90ED027A27EE877A30EE74
:10ADF000070A60EEA00A67EEA77A70EEA70A70EE67
:10AE0000A00AB7EE008A70EEC80A30EE000A07F01A
:10AE1000FFFA87ED000AD4ED017A94ED037A67EE2C
:10AE2000877A94ED007AD4ED026A27EE267A77EEDF
:10AE3000C77AB8EE000A27EE800A07F0BDFA86ED61
:10AE4000000AD4ED000A94ED010A20EE800A94ED88
:10AE5000027AD4ED037A27EE277A30EE070A60EE05
:10AE6000A00A67EEA77A70EEA70A70EEA00A70EE4D
:10AE7000C80A30EE000A07F0CBFA85ED000ABDECF7
:10AE8000028BF8BD00B59BB00023129313930222EE
:10AE90001492012215921693179312A94248F9F7BA
:10AEA00029F900285BD100230093022211463E4875
:10AEB000F9F765F9002855D1002201213A48F9F740
:10AEC000C1FA002851D13848F9F774F900284FD158
:10AED00000230A930B9302220C9201220D920E93EF
:10AEE0000F930AA93148F9F705F9002843D1002347
:10AEF0000093022211462D48F9F741F900283DD16F
:10AF0000002201212948F9F79DFA002839D1274864
:10AF1000F9F750F9002837D1002302930393022256
:10AF20000492012205920693079302A92048F9F79B
:10AF3000E1F860BB00230093022211461C48F9F798
:10AF40001EF938BB002201211948F9F77BFA20BB12
:10AF50001748F9F72FF918BB1BB05DF804FBF6F79B
:10AF6000E7FBA0E7F6F7E4FBA6E7F6F7E1FBAAE7C5
:10AF7000F6F7DEFBACE7F6F7DBFBB8E7F6F7D8FB56
:10AF8000BEE7F6F7D5FBC2E7F6F7D2FBC4E7F6F764
:10AF9000CFFBCFE7F6F7CCFBD4E7F6F7C9FBD7E753
:10AFA000F6F7C6FBD8E700BF10090024700800249C
:10AFB000D007002400283FD0F8B50C4606460B7891
:10AFC0001B09437148788A78C97823791F0947EAB1
:10AFD00001171D0205F4706563791D431021F2EE1F
:10AFE000090ABAEE090A42EA002000F009FC86EDDF
:10AFF000020A0C21F2EE040ABAEE040A384600F006
:10B00000FFFB86ED030A0C21F3EE0C0ABBEE0C0AE3
:10B01000284600F0F5FB86ED040AA37907EE903A86
:10B02000F8EE677AC6ED057AE37907EE903AF8EE26
:10B03000677AC6ED067AF8BD7047000011F0010F7F
:10B0400000D1704710B58CB004466B4602AA40216F
:10B05000F9F706F950B92368864A934208D0864A20
:10B06000934260D0854A934200F0AB800CB010BD93
:10B07000029B142B08D8112BF8D3113B032BF5D8C6
:10B08000DFE803F02D363F48A3F20122062AEDD86F
:10B09000DBB2013BDBB27A4903EB830201EB4200F6
:10B0A00031F9124004819DF800C09DF8014044EA46
:10B0B0000C2421F812409DF80220120212B29DF8D1
:10B0C0000340224342809DF80420120212B29DF8F0
:10B0D0000540224382809DF806208271C6E7694CB4
:10B0E00069462046FFF766FFF7F780F9E061BDE7A4
:10B0F000654C69462046FFF75DFFF7F777F9E06199
:10B10000B4E7624C69462046FFF754FFF7F76EF943
:10B11000E061ABE75E4C69462046FFF74BFFF7F76F
:10B1200065F9E061A2E7029B172B41D00CD8152BE3
:10B1300035D0162B9AD1574C69462046FFF73AFF77
:10B14000F7F754F9E06191E7A3F20122062A8DD8BE
:10B15000DBB2013BDBB2504903EB830201EB42005F
:10B1600031F9124004819DF800C09DF8014044EA85
:10B170000C2421F812409DF80220120212B29DF810
:10B180000340224342809DF80420120212B29DF82F
:10B190000540224382809DF80620827166E73F4C7D
:10B1A00069462046FFF706FFF7F720F9E0615DE703
:10B1B0003B4C69462046FFF7FDFEF7F717F9E061C3
:10B1C00054E7029B2C2B42D015D81C2B7FF44EAF9A
:10B1D0009DF80320334B9A729DF804109DF80520CA
:10B1E00042EA01221A809DF806109DF8072042EAE3
:10B1F00001225A803AE7A3F20122062A3FF636AF2F
:10B20000DBB2013BDBB2284903EB830201EB4200D6
:10B2100031F9124004819DF800C09DF8014044EAD4
:10B220000C2421F812409DF80220120212B29DF85F
:10B230000340224342809DF80420120212B29DF87E
:10B240000540224382809DF8062082710EE79DF81A
:10B250000320144BDA729DF804109DF8052042EA91
:10B2600001229A809DF806109DF8072042EA0122EB
:10B27000DA80FBE600A0004000A4004000D40040BB
:10B28000208F0024C89000249C90002470900024FB
:10B2900044900024EC8F0024D88E002418900024C1
:10B2A000C08F0024688F0024908E0024082816D8B0
:10B2B000DFE800F0051707090B0D0F111300002040
:10B2C0007047022070470320704704207047052014
:10B2D00070470620704707207047082070470820F5
:10B2E0007047012070470000002918BF002823D0B4
:10B2F00070B58AB01546064608291BD8019300246C
:10B30000029403940846FFF7D1FF04900594069435
:10B31000079408940994022D05D0032D05D0012D22
:10B3200008D1064802E0064800E00648324601A976
:10B33000F8F75AFF0AB070BD704700BF100900242B
:10B3400070080024D00700242DE9F0412D4E2C2553
:10B350002A460021304601F037F901243470747018
:10B360001123B370F470284E2A460021304601F0B4
:10B370002BF93470022777701223B370F470234EC8
:10B380002A460021304601F01FF934704FF00308BF
:10B3900086F801801323B370F4701D4E2A460021F5
:10B3A000304601F011F93470042373701423B37024
:10B3B000F470184C2A460021204601F005F984F863
:10B3C0000080052363701523A370E770124C2A4692
:10B3D0000021204601F0F8F884F80080062363700D
:10B3E0001623A370E7700D4C2A460021204601F079
:10B3F000EBF884F80080072363701723A370E770CD
:10B40000BDE8F081C89000249C9000247090002436
:10B410004490002418900024EC8F0024C08F002456
:10B4200000B583B084468E461346114A92E8030065
:10B4300002AA02E90300BCF1020F10D0BCF1030F15
:10B4400011D0BCF1010F07D1FC228DF80720724604
:10B4500008216846FFF748FF03B05DF804FBFD22B2
:10B460008DF80720F3E7FE228DF80720EFE700BFF5
:10B470006C2D010831EE601A30EE600A0123834022
:10B48000013B07EE903AF8EEE77A20EE270AC0EE8D
:10B49000017AFCEEE77A17EE903A98B27047000016
:10B4A0002DE9F0432DED028B83B080468946B0EE46
:10B4B000408A0024274626462546A446042A4DD81D
:10B4C000DFE812F005007100B90001014901DFED6C
:10B4D000C67AB4EEE70AF1EE10FA09D9DFEDC37AC5
:10B4E000B4EEE70AF1EE10FA04DBB0EE678A01E091
:10B4F0009FEDBD8ADFEDBE8A1020B2EE091AFAEE8A
:10B50000090AB0EE680AFFF7B5FF04460C209FED6C
:10B51000B91ADFEDB90AB0EE680AFFF7ABFF0746CC
:10B520000C209FEDB61AF0EE680AB0EE680AFFF73D
:10B53000A1FF06460C20B1EE041AF0EE680AB0EE48
:10B54000680AFFF797FF05460C209FEDA81ADFED6C
:10B55000A60AB0EE480AFFF78DFF8446230A8DF84D
:10B5600000308DF801403B098DF80230330A43EA80
:10B5700007138DF803308DF804602B098DF8053022
:10B580004FEA1C2343EA05138DF806308DF807C0F7
:10B590004B46424608216846FFF7A6FE03B0BDECC5
:10B5A000028BBDE8F083FAEE047AB4EEE70AF1EE1E
:10B5B00010FA09D9F2EE047AB4EEE70AF1EE10FAC5
:10B5C00004DBB0EE678A01E0BAEE048ADFED888A18
:10B5D0001020B2EE091AFAEE090AB0EE680AFFF777
:10B5E00049FF04460C20B3EE0E1AFBEE0E0AB0EE35
:10B5F000680AFFF73FFF07460C209FED801AF0EE28
:10B60000680AB0EE680AFFF735FF06460C20B1EE77
:10B61000041AF0EE680AB0EE680AFFF72BFF054641
:10B620000C20B2EE041AFAEE040AB0EE480AFFF754
:10B6300021FF844692E7FAEE047AB4EEE70AF1EECF
:10B6400010FA09D9F2EE047AB4EEE70AF1EE10FA34
:10B6500004DBB0EE678A01E0BAEE048ADFED648AAB
:10B660001020B2EE091AFAEE090AB0EE680AFFF7E6
:10B6700001FF04460C20B3EE0E1AFBEE0E0AB0EEEC
:10B68000680AFFF7F7FE07460C209FED5C1AF0EE04
:10B69000680AB0EE680AFFF7EDFE06460C20B1EE30
:10B6A000041AF0EE680AB0EE680AFFF7E3FE0546FA
:10B6B0000C20B2EE041AFAEE040AB0EE480AFFF7C4
:10B6C000D9FE84464AE7FBEE0C7AB4EEE70AF1EEC7
:10B6D00010FA09D9F3EE0C7AB4EEE70AF1EE10FA9B
:10B6E00004DBB0EE678A01E0BBEE0C8ADFED408A36
:10B6F0001020B2EE091AFAEE090AB0EE680AFFF756
:10B70000B9FE04460C20B2EE041AFAEE040AB0EEBA
:10B71000680AFFF7AFFE07460C209FED381AF0EEDF
:10B72000680AB0EE680AFFF7A5FE06460C20B1EEE7
:10B73000041AF0EE680AB0EE680AFFF79BFE0546B1
:10B740000C20B3EE0C1AFBEE0C0AB0EE480AFFF721
:10B7500091FE844602E7FBEE027AB4EEE70AF1EED0
:10B7600010FA09D9F3EE027AB4EEE70AF1EE10FA14
:10B7700004DBB0EE678A01E0BBEE028ADFED1C8AD3
:10B780001020B2EE091AFAEE090AB0EE680AFFF7C5
:10B7900071FE04460C209FED171ADFED170AB0EE7C
:10B7A000680AFFF767FE07460C209FED141AF0EEBB
:10B7B000680AB0EE680AFFF75DFE06460C20B1EE9F
:10B7C000041AF0EE680AB0EE680AFFF753FE054669
:10B7D0000C20B3EE021AFBEE020AB0EE480AFFF7A5
:10B7E00049FE8446BAE600BF000058C20000584235
:10B7F0000000000000003442000034C20000FA43A0
:10B8000007EE900A70EEC00AF8EEE77A27EEA07A0B
:10B8100001238B40013B07EE903AF8EEE77AC7EE42
:10B82000276A36EE800A704710B4204BB3F9002027
:10B830001F4BB3F900100BB2D01AB0F57A6F03DDCD
:10B840001C4C2088013020809A1AB2F57A6F03DDF3
:10B8500018480288013A0280144A1180154AB2F948
:10B86000002007EE902AF8EEE77ADFED136A67EE24
:10B87000A67A07EE103AB8EEC77A77EE877A0F4BC2
:10B88000B3F9003007EE103AB8EEC77A77EEC77A10
:10B8900087EEA67A37EE077ADFED097A27EE277A68
:10B8A000084B83ED007A5DF8044B7047BE0D002411
:10B8B000888A0024BC0D002400F8FF45B40D002444
:10B8C000DB0F4940B80D002410B4204BB3F9002021
:10B8D0001F4BB3F902100BB2D01AB0F57A6F03DD2B
:10B8E0001C4C2088013020809A1AB2F57A6F03DD53
:10B8F00018480288013A0280144A1180154AB2F9A8
:10B90000002007EE902AF8EEE77ADFED136A67EE83
:10B91000A67A07EE103AB8EEC77A77EE877A0F4B21
:10B92000B3F9003007EE103AB8EEC77A77EEC77A6F
:10B9300087EEA67A37EE077ADFED097A27EE277AC7
:10B94000084B83ED007A5DF8044B7047B20D00247C
:10B95000888A0024B00D002400F8FF45A80D0024BB
:10B96000DB0F4940AC0D002410B4204BB3F900208C
:10B970001F4BB3F904100BB2D01AB0F57A6F03DD88
:10B980001C4C2088013020809A1AB2F57A6F03DDB2
:10B9900018480288013A0280144A1180154AB2F907
:10B9A000002007EE902AF8EEE77ADFED136A67EEE3
:10B9B000A67A07EE103AB8EEC77A77EE877A0F4B81
:10B9C000B3F9003007EE103AB8EEC77A77EEC77ACF
:10B9D00087EEA67A37EE077ADFED097A27EE277A27
:10B9E000084B83ED007A5DF8044B7047A60D0024E8
:10B9F000888A0024A40D002400F8FF459C0D002433
:10BA0000DB0F4940A00D002410B4204BB3F90020F7
:10BA10001F4BB3F906100BB2D01AB0F57A6F03DDE5
:10BA20001C4C2088013020809A1AB2F57A6F03DD11
:10BA300018480288013A0280144A1180154AB2F966
:10BA4000002007EE902AF8EEE77ADFED136A67EE42
:10BA5000A67A07EE103AB8EEC77A77EE877A0F4BE0
:10BA6000B3F9003007EE103AB8EEC77A77EEC77A2E
:10BA700087EEA67A37EE077ADFED097A27EE277A86
:10BA8000084B83ED007A5DF8044B70479A0D002453
:10BA9000888A0024980D002400F8FF45900D0024AA
:10BAA000DB0F4940940D002410B4204BB3F9002063
:10BAB0001F4BB3F908100BB2D01AB0F57A6F03DD43
:10BAC0001C4C2088013020809A1AB2F57A6F03DD71
:10BAD00018480288013A0280144A1180154AB2F9C6
:10BAE000002007EE902AF8EEE77ADFED136A67EEA2
:10BAF000A67A07EE103AB8EEC77A77EE877A0F4B40
:10BB0000B3F9003007EE103AB8EEC77A77EEC77A8D
:10BB100087EEA67A37EE077ADFED097A27EE277AE5
:10BB2000084B83ED007A5DF8044B70478E0D0024BE
:10BB3000888A00248C0D002400F8FF45840D002421
:10BB4000DB0F4940880D002410B4204BB3F90020CE
:10BB50001F4BB3F90A100BB2D01AB0F57A6F03DDA0
:10BB60001C4C2088013020809A1AB2F57A6F03DDD0
:10BB700018480288013A0280144A1180154AB2F925
:10BB8000002007EE902AF8EEE77ADFED136A67EE01
:10BB9000A67A07EE103AB8EEC77A77EE877A0F4B9F
:10BBA000B3F9003007EE103AB8EEC77A77EEC77AED
:10BBB00087EEA67A37EE077ADFED097A27EE277A45
:10BBC000084B83ED007A5DF8044B7047820D00242A
:10BBD000888A0024800D002400F8FF45780D002499
:10BBE000DB0F49407C0D002408B534E000221D4BDA
:10BBF0001A801D4BB3F900001C4908801C490A80BB
:10BC0000B3F902001B4908801B490A80B3F90400FC
:10BC10001A4908801A490A80B3F9060019490880B0
:10BC200019490A80B3F908001849088018490A80A0
:10BC3000B3F90A20174B1A80FFF7F6FDFFF744FE11
:10BC4000FFF792FEFFF7E0FEFFF72EFFFFF77CFF06
:10BC50000120FCF733FE104B5A8940F201139A423F
:10BC6000C4D0E9E7BC0D0024888A0024B40D002468
:10BC7000B00D0024A80D0024A40D00249C0D002468
:10BC8000980D0024900D00248C0D0024840D0024B8
:10BC9000800D0024780D0024688F00249446002A2B
:10BCA00018BF002817D0017012684260DCF8042029
:10BCB0008260DCF80820C26080ED040AC0ED050A4D
:10BCC00000228263426302630262C2628262426253
:10BCD00042640264C26370470346002800F0A380F8
:10BCE000D0ED107AC0ED117A90ED0F7A80ED107AD8
:10BCF000C0ED060A80ED070A70EEC00AC0ED0F0A1B
:10BD00000278002A4CD1D0ED017A60EEA77AC0ED1E
:10BD1000097AD0ED0A6A90ED026A20EE866A76EE24
:10BD2000866AC0ED0A6A426B8263026B426370EE00
:10BD3000C70AC0ED0C0A90ED037A60EE870AC0EDE9
:10BD40000B0A90ED057AF4EEC76AF1EE10FA13DDF6
:10BD500080ED0A7A93ED0A7A77EE877A70EEA70A79
:10BD6000C3ED080AD3ED047AF4EEE70AF1EE10FA17
:10BD70000CDDC3ED087A15E0B1EE477AF4EEC76A40
:10BD8000F1EE10FAE6D580ED0A7AE3E7F1EE677A94
:10BD9000F4EEE70AF1EE10FA04D5C3ED087A01E0FB
:10BDA000012A02D093ED080A7047D0ED016A30EE07
:10BDB000C76A66EE866AC0ED096A90ED026A20EEF7
:10BDC000866A80ED0A6A426B8263026B426337EED9
:10BDD000077A70EEC70A77EEA07AC0ED0C7A90ED84
:10BDE000037A67EE877AC0ED0B7A90ED087A76EEEB
:10BDF000866A77EEA67A77EE277AC0ED087A90ED1C
:10BE0000047AF4EEC77AF1EE10FA02DD80ED087ADA
:10BE1000C8E7B1EE477AF4EEC77AF1EE10FAC1D571
:10BE200080ED087ABEE79FED010A70470000000030
:10BE3000034660B94FF6FF720FE013F8011B514043
:10BE4000C9B2074830F8111081EA1222614601F1A7
:10BE5000FF3C1FFA8CFC0029EFD11046704700BF51
:10BE6000942F0108002818BF02291BD938B50C46A9
:10BE7000054602394FF6FF7289B2FFF7D9FF2B1939
:10BE800013F8023CC2B29A4201D0002038BDC0F380
:10BE90000F202B1913F8013C984201D00020F5E740
:10BEA0000120F3E7002070470378A52B00D07047EE
:10BEB00010B50446272900D010BD8279437943EAA2
:10BEC00002231BB240F202329342F5D1FFF7CAFFC0
:10BED0000028F1D00C4BD4F80720D4F80BC0D4F8CC
:10BEE0000F00D4F813101A60C3F804C09860D9602A
:10BEF000D4F817201A61B4F81B209A82F6F776FA64
:10BF0000024B1860D8E700BF888A0024C00D0024C7
:10BF100002680A4B9A4200D0704710B50446084B9D
:10BF20001B78A52B06D04FF4807205492046FCF7FC
:10BF30005FFC10BD0248FFF7B7FFF4E70078004050
:10BF4000F490002408B50268044B9A4200D008BD62
:10BF50004FF480720249FCF74BFCF8E70078004090
:10BF6000F49000240FB410B502AA52F8041B094B38
:10BF70001A60094C204600F00BFB82B2074B1A8076
:10BF80000A2321460648FCF749FABDE8104004B0F0
:10BF9000704700BFF8920024F8910024F491002427
:10BFA0004412002410B588B000238DF807300EE04D
:10BFB0004FF0600C14E04FF0600C1EE04FF0600C8E
:10BFC000C3F1170420346C4404F818CC0133072B58
:10BFD00021DC41FA03F414F0010FE9D04FF0780CA2
:10BFE000C3F1070420346C4404F818CC40FA03F47D
:10BFF00014F0010FDFD04FF0780CC3F10F042034A0
:10C000006C4404F818CC42FA03F414F0010FD5D0B4
:10C010004FF0780CD4E74FF6FF7300220DF10701C3
:10C020000F48FAF765FC0E4B93F88130DBB2012B19
:10C03000F9D14FF6FF73182202A90948FAF758FC04
:10C04000002408E04FF6FF7301220DF107010448B8
:10C05000FAF74EFC0134632CF4DD08B010BD00BFCC
:10C06000E80E00242DE9F047089D0E4604460F46D1
:10C07000002B4AD194468C45B2FA82F260D942B183
:10C08000C2F12003974020FA03F30CFA02FC1F438D
:10C0900094404FEA1C4E1FFA8CF6B7FBFEF1230CBE
:10C0A0000EFB117743EA074301FB06F098420AD9D9
:10C0B0001CEB030301F1FF3780F01581984240F239
:10C0C0001281023963441B1AA4B2B3FBFEF00EFBCB
:10C0D000103344EA034400FB06F6A6420AD91CEBDF
:10C0E000040400F1FF3380F00081A64240F2FD809D
:10C0F0006444023840EA0140A41B00211DB1D44031
:10C100000023C5E90043BDE8F0878B4205D90DB196
:10C11000C5E9000100210846F5E7B3FA83F10029DB
:10C1200046D1B34202D3824200F2F580841A66EB14
:10C13000030201201746002DE5D0C5E90047E2E7DC
:10C14000002A40F09380A1EB0C034FEA1C471FFA32
:10C150008CFE0121B3FBF7F607FB1630230C43EAF4
:10C1600000430EFB06F0984208D91CEB030306F1CE
:10C17000FF3802D2984200F2D08046461B1AA4B281
:10C18000B3FBF7F007FB103344EA03440EFB00FE59
:10C19000A64508D91CEB040400F1FF3302D2A645E2
:10C1A00000F2B6801846A4EB0E0440EA0640A5E76C
:10C1B000C1F120078B4022FA07FC4CEA030C06FA77
:10C1C00001FE20FA07F426FA07F344EA0E0400FA07
:10C1D00001F84FEA1C404FEA1449B3FBF0FE1FFA86
:10C1E0008CF600FB1E3349EA03430EFB06F9994522
:10C1F00002FA01F20BD91CEB03030EF1FF3A80F0B7
:10C200008580994540F28280AEF1020E6344A3EB33
:10C210000909A4B2B9FBF0F300FB139944EA0944FD
:10C2200003FB06F6A64208D91CEB040403F1FF3019
:10C2300068D2A64266D9023B644443EA0E40A41B7E
:10C24000A0FB02E6B4427346B14652D34FD05DB173
:10C25000B8EB030264EB090404FA07F722FA01F3CE
:10C260001F43CC40C5E9007400214CE7C2F1200116
:10C2700020FA01F30CFA02FC26FA01F1964033434E
:10C280004FEA1C471FFA8CFEB1FBF7F007FB1016B4
:10C29000190C41EA064100FB0EF68E4204FA02F444
:10C2A00008D91CEB010100F1FF382DD28E422BD9A9
:10C2B00002386144891B9BB2B1FBF7F607FB1611EC
:10C2C00043EA014306FB0EF1994208D91CEB030334
:10C2D00006F1FF3814D2994212D9023E63445B1A28
:10C2E00046EA004136E73946EDE6184602E7F045F2
:10C2F000ADD2BEEB020366EB0C060138B146A6E7F1
:10C300004646ECE7034698E74046D3E7D6467EE745
:10C310006444023847E708460DE7023E63442DE7D0
:10C32000024A0349034800F0C9B800BFD8000024FE
:10C33000CDEB0008E80000240C4B4168994210B591
:10C34000044601D002F042FCA168094B994202D098
:10C35000204602F03BFCE168064B994204D020469F
:10C36000BDE8104002F032BC10BD00BFFC920024BA
:10C3700064930024CC9300242DE9F843314A324CD5
:10C380003249DFF8DC90DFF8DC80314F11600025A6
:10C3900004232946082204F15C00C4E903352D4E2C
:10C3A000A560C4E90055C4E90555656600F00CF9BF
:10C3B00004F15800C4E90749C4E90987E66200F0BE
:10C3C0000DFA2946244B6367082204F1C400C4E92E
:10C3D0001A55C4E91E552567C4F8CC50C4F88050DE
:10C3E00000F0F2F804F1680304F1C000C4F88430EE
:10C3F000C4E92298C4E9247600F0F0F9174BC4F898
:10C40000DC30294604F596700822C4E93455C4E9A5
:10C410003855C4F8D850C4F83451C4F8E85000F086
:10C42000D3F804F1D003C4E93D87C4F8F09004F5D3
:10C430009470C4F8FC60C4F8EC30BDE8F84300F038
:10C44000CDB900BF34940024FC92002421C300081D
:10C4500065C5000889C50008090001001200020036
:10C4600001C5000825C5000810B504460A4800F0BB
:10C47000B9F9636B23B9094B094A1B68626323B19D
:10C48000BDE81040044800F0AFB9FFF775FFBDE804
:10C490001040014800F0A8B94494002434940024CA
:10C4A00039C30008014800F09DB900BF449400243E
:10C4B000014800F099B900BF449400242DE9F843E5
:10C4C0000746884616464FF00009D6E90154013D5B
:10C4D00010D4A389012B08D9B4F90E3001332146B9
:10C4E000384602D0C04749EA0009013D6B1C04F1FF
:10C4F0006804EED13668002EE7D14846BDE8F883DF
:10C5000010B50C46B1F90E1000F00EF9002803DB4F
:10C51000236D0344236510BDA38923F48053A381B5
:10C5200010BD00BF2DE9F0410C46B1F90C101F46BB
:10C53000CB05054616460BD421F48051A1813B461C
:10C54000B4F90E1032462846BDE8F04100F002B9B9
:10C55000B4F90E100223002200F0D0F8B4F90C1048
:10C56000EAE700BF10B50C46B1F90E1000F0C6F8AE
:10C57000B4F90C30421C0EBF23F4805343F48053B3
:10C580002065A38110BD00BFB1F90E1000F06EB898
:10C5900070B59AB013460A4E0A466FF000410291F8
:10C5A00005910849039104460025306819956946AC
:10C5B0000094049400F040FD009B1D701AB070BD03
:10C5C000E40000240802FFFF830730B547D0541E63
:10C5D000002A3ED0CAB2034601E0013C39D303F839
:10C5E000012B9D07F9D1032C2CD9CDB205EB0525E4
:10C5F0000F2C05EB054535D9A4F1100222F00F0CE4
:10C6000003F1100EE6444FEA121C1A46C2E9005527
:10C61000C2E9025510327245F8D10CF1010214F052
:10C620000C0F03EB021204F00F0C13D0ACF1040357
:10C6300023F003030433134442F8045B9342FBD119
:10C640000CF003042CB1C9B21C4403F8011BA34233
:10C65000FBD130BD64461346002CF4D1F9E7034604
:10C660001446C0E71A46A446E0E700BF38B5074DB8
:10C670000022044608462A60F5F754FB431C00D00C
:10C6800038BD2B68002BFBD0236038BD38940024C4
:10C69000194B1B6883422ED0416C70B5054681B1A1
:10C6A00000268C593CB121462468284600F00AF93E
:10C6B000002CF8D1696C0436802EF2D1284600F0A7
:10C6C00001F9A96B11B1284600F0FCF82C6C34B1CB
:10C6D00021462468284600F0F5F8002CF8D1E96CD2
:10C6E00011B1284600F0EEF86B6B1BB12846BDE88F
:10C6F0007040184770BD7047E400002438B50C4600
:10C70000084D8446114620461A4600232B60644695
:10C71000F5F712FB431C00D038BD2B68002BFBD073
:10C72000236038BD3894002438B50C46084D844643
:10C73000114620461A4600232B606446F5F7D4FACA
:10C74000431C00D038BD2B68002BFBD0236038BDC4
:10C750003894002438B50C46084D844611462046CE
:10C760001A4600232B606446F5F7CEFA431C00D02E
:10C7700038BD2B68002BFBD0236038BD38940024D3
:10C78000014B1868704700BFE400002470B50F4BE0
:10C790000F4DAB42A3EB050607D0B610002455F8A9
:10C7A000043B01349847A642F9D806F0B5F9094D83
:10C7B000094B5E1BAB424FEAA60606D0002455F893
:10C7C000043B01349847A642F9D870BD28340108CB
:10C7D000283401082834010830340108704700BFAC
:10C7E000704700BF704700BF704700BF024B13B1D6
:10C7F000024800F005B8704700000000B9EE0008DC
:10C80000002301461A46184602F0AABB2DE9F84358
:10C8100006460820894602F063FBDFF8A48005463F
:10C82000304600F0FDFBD8F808305F6827F00307BA
:10C83000A7F11104A4EB09042C44B4FBF5F4013C6A
:10C8400005FB04F4A54208DC0021304602F022FB7F
:10C85000D8F808303B44984205D0304600F0E6FB5B
:10C860000020BDE8F8836142304602F013FB01303E
:10C870000FD0114AD8F808303F1B47F001075F601E
:10C88000136830461B1B136000F0D0FB0120BDE88D
:10C89000F8830021304602F0FDFAD8F80820831A08
:10C8A0000F2BDADD43F001035360044B02491B6890
:10C8B000C01A0860D1E700BF4C9400242C02002469
:10C8C0003802002400297CD02DE9F0410C46804636
:10C8D00000F0A6FB54F8043C754FA4F1080523F0C2
:10C8E00001016818BE684268864222F0030200F027
:10C8F0008380DE07426000EB020C33D454F8084C0E
:10C90000DCF804302D1B2144AC6807F1080C6445A9
:10C9100003F0010364D0D5F80CE0C4F80CE0CEF8C5
:10C920000840002B00F0818041F001036B60016042
:10C93000B1F5007F22D27868CB0801224909013382
:10C940008A40024357F833107A6007EBC302083A73
:10C95000C5E9021247F83350CD604046BDE8F041CA
:10C9600000F064BBDCF80430DB072BD541F0010399
:10C97000B1F5007F44F8043C0160DCD3B1F5206FD1
:10C980004FEA512353D28B0903F1390003F13802E6
:10C99000C300F818FB580838984203D161E09B683F
:10C9A000984204D05A6822F003028A42F7D8D86825
:10C9B000C5E902308560DD604046BDE8F04100F029
:10C9C00035BB7047114407F1080C836863453FD0BD
:10C9D000C268DA60936041F001036B606950A7E7B9
:10C9E000002B5FD10A44D0E90213CB60996042F07A
:10C9F00001036B60AA50B0E7DB070A4407D454F880
:10CA0000083CED1A1A44D5E90213CB60996042F054
:10CA100001036B60274BBD601B6893429DD8264B7A
:10CA200040461968FFF7F2FE97E71144CDE7142B53
:10CA300008D9542B1DD80B0B03F16F0003F16E02C4
:10CA4000C300A6E703F15C0003F15B02C300A0E7AB
:10CA500041F00103C7E90455C5E902CC6B60695098
:10CA60007BE779689210012404FA02F20A437A60A3
:10CA70009EE7B3F5AA7F06D8CB0B03F1780003F14C
:10CA80007702C30085E740F25452934206D88B0CDC
:10CA900003F17D0003F17C02C3007AE74FF47E735B
:10CAA0007E2276E741F001036B60016055E700BF2D
:10CAB00038020024300200247C9400242DE9F04F39
:10CAC00001F10B05162D83B0064623D8102900F27C
:10CAD000AF8000F0A5FA102518230220B74F3B4481
:10CAE000A3F108025C68944200F01E816368E2686A
:10CAF000A16823F00303CA602344304691605A685A
:10CB000042F001025A6000F091FA0834204603B066
:10CB1000BDE8F08F35F0070500F18A80A94200F2E8
:10CB2000878000F07DFAB5F5FC7FC0F06E816B0A5E
:10CB300000F08280042B00F21D81AB0903F1390063
:10CB400003F1380EC3009D4F3B44A3F1080C5C6811
:10CB5000A44507D10DE0002AE16880F2DF808C4512
:10CB600007D00C46636823F003035A1B0F2AF2DD3B
:10CB70007046DFF860823C69444500F0BC80636821
:10CB800023F0030CACEB05030F2B00F34281002BC9
:10CB9000C7E9048880F22D81BCF5007FD7F804E056
:10CBA00080F0C8804FEADC0101314FEA5C1C0123B0
:10CBB00003FA0CF357F83120A2604EEA030E07EB9C
:10CBC000C103083BE360C7F804E047F83140D46094
:10CBD00083104FF0010C0CFA03FCF44532D81CEA28
:10CBE0000E0F08D120F003004FEA4C0C1CEA0E0F88
:10CBF00000F10400F8D007EBC00AD6468146DEF803
:10CC00000C300BE0596821F003014A1B0F2A1C4627
:10CC1000DB6800F3BB80002A80F2DE809E45F1D104
:10CC200009F1010919F0030F0EF1080EE7D119E11E
:10CC30000C233360002469E74FF4007340204FF069
:10CC40003F0E80E7BC68636823F00309A94503D35E
:10CC5000A9EB05030F2B51DC594B1B68082003F18E
:10CC6000100804EB0903009302F03AF9554A1368DF
:10CC70000133A844834605D008F1FF38804443427D
:10CC800003EA08084146304602F004F9B0F1FF3FDC
:10CC90004C4A824600F0D880009B834200F2D2804A
:10CCA000494B186840440BF1FF311860844640F04E
:10CCB000FC801AEA010F40F0F880D7F808A0C844B9
:10CCC00048F00102CAF80420404B1968814238BF7D
:10CCD00018603F4B1968814238BF1860544622F0F3
:10CCE0000308A845A8EB050301D30F2B06DC30464B
:10CCF00000F09CF99EE7D7F804E069E7621943F079
:10CD0000010345F0010565603046BA60536000F0EC
:10CD10008DF90834204603B0BDE8F08FA2682344A3
:10CD2000D16030468A60EAE6DC68A3427FF4DEAE7A
:10CD300002301EE7BCF5206F4FEA5C227BD3142A39
:10CD400000F2128102F15C03DB005B32F918FB5840
:10CD50000839994203D1ECE09B68994204D05A68A3
:10CD600022F003026245F7D8D968C4E902318C6029
:10CD7000DC602DE7142B6AD9542B00F2FE802B0BBC
:10CD800003F16F0003F16E0EC300DCE6D4F808C0B7
:10CD90003046661945F001056560CCF80C30C3F8E3
:10CDA00008C042F00103C7E90466C6E9028873605F
:10CDB000625000F03BF90834A8E600BF38020024B6
:10CDC0007C9400242C0200244C94002478940024A9
:10CDD0007494002440020024214430464A6842F002
:10CDE00001024A6054F8082FD3609A6000F01EF9DF
:10CDF0008CE6A4443046DCF8043043F00103CCF860
:10CE0000043000F013F9083480E6E80805F108035F
:10CE100064E6621943F0010145F0010565603046A2
:10CE2000C7E90422C2E90288516044F80C3000F0DE
:10CE3000FDF808346AE64FEA9C1202F13903DB0080
:10CE4000383283E7BC4228D0BC68626847E703F108
:10CE50005C0003F15B0EC30075E65AF808395345D0
:10CE600040F0D98010F0030F00F1FF30F5D17B685E
:10CE700023EA0C037B604FEA4C0C9C453FF6E2AE84
:10CE8000BCF1000F04D1DDE64FEA4C0C09F10409B6
:10CE90001CEA030FF8D04846ADE6604B186808EB73
:10CEA000000C0BF1FF31C3F800C0106801306ED0E8
:10CEB000009AAAEB020262441A601AF00702CDE956
:10CEC000002340D0C2F108029244D04408EA010095
:10CED0005A44121A02EA010B5946304601F0DAFFB1
:10CEE000421C019B6FD0A0EB0A0000EB0B081868F6
:10CEF000C7F808A048F001025844BC42CAF8042010
:10CF000018603FF4E1AEB9F10F0F43D96168A9F1A0
:10CF10000C0222F0070201F00101114361604FF0A1
:10CF2000050CA1180F2AC1E901CC54D8DAF8042065
:10CF3000CAE692104FF0010C0CFA02F24EEA020E11
:10CF4000C7F804E011E70AEB08020A40ABEB020263
:10CF500002EA010B5946304601F09CFF431C019B3D
:10CF6000C1D1DDF800B0C2E7542A17D84FEA1C320D
:10CF700002F16F03DB006E32E8E6B3F5AA7F17D843
:10CF8000EB0B03F1780003F1770EC300DBE5C2F889
:10CF900000A092E70123CAF80430A8E6B2F5AA7F00
:10CFA00024D84FEADC3202F17803DB007732CDE699
:10CFB00040F25452934224D8AB0C03F17D0003F1AC
:10CFC0007C0EC300BFE5009A083A9044A8EB0A081B
:10CFD0004FF0000B8BE7304604F108010093FFF798
:10CFE00071FC009BD7F808A018689FE740F25453E3
:10CFF0009A420CD84FEA9C4202F17D03DB007C325E
:10D00000A4E64FF47E737F204FF07E0E9BE54FF435
:10D010007E737E229AE67B682DE700BF4C94002445
:10D020000148FFF7DFBB00BF3C9400240148FFF735
:10D03000DBBB00BF3C9400242DE9F04FD9B00C4677
:10D04000099115460B93834601F020FF0368169360
:10D050001846F3F775FC00211490082228A8FFF762
:10D06000B3FAA389190603D52369002B00F05E8764
:10D070009FED7F7B0023CDE92D33CDE917338DED77
:10D08000107B2FAA0E932C92144615931C93199380
:10D0900006932E46B246784BD3F8E45001F0F0FEEA
:10D0A00028AA0346009224A952465846A8470028B9
:10D0B00000F0B180C0F2A780249A252A034601D04F
:10D0C0009A44E8E7BAEB0607054640F0A88000233B
:10D0D00019464FF0FF328DF8873007930AF1010AA5
:10D0E0009AF80030059204910AF1010AA3F1200296
:10D0F0005A2A00F2C380DFE812F0F402C100C10036
:10D10000ED02C100C100C1006A00C100C1003F02C0
:10D110005102C1004A020603C100FF025B005B002E
:10D120005B005B005B005B005B005B005B00C100C1
:10D13000C100C100C100C100C100C1003B01C1006C
:10D14000BE01D3023B013B013B01C100C100C10054
:10D15000C100CC02C100C1008802C100C100C100F1
:10D16000E801C1005702C100C100B206C100C10000
:10D17000C100C100C100C100C100C1003B01C1002C
:10D18000BE011A023B013B013B01A0021A027F00D3
:10D19000C100C202C100B302D80622037F00C10051
:10D1A000E8017C00AE06C100C100DB06C1007C00C6
:10D1B000A3F1300200211AF8013B01EB810102EBDF
:10D1C0004101A3F13002092AF5D907918EE75846AB
:10D1D00001F05CFE436819931846F3F7B1FB1C900D
:10D1E0000546584601F052FE83681793002D40F023
:10D1F000B7859AF8003077E7049B43F02003049347
:10D200009AF8003070E70822002128A8FFF7DCF91F
:10D2100001239A443FE7BAEB0607054610D02E9B40
:10D220003B442E932D9B0133072BC4E900672D93BC
:10D2300015DC0834069B3B440693002D7FF447AF72
:10D240002E9B002B41F09381099B9B8903F04003A7
:10D25000002B41F09283069859B0BDE8F08F0999F0
:10D260002CAA584601F086FC0028EDD12FACE1E74E
:10D270000000000000000000400600240C93002B7A
:10D28000DED000228DF8FC3001238DF88720029338
:10D290000A920893059212920F920D923FAE049B50
:10D2A00013F0020302D002990231029104992E9DDB
:10D2B00011F0840805D1079902980F1A002F00F386
:10D2C000A1806AB1012262602D9A013201350DF10F
:10D2D0008701072A2E952D92216000F3DB83083405
:10D2E0006BB12D9B22AA013302352260072B4FF030
:10D2F00002022E952D93626000F3C1830834B8F1C9
:10D30000800F00F0C482059B089A9F1A002F00F33B
:10D31000FE82049BDA0500F12482089B63601D44B1
:10D320002D9B26600133072B2E952D9300F33F8311
:10D330000834049B5A0705D5079B029A9E1A002EB3
:10D3400000F3B583DDE9063202998A42ACBF9B182F
:10D350005B180693002D40F00B8300232D930A9B4E
:10D360001BB10A995846FFF7ADFA2FAC564691E625
:10D370000C930B9B073323F00703B3EC027B58ECB1
:10D38000177B0B9328F000431B938DED1A7ADDE990
:10D390001A01AF4B4FF0FF328DED107BF3F7D6FD46
:10D3A000002840F00285DDE91A01A94B4FF0FF3259
:10D3B000F3F7AEFD002840F0F88400220023384641
:10D3C0004146F3F79BFD002841F021809DF887201E
:10D3D000049BA04E23F0800304939F4B0C99472994
:10D3E000D8BF1E46002303210A930291089105939A
:10D3F00012930F930D93002A3FF451AF029B013318
:10D4000002934CE795492D9A1391102F25DD214663
:10D410002846099C914D1D934FF0100904E0103FE0
:10D42000102F01F1080115DD01321030072AC1E982
:10D430000059CDE92D20F2DD2CAA2146584601F0F5
:10D4400099FB002840F09C82103F102FDDE92D2031
:10D450002FA9E9DC1D9B0C4605460132139921607A
:10D460003D44072ACDE92D25676000F3D4869DF859
:10D470008720083425E70B9A0C93432B02F104050F
:10D4800003D0049BDA0640F11785082200212AA860
:10D49000FFF79AF80B9B3FAE1A6831462AAB584605
:10D4A00003F060F903460133089001F06182089BA4
:10D4B00023EAE373029300220B958DF887200A92EA
:10D4C000059212920F920D92E9E60B9F0C9357F87A
:10D4D000046B00238DF88730002E00F016850C9B1E
:10D4E000532B00F0BF86049B13F010030D9340F004
:10D4F000B986059B002BC1F245800D991A4630462E
:10D50000F3F7BEF90A90002801F066820A9B991B86
:10D510000D9B0891059321EAE17112930F930A93F1
:10D5200073239DF887200B9702910C9363E70C936C
:10D53000049B9B0640F1BD800B9B073323F0070340
:10D540001A46596852F8083B0B920A460029C0F265
:10D55000CA8305990029C0F28382049921F08005CD
:10D5600053EA020140F07D82059A002A40F07E8253
:10D570000495089258AE60E10B9B53F8042B079278
:10D58000002A80F2DA83079A0B9352420792049B97
:10D5900043F0040304939AF80030A5E52B238DF89B
:10D5A00087309AF800309FE50C93049B43F01005F8
:10D5B00015F0200200F072830B9B073323F0070362
:10D5C00019465A6851F8083B0B9101210020059E2D
:10D5D0008DF88700002EC0F2198125F0800004909C
:10D5E00053EA020040F01181002E40F02486002909
:10D5F00040F0808315F00103089300F0A3833023EB
:10D600008DF85F310DF25F1617E10C93049B43F028
:10D6100010030493049B13F0200200F055830B9B2E
:10D62000073323F0070319465A6851F8083B0B915A
:10D63000049921F480650021C8E79AF80030682B2E
:10D6400000F04E84049A42F0400204924CE500BF80
:10D65000FFFFEF7F782D0108742D0108A431010828
:10D66000049B9D0640F190830B9B069A1B681A60F1
:10D67000D2175A600B9B04330B9356460AE59AF86F
:10D6800000306C2B00F02284049A42F010020492C5
:10D690002AE5049B43F0080304939AF8003023E53D
:10D6A0000C93049B43F010030493049B9B063FF5EB
:10D6B00043AF04990B9ACF0652F8043B00F14B8319
:10D6C00004994E0640F143860B9243F3C032114653
:10D6D0001BB23BE7049B43F0010304939AF800302C
:10D6E00002E59DF887209AF80030002A7FF4FCAC10
:10D6F00020228DF88720F7E4049B43F080030493F5
:10D700009AF80030F0E4504610F8013B2A2B01F063
:10D71000E581A3F13002092A98BF002101F2E480DB
:10D7200010F8013B01EB810102EB4101A3F1300252
:10D73000092AF5D941EAE17205928246D6E40B9AAC
:10D74000049B43F0020552F8043B0B9247F630026B
:10D75000ADF8882078209B4A1592022100220C9077
:10D7600034E70C9B652B40F33381DDE91001002287
:10D770000023F3F7B9FB002800F0D2812D9B924AD9
:10D780002260013301350122072B2E952D93626013
:10D7900000F35C850834239B0E9A934280F2C88282
:10D7A000149B169A1D44C4E900232D9B2E9501332A
:10D7B000072B2D9300F39E8308340E9B5E1E002ED4
:10D7C0007FF7B7AD102E2D9BDFF8009240F3E58078
:10D7D000DDF82480102704E00834103E102E40F3BA
:10D7E000DC8001331035072BC4E90097CDE92D35D6
:10D7F000F2DD2CAA4146584601F0BCF9002840F061
:10D80000BF80DDE92D352FACE7E7049D012900F04D
:10D810002881022958AE1FD1159803F00F011B096A
:10D82000415C06F8011D43EA0273120953EA020142
:10D83000F3D158AB9B1B04950893059908989DF864
:10D84000872081424FF00003B8BF01460A9302913E
:10D8500012930F930D93CEE503F00701DB0843EA23
:10D860004273D208303153EA0207304606F8011DF0
:10D87000F2D1EF07DDD53029DBD03023023806F8AE
:10D88000013C58AB1B1A049508930646D5E7079B45
:10D89000029A9F1A002F7FF736AD102F2D9BDFF8CD
:10D8A0002C9122DD2A464FF010084D46DDF82490D9
:10D8B00004E0103F102F04F1080414DD013310328E
:10D8C000072BC4E90058CDE92D32F2DD2CAA4946D8
:10D8D000584601F04FF9002852D1103F102FDDE9D2
:10D8E0002D322FACEADCA946154601333D44072B07
:10D8F000CDE92D35C4F80090676000F3DB84059B0B
:10D90000089A9F1A002F04F108047FF702AD102F28
:10D910002D9BDFF8B8901FDD2A464FF01008099DB7
:10D9200004E0103F102F04F1080414DD01332749EF
:10D930001032072BC4E90018CDE92D32F1DD2CAAF5
:10D940002946584601F016F9D0B9103F102FDDE9ED
:10D950002D322FACEADC154601333D44072BCDE9CF
:10D960002D35C4F80090676000F38C810834D0E452
:10D9700009992CAA584601F0FDF800283FF4EDACB7
:10D980000A9B002B3FF460AC0A995846FEF79AFFB9
:10D99000099B9B8903F040035AE401333544072B6C
:10D9A000C4F800906660CDE92D357FF7C1AC0999C8
:10D9B0002CAA584601F0DEF80028E1D12E9D2FACAC
:10D9C000B7E400BF842D0108B42D0108943101088B
:10D9D0000E9B2D9F012B05F1010507F1010704F1B5
:10D9E000080840F30B810123072FCDE92D75266030
:10D9F000636000F38381149B169A01371D44072F3F
:10DA0000C8E90023CDE92D7500F3858108F10808E8
:10DA10000E9BDDE910015C1E00220023F3F764FA7F
:10DA2000002840F00481013701362544072FCDE955
:10DA30002D75C8F80060C8F8044000F3EB8008F1C9
:10DA40000808189BC8F8043001371D44072F26AB7F
:10DA5000CDE92D75C8F80030A9DC08F1080468E4A8
:10DA6000049D0A2B72F1000180F05E8330338DF843
:10DA70005F310123049508930DF25F16DDE60999E5
:10DA80002CAA584601F076F800287FF479AF2E9D35
:10DA90002FAC34E4099913932CAA584601F06AF884
:10DAA00000287FF46DAF2E9D139B2FAC18E4B44A71
:10DAB0002D9B1392102E1FDDDDF824801027914638
:10DAC00004E0103E102E04F1080415DD013310357A
:10DAD000072BC4E90097CDE92D35F2DD2CAA41468C
:10DAE000584601F047F800287FF44AAF103E102E48
:10DAF000DDE92D352FACE9DC0133139A3544072BD2
:10DB0000C4E90026CDE92D357FF71CAC09992CAA74
:10DB1000584601F02FF800287FF432AF2E9D11E413
:10DB20002399002940F35183DDE90D329342A8BFC8
:10DB30001346002B98460ADD1D44C4E900632D9B63
:10DB40002E950133072B2D9300F3618608340D9F2A
:10DB5000B8F1000FA8BFA7EB0807002F00F3F5816D
:10DB60000D9B33440593049B5F0500F11582239BB5
:10DB70000E9A9342C0F2A082049AD00700F19C82D0
:10DB80000E9AB718D61A059BFF1AB742A8BF374698
:10DB9000002F0ADD23602D9B676001333D44072B76
:10DBA0002E952D9300F365860834002FA8BFF61B31
:10DBB000002E7FF7BEAB102E2D9BDFF8C8917FF7AC
:10DBC000ECAEDDF82480102704E00834103E102E5F
:10DBD0007FF7E3AE01331035072BC4E90097CDE999
:10DBE0002D35F2DD2CAA4146584600F0C3FF00282F
:10DBF0007FF4C6AEDDE92D352FACE7E7049BD907EE
:10DC00003FF5F1AE0123072FCDE92D752660636046
:10DC10007FF717AF09992CAA584600F0ABFF0028F0
:10DC20007FF4AEAEDDE92D750DF1BC0809E70E9B62
:10DC3000012B7FF706AF112BDFF8489140F35C838F
:10DC4000CDF814A01026CA46DDF8249005E008F1AE
:10DC50000808103C102C40F34C8301371035072F77
:10DC6000C8E900A6CDE92D75F1DD2CAA4946584634
:10DC700000F080FF00287FF483AEDDE92D750DF103
:10DC8000BC08E6E709992CAA584600F073FF002863
:10DC90007FF476AE2E9D2FACFFF73BBB0B9915F0B2
:10DCA000100051F8043B0CD115F0400604D00B9144
:10DCB0009BB20246012189E415F400721CBFDBB25D
:10DCC00032460B91012181E404980B9910F0100069
:10DCD00051F8043B3DD1049A12F0400534D09BB278
:10DCE00002460B91A4E45B42049D62EB42022D20AC
:10DCF00001216CE4059B089358AE9EE509992CAA76
:10DD0000584600F037FF00287FF43AAEDDE92D7564
:10DD10000DF1BC086FE609992CAA584600F02AFFBD
:10DD200000287FF42DAEDDE92D750DF1BC086FE6FE
:10DD3000049BDB077FF5FDAA32E50B939AF80030D0
:10DD4000FFF7D2B958AE78E5049A12F4007240F0A9
:10DD500009840B916CE40B92DA171146FFF7F6BBBE
:10DD6000179A9AF80030002A3FF4BEA91278002AC8
:10DD70003FF4BAA9049A42F480620492FFF7B4B95E
:10DD8000A431010894310108049BD80600F1AB824C
:10DD9000049B590600F1E083049B9A0540F1A3829D
:10DDA0000B9B069A1B681A7064E4DDE910010246B9
:10DDB0000B46F3F7CBF8002840F01E860C9B612B36
:10DDC00000F03185412B00F04E85059B013300F0BA
:10DDD00002840C9B23F02003472B00F0E1850A907E
:10DDE000DDE91001049A002942F48079C0F2F98437
:10DDF0009DED107B8DED1E7B002313930C9B413B0F
:10DE0000252B00F22583DFE813F0290423032303E5
:10DE10002303EA03B5042303230323032303230378
:10DE200023032303230323032303230323032303C2
:10DE300023032303230323032303230323032303B2
:10DE4000230323032303230323032904230323039B
:10DE50002303EA03B504049D0C93FFF7A9BB0C93BD
:10DE6000AD4B1593049B13F0200200F033810B9B04
:10DE7000073323F0070319465A6851F8083B0B9102
:10DE80000498C1070BD553EA020108D00C998DF80C
:10DE9000891040F00201049130218DF88810049916
:10DEA00021F480650221FFF791BB0C93FFF7B2BB11
:10DEB0000C939A4B1593D5E70B9B1B688DF8FC30A0
:10DEC0000123029308933FAEFFF7F5BA049B43F09A
:10DED000200304930AF1010A9AF80030FFF704B90D
:10DEE000049B43F4007304930AF1010A9AF800308A
:10DEF000FFF7FAB809992CAA584600F03BFE002813
:10DF00007FF43EAD2E9D2FAC57E4059B0A96062B61
:10DF1000314628BF0623059632460293804E0B9762
:10DF2000089312910F910D91FFF765BA4021584661
:10DF3000FEF7C4FD099B18601861002800F00386F5
:10DF4000099A40235361FFF793B8102F2D9BDFF8F8
:10DF5000D49140F30B8249462A46B146099D4FF0C1
:10DF600010080E4604E00834103F102F40F3FA81E9
:10DF700001331032072BC4E90068CDE92D32F2DD00
:10DF80002CAA2946584600F0F5FD00287FF4F8AC8D
:10DF9000DDE92D322FACE7E70E9BCDF830A006EB84
:10DFA00003090F9BDDF85CA0DDF848800D96002B7F
:10DFB00022462946059C099DCDF81490DDF8709005
:10DFC00031DDB8F1000F40F33B8108F1FF382D98A7
:10DFD000199B013049440728C2E900392E912D9040
:10DFE00000F387800832059B9AF800001F1B8742C8
:10DFF000A8BF0746002F0CDD2D98013039440728B3
:10E00000C2E900472E912D9000F360819AF800003C
:10E010000832002FACBFC61B0646002E16DC044497
:10E020000F9B002BCDDCB8F1000FCEDCDDE90D63DA
:10E030002046F31898421446024628BF1A46CDF8E7
:10E040005CA00D46DDF830A0059290E5102E2D98CD
:10E05000344B23DD0894102734461E4604E0103C60
:10E06000102C02F1080216DD01302E4B103107286A
:10E07000C2E90037CDE92D01F1DD2CAA2946584629
:10E0800000F078FD00287FF47BAC103C102CDDE91B
:10E090002D012FAAE8DC33462646089C1360013088
:10E0A00031440728CDE92D01566000F3A2839AF888
:10E0B000000008320444B3E7149A16991544C4E9E1
:10E0C00000122D9A2E950132072A2D9200F3BE835D
:10E0D000083455E504980B9910F0100051F8043BF2
:10E0E00017D1049A12F040050ED09BB202460B9154
:10E0F000C6E62CAA2946584600F03CFD00287FF4CD
:10E100003FAC2E992FAA6EE7049A12F4007240F0E9
:10E110001F820B91B4E600BF982D0108842D0108E1
:10E12000AC2D01089431010800210894DFF81C93FC
:10E13000179CCDF810A005F4806758AE4FF0050885
:10E1400002958C4605E00A2B72F1000234D3534647
:10E150002A46991841F10001A9FB010525F00300A9
:10E1600000EB9500091A581A4FF0CC3562F1000EF9
:10E1700005FB00F5A0FB09A009FB0E550AF0010EF6
:10E180000544AEFB080E40184FEA5A0A303006F834
:10E19000010C4AEAC57A0CF1010C013E6D08002F12
:10E1A000D1D021788C45CED1BCF1FF0FCBD00A2B3A
:10E1B00072F1000280F0E7801794DDF810A0029D54
:10E1C000089CCDF838C0FFF734BB2D9B9E4A2260D7
:10E1D000013301350122072B2E952D93626000F348
:10E1E0001B810834002940F09380049B0E9A03F0B1
:10E1F000010313433FF49DA8149B169A1D44C4E9E0
:10E2000000232D9B2E950133072B2D9300F3D681F0
:10E2100004F108028DE0099913932CAA584600F0E6
:10E22000A9FC00287FF4ACAB9DF887202E9D139BA2
:10E230002FACFFF746B80129049D7FF4EAAA15E444
:10E240000F9B013B0AF1FF3A0F93C0E609992CAAF4
:10E25000584600F08FFC00287FF492AB2E9D2FAC27
:10E26000FFF799BA0DF1A80808220021404625962B
:10E27000FEF7AAF9059B002BC0F2928000250297B9
:10E2800099462F460EE03FA9584602F06BFA431C10
:10E29000384400F08F83484509DC05F1040500F09F
:10E2A000BD830746259A52594346002AEBD1089769
:10E2B000029F83E009992CAA584600F05BFC0028D5
:10E2C0007FF45EAB2E9D2FACFFF71DB82CAA29461C
:10E2D000584600F04FFC00287FF452AB9AF800003B
:10E2E0002E992FAA95E60B9B069A1B681A60FFF7DA
:10E2F000C1B9D146DDF814A0C8F800900137254413
:10E30000072FCDE92D75C8F804407FF798AB81E45D
:10E31000149B169A1D44C4E900232D9B2E950133AE
:10E32000072B2D9300F34A8104F108020029C0F263
:10E33000E0820E99166001330D44072BCDE92D358F
:10E3400051603FF734AB02F10804FEF7F2BF0499C5
:10E350000B928D054ABF43F3C012DA175BB2114628
:10E36000FFF7F4B8154632464E46914601333D4418
:10E37000072BCDE92D35C4F80090676000F31281BA
:10E380000834FFF7EDBB1C9B1999F61A1A46304664
:10E3900000F042FD637803B101344FF0000CD6E683
:10E3A00000231946CDF8008025AA584602F000FA4D
:10E3B00003460133089000F0FD822596089B002B50
:10E3C00036D0632B00F3E48000230A933FAE08228B
:10E3D00000214046FEF7F8F8089DCDF800802B4656
:10E3E00025AA3146584602F0E3F9854240F0A5835C
:10E3F00008990B970023735421EAE1719DF8872057
:10E400000593029112930F930D93FEF7F4BF2D2203
:10E410008DF88720FEF7DCBF09992CAA584600F03A
:10E42000A9FB00287FF4ACAA23992E9D2FACD9E636
:10E43000089B9DF887200B970293059312930F93E7
:10E440000D930A93FEF7D7BFB42D0108CDCCCCCCE9
:10E450002AAB019325AB0093022123AB9DED1E0B4C
:10E46000059A584600F054FE049BD907064600F171
:10E47000FC812A9B1B1A0E93239B0D930D9BDA1C88
:10E4800003DB059A9A4280F28B810C9B023B0C9332
:10E490000D9B013B9DF8302023930021002BB8BF3A
:10E4A0000D9B8DF89820BABFC3F101032D222B22BA
:10E4B000092B8DF8992040F365820DF1AF05B34F1C
:10E4C0002A461046A7FB0312D20802EB8201A3EBF7
:10E4D0004101303100F8011C19466329134600F14F
:10E4E000FF32EEDC303302F8013C831EAB4280F099
:10E4F00021830DF1990213F8011B02F8011FAB42B1
:10E50000F9D158AB181AA0F1AD0318930E9B189AC5
:10E51000012B1A44089240F35882089B149A134422
:10E520000893049B089A23F4806343F48073049354
:10E5300022EAE2720023129302920F930D93139B2F
:10E54000002B40F01B819DF887200593FEF753BFF9
:10E55000DBB22A460B9193E40B9B069A1B681A8048
:10E56000FFF788B8DBB22A460B91FFF761B8099C28
:10E570002CAA2146584600F0FDFAA38903F0400377
:10E58000FEF766BE3046F2F7DBF90146FEF7C0BF84
:10E59000591C5846FEF792FA0646002800F0DB8226
:10E5A0000A9014E709992CAA584600F0E3FA0028CB
:10E5B0007FF4E6A92E9D2FACFFF7D2BA09992CAAB9
:10E5C000584600F0D7FA00287FF4DAA9DDE92D35A6
:10E5D00023992FAAAAE606230A90059300E4059B37
:10E5E000022103F101082AAB019325AB00939DEDB5
:10E5F0001E0B23AB4246584600F08AFD0C9B23F0CD
:10E600002007462F064600EB080518BF452705D111
:10E610003378302B00F03C81239B1D44DDE91E0143
:10E6200000220023F2F760FC002840F059812A9B69
:10E63000AB4206D230215A1C2A9219702A9B9D4265
:10E64000F9D8239A0D929B1B472F0E933FF416AFD8
:10E65000462F00F02B810D9B013B1BE723A89DED6E
:10E660001E0B00F04BFC00224FF07F5351EC100BBF
:10E67000F2F7D2F902460B46CDE90223002200232D
:10E68000F2F732FC08B101232393059B404A0C9812
:10E69000CDF820A0591E3F4B0D96612808BF1A46A1
:10E6A0003746A0460592DDE902458A46164609E04E
:10E6B000002200230AF1FF39F2F716FC002840F08F
:10E6C000BB81CA46344B002220462946F2F7A4F902
:10E6D0000D460446F2F750FC8146F1F763FF02460F
:10E6E0000B4620462946F1F70FFE16F80930BAF11D
:10E6F000FF3F3A46044607F8013B0D46D8D1CDE925
:10E700000245264BDDF820A00D9E4446904600228F
:10E710004D46F2F711FC002800F0FF81059BCDF873
:10E72000A880D97B17F8012C91423B4609D13020B3
:10E7300003F8010C2A9B5A1E2A9213F8012C9142CD
:10E74000F6D0392A0BBF059A0132927AD2B203F879
:10E75000012C3B469B1B0C9A0E93239B0D93612A25
:10E7600003F1FF33239300F0B381412150220C9138
:10E77000012193E6DDF81480032134E72D220023E4
:10E780008DF887200593FEF739BE00BFCDCCCCCCE9
:10E79000982D0108842D0108000030400000E03F62
:10E7A000DDE90D23934200F3C480049B13F0010FB5
:10E7B0000D9B00F00F81149A13440893049B5F058E
:10E7C00003D50D9B002B00F34781089B23EAE373DD
:10E7D000029367230C930023CDF8109012930F93AC
:10E7E000ADE601F100431F932D231E901393FFF715
:10E7F00005BB2CAA2946584600F0BCF900287FF436
:10E80000BFA89AF800002E992FAA044408E4099999
:10E810002CAA584600F0AEF900287FF4B1A82E9D2E
:10E820002FACFFF794B978238DF88930049B43F01F
:10E830000203049330238DF88830059B632B00F38B
:10E840008E8000230A933FAEFFF7CABA09992CAA1B
:10E85000584600F08FF900287FF492A8239B2E9D44
:10E860002FACFFF78DB95823DEE7059B4727C51866
:10E87000D4E609992CAA584600F07CF900287FF4C8
:10E880007FA8239E0E9B2E9D9E1B2FACFFF78DB95C
:10E89000DDE91E0100220023F2F726FB002800F02C
:10E8A0001981239B0D931D44AB1B0E93049B0D9963
:10E8B000059A03F00103002943EA020340F31A8199
:10E8C000002B40F0F2800D9B089366230C93049B71
:10E8D0005B0500F1C380089B23EAE37302937AE7A8
:10E8E000239A0D922B46AEE6002282460592FEF751
:10E8F000FDBB4F421031DFF87892B8BF102404DB23
:10E9000021E00832103F102F1DDD01331035072B99
:10E91000C2E90094CDE92D35F3DD09992CAA5846BA
:10E9200000F028F900287FF42BA8DDE92D352FAA67
:10E93000E8E70E9B149A9A180D9B0892002B71DD44
:10E9400067230C93C3E701333D44072BCDE92D35F5
:10E95000C2F80090576000F3AF800832E9E4591C18
:10E960005846FEF7ABF8064610B10A90FFF738BAE2
:10E97000099A938943F0400393814FF0FF33069344
:10E98000FEF769BC002934D130228DF89A200DF1B0
:10E990009B02303302F8013B26ABD31A1893B5E53E
:10E9A000059B002B7FF41BAA059B0A93012305936B
:10E9B000FFF716BA099BB3F90C3000220A9243F014
:10E9C0004003099A9381FEF7DBBF049BDB077FF5C9
:10E9D000A8ADA2E50893F1E6059B02930893732383
:10E9E0009DF887200B97059012900F900C93FEF7DF
:10E9F00002BD0DF19A02CCE7119B5A4E002B049BED
:10EA0000A8BF9DF8872023F08003B8BF2D22049370
:10EA1000B8BF8DF88720544BFEF7E0BC059B029FE2
:10EA20000893CBE4C3F101031A4422EAE273029390
:10EA3000672308920C93CEE651460029DDF820A00A
:10EA40000D9E4446FFF685AE4B1C3B44302207F832
:10EA5000012B9F42FBD17DE667230C9317990B781E
:10EA6000FF2B74D000250D9A284603E001300131B8
:10EA7000FF2B08D0934206DAD21A4B78002BF5D13F
:10EA80000B780135F4E717910D920F901295129AB9
:10EA90000F9B1C99CDF810901344089A01FB032397
:10EAA000089323EAE373029349E5149B1A4453182D
:10EAB000089366230C930AE709992CAA584600F09C
:10EAC00059F800287EF45CAFDDE92D352FAA30E43B
:10EAD00070224DE6C8F1010323939EE50B9A9AF844
:10EAE000013052F8041B0B9241EAE1718246059114
:10EAF000FEF7FABA2BB90123662202930C9208930F
:10EB000069E6149B03F10108059B4344089323EA3B
:10EB1000E373029366230C935DE6DDE90201134B78
:10EB20000022F2F7E1F900283FF413AEE8077FF581
:10EB300010AEF3E502231893E8E4099BB3F90C3017
:10EB400043F040033DE70C23CBF8003015E70023EA
:10EB500012930F939BE7099B0A90B3F90C3043F093
:10EB600040032EE7802D01087C2D01080000E03FC6
:10EB7000943101082DE9F843154692682C68FAB1E2
:10EB800080468946083401E00834CFB16B68591ECD
:10EB9000002B1746696013DD54F8046C002EF3D087
:10EBA000334654F8082C4946404601F00DFE431CFC
:10EBB00007D0AA68921B1746AA600834002FE5D137
:10EBC00000200023C5E90133BDE8F88370B50029B2
:10EBD0003FD006460C4610B1436B002B3CD0636E11
:10EBE000B4F90C20DD0732D4900538D521463046E3
:10EBF00000F04CF8E36A054633B1E16930469847C6
:10EC00000028B8BF4FF0FF35A3891A0639D4216B0D
:10EC100041B104F14003994202D03046FDF752FE63
:10EC200000232363616C21B13046FDF74BFE0023C6
:10EC30006364FDF737FC636E0022DB07A2811CD5FD
:10EC4000A06DFDF7CDFDFDF733FC284670BD002A11
:10EC5000CCD10025284670BDFDF706FCBFE7A06DAE
:10EC6000FDF7C0FDB4F90C30002BBFD1636ED9079E
:10EC7000EFD4A06DFDF7B8FDEBE7A06DFDF7B4FD97
:10EC8000DEE721693046FDF71DFEC0E7B1F90C2033
:10EC90002DE9F04116070C4680464ED4496842F4EF
:10ECA00000630029A38163DDA56A002D42D0002105
:10ECB00012F48052D8F80060C8F80010E16964D1FD
:10ECC00001234046A847451C02466ED0B4F90C30DB
:10ECD000A56AE169580705D56368D21A236B0BB1A1
:10ECE000E36BD21A00234046A847431C4FD1D8F803
:10ECF0000010B4F90C301D2940D8314ACA40D7075A
:10ED00003CD52269226023F40062A281DD044FF029
:10ED10000002626001D5002945D0216BC8F800606F
:10ED200041B104F14003994202D04046FDF7CAFDCB
:10ED3000002323630020BDE8F0810E69002EF9D086
:10ED40000D680E6092070CBF4B690023AD1B8B60F2
:10ED50000BE02B463246E169676A4046B847B0F19E
:10ED6000000CA5EB0C05664406DD002DF1DCE1E7A7
:10ED7000E16B002998DCDDE7B4F90C3043F0400387
:10ED8000A3814FF0FF30BDE8F081226DA2E7B4F916
:10ED90000C302269226023F40062A281DB044FF070
:10EDA00000026260B9D52065B7E7D8F80030002BC3
:10EDB0008CD01D2B01D0162BDED1C8F80060B9E72E
:10EDC0000100402038B50C46054608B1436B03B33B
:10EDD000B4F90C0088B1636EDB0701D481050FD54F
:10EDE00028462146FFF752FF636EDA07054602D434
:10EDF000A3899B0508D5284638BD0546284638BD59
:10EE0000A06DFDF7EFFCEBE7A06DFDF7EDFC2846EC
:10EE100038BDFDF729FBDBE740EA01039B0710B58E
:10EE200001D1032A17D8844601F1FF3E07E01EF8FE
:10EE3000011F03F8011B541E29B19C46224663465C
:10EE4000002AF4D110BD9444002CFBD003F8011B20
:10EE50006345FBD110BD8E468446DEF80040A4F128
:10EE6000013323EA040313F0803F71460EF1040ED0
:10EE7000DAD1043A032A4CF8044BEED87146D3E7B2
:10EE8000014B93F828017047400600240048704762
:10EE90003007002438B5074D0022044608462A6092
:10EEA000F2F74CFF431C00D038BD2B68002BFBD081
:10EEB000236038BD3894002438B5074D074C2C1B0F
:10EEC000A41005D0013C55F8043D9847002CF9D119
:10EED000BDE8384003F026BE343401083034010860
:10EEE000082802D14FF48050704708B5FDF748FC60
:10EEF000162303604FF0FF3008BD00BF70B555EC1E
:10EF0000104B0646134825F0004300218342316030
:10EF10001DD8204618431AD00F4828402A4658B911
:10EF20000E4B002220462946F1F776FD0A4621F0D5
:10EF3000004304466FF035011B156FF31E52A3F218
:10EF4000FE3342F07F550B4445F40015336045EC29
:10EF5000104B70BDFFFFEF7F0000F07F00005043BB
:10EF60002DE9F8431B4D0646286898460F46914602
:10EF7000FDF738FC184B1C681CB3286865681F2D0A
:10EF800022DC4EB96B1C0235636044F82570FDF736
:10EF90002BFC0020BDE8F88304EB85010123C1F8B8
:10EFA0008890D4F88821AB401A43022EC4F88821F7
:10EFB000C1F80881E6D1D4F88C211A43C4F88C2119
:10EFC000E0E7064C1C60D8E7FDF70EFC4FF0FF3081
:10EFD000E0E700BF28020024489400248094002425
:10EFE0002DE9F04F03690C69A34283B0C0F28A8017
:10EFF000013C01F1140500F1140855F8243058F8CB
:10F00000242001339A428E4681464FEA840105EB63
:10F01000840708EB840AB2FBF3F63AD3CDE9001576
:10F020000022AC46404613465CF8041B05681FFAF4
:10F0300081FB06FB0B22090C4FEA124B06FB01BBBE
:10F0400092B2A9B2891A19441FFA8BF3C3EB214378
:10F0500003EB154389B241EA0341674540F8041BBD
:10F060004FEA1B424FEA2343DED2DDE9001558F890
:10F07000013073B9AAF1040AD04504D307E0D045A2
:10F0800004F1FF3403D25AF80439002BF7D0C9F841
:10F0900010407146484601F019FA00282EDB41461F
:10F0A000002255F8040BD1F800C01FFA80FE1FFAA9
:10F0B0008CF3A3EB0E031344020CC2EB234202EBCE
:10F0C0001C429BB243EA0243AF4241F8043B4FEA81
:10F0D0002242E6D258F8242008EB84036AB9043BA4
:10F0E000434504D807E0984504F1FF3403D253F8B0
:10F0F0000429002AF7D0C9F810400136304603B081
:10F10000BDE8F08F002003B0BDE8F08F00000000E4
:10F110002DE9F04F9DB0CDE90A320291816B269D19
:10F1200004908DED060B57EC106B49B1C26B4A6031
:10F130000123934004468B6000F066FF0023A36325
:10F14000B7F10009B4BF012300232B60764BBCBF8D
:10F1500029F00049CDF81C9033EA090300F0AA8099
:10F160009DED067B002251EC170B00238DED007BFB
:10F17000F1F7BAFE804668B10A9A01231360279B13
:10F1800013B1279A694B1360694B059305981DB01D
:10F19000BDE8F08F9DED000B04981AAA1BA901F0A1
:10F1A00073FA5FEA1955824640F09A80DDE91A85C4
:10F1B000454405F23243202B40F38A83C3F14003D8
:10F1C00009FA03F905F2124326FA03F349EA0300A8
:10F1D000F1F7D8F90123013DA1F1F8711293554BD4
:10F1E0000022F1F791F84AA3D3E90023F1F714FCC8
:10F1F00049A3D3E90023F1F789F8064628460F46CC
:10F20000F1F7D0F946A3D3E90023F1F705FC024654
:10F210000B4630463946F1F779F806460F46F1F7C6
:10F22000ABFE002204460990002330463946F1F730
:10F2300065FE002840F02283099CA8EB050808F130
:10F24000FF33162C089300F28A813B4B03EBC40377
:10F25000D3E90023DDE90001F1F750FE002871D069
:10F26000631E099300231193089B002BC0F27D813C
:10F2700000230C93099B002B6ADA099B0C9A0D93CF
:10F28000D21A0C925A4200230993029B1092092B26
:10F2900068D8052B40F32183043B02930025029B91
:10F2A000023B032B00F23686DFE813F06E046B049A
:10F2B000630447040A9AC9F3130942F20F7359EA27
:10F2C000060913601CD1279B002B00F043861B4BC3
:10F2D00005930833279A059813601DB0BDE8F08F99
:10F2E000DDE90012C2F31303084643F07F51CDF865
:10F2F0004880A5F2FF35DDF8688041F440116EE7E3
:10F30000279B002B40F0F4830D4B05933EE700BF95
:10F3100061436F63A787D23FB3C8608B288AC63F1B
:10F32000FB799F501344D33F0000F07FB52D0108B7
:10F33000B42D01080000F83FE8310108002E010853
:10F340000C2E0108B8F1000F40F3A38411900C902B
:10F35000DDE908321344089300231093029B0D92B9
:10F36000092B96D90023012502930E954FF0FF3B00
:10F370000B93049BCDF84CB00021D963049800F0A6
:10F380001DFE0590002800F0CE85DDE90432BBF1BA
:10F390000E0F9A6300F21881002D00F015810D996F
:10F3A000002940F34684B34B01F00F0203EBC20384
:10F3B000C805D3E900894FEA211540F10884AE4B16
:10F3C000DDE90001D3E90823F1F750FCCDE9140190
:10F3D00005F00F0503277DB1A74EE90708D5404684
:10F3E0004946D6E90023F1F717FB013780468946E5
:10F3F0006D1006F10806F0D142464B46DDE91401D6
:10F40000F1F734FC80468946119B43B19B4B0022A7
:10F4100040464946F1F772FD002840F00B8538461A
:10F42000F1F7C0F842464B46F1F7F6FA944B00224A
:10F43000F0F76CFFA1F15073CDE914011593BBF106
:10F44000000F00F0A8800D9BCDE918B34946404657
:10F45000F1F792FD189A874B03EBC20313ED027B81
:10F4600005468DED167BF1F79DF80B4602464946A1
:10F470004046F0F749FF059F0E9B30357E1CECB2ED
:10F48000804689463546002B00F06C84DDE9162362
:10F490007C490020F1F7EAFBDDE91423F0F734FFA3
:10F4A0003C7042464B4604460D46F1F745FD0028A8
:10F4B00040F0B884CDF850A0CDF858B00027AB4646
:10F4C000A246189D2AE00137AF4280F2FD846E4BC0
:10F4D000504659460022F1F79FFA6B4B00228246B4
:10F4E0008B4640464946F1F797FA89468046F1F740
:10F4F00043FD0446F1F756F802460B46404649469E
:10F50000F0F702FF303406F8014B52465B46804666
:10F510008946F1F7F3FC002840F0D38442464B467D
:10F5200056490020F0F7F0FE52465B46F1F7E6FC44
:10F530000028C8D0199BDDF850A0059A374603F182
:10F54000010802E0974200F09B843E4617F8013D17
:10F55000392BF7D00133DBB23B7045467DE1012307
:10F560001193089B002BBFF683AEC8F101030C93E7
:10F57000002308937EE63846F1F714F842464B46DE
:10F58000F1F74AFA3E4B0022F0F7C0FEA1F15073AA
:10F59000CDE9140115933D4B002240464946F0F752
:10F5A000B3FEDDE9144522462B4606460F46F1F729
:10F5B000C3FC002840F0738430463946224605F1EA
:10F5C0000043F1F79BFC28BB1B9B002BC0F29080F3
:10F5D0000D9A0E2A00F38C80264B0D9A03EBC20382
:10F5E00093ED007B0B9B002B8DED027B19DABBF1B9
:10F5F000000F16DC0ED1254B0022DDE90201F1F7E8
:10F600000BFA02460B46DDE90001F1F781FC002808
:10F6100000F045840023059E00931F460B9BDD43AD
:10F620002DE2059B5D1CDDE90278DDE900013A462B
:10F630004346F1F71BFBF1F79FFC0646F0F7B2FFDC
:10F640003A464346F1F7E8F902460B46DDE9000188
:10F65000F0F75AFE059A06F13003BBF1010F2F4671
:10F66000137000F021830125CDF800A0A846DDE944
:10F67000029A2BE0E8310108C03101080000F03F98
:10F6800000001C400000E03F000024400000144047
:10F690004A46534620462946F1F7E8FAF1F76CFC52
:10F6A0000646F0F77FFF4A465346F1F7B5F908F1F1
:10F6B00001080B46024629462046F0F725FE06F1D2
:10F6C0003003D84507F8013B00F0EC82844B002260
:10F6D000F1F7A2F90022002304460D46F1F704FCDD
:10F6E0000028D5D00D9DDDF800A001353E46B4E0E0
:10F6F0000E9A002A40F0D8800023109E0C9D0E9395
:10F700001F4665B1089A002A09DD0C99AA421346E2
:10F71000A8BF2B46C91AED1AD31A0C910893109B57
:10F7200053B10E9B13B1002E40F0F7825146109A50
:10F73000049800F0F9FD82460498012100F010FDC4
:10F74000099B0090002B40F0BE81029B012B40F3EF
:10F75000D4810120089A104410F01F0000F09B8013
:10F76000C0F12003042B40F3E3810C9BC0F11C008B
:10F77000034402440C93054408920C9B002B05DDC6
:10F78000514604981A4600F029FE8246089B002B39
:10F7900005DD009904981A4600F020FE0090119BA8
:10F7A000002B40F07581BBF1000F40F34C810E9BA4
:10F7B000002B40F0A4800D9D0135DDF81480009CE5
:10F7C000DDF81090012607E0514600230A22484642
:10F7D00000F024FC0136824621465046FFF700FC2B
:10F7E000B34500F1300008F8010BEDDCBBF1000F70
:10F7F000059BCCBF5E460126814603EB060B002429
:10F8000051460122049800F0E9FD0099824600F07B
:10F810005DFE002840F3EE81059A02E0934500F07A
:10F8200003825E460BF1FF3B16F8013C392BF5D005
:10F8300001338BF80030DDF810800099404600F06D
:10F84000E3FB57B12CB1BC4203D02146404600F047
:10F85000DBFB0498394600F0D7FB0498514600F0D2
:10F86000D3FB002333700A9B1D60279B002B3FF4C2
:10F870008DAC05981E601DB0BDE8F08F2046F0F7F6
:10F8800091FE32463B46F1F72FFB00287FF4D4ACC3
:10F89000631E0993D0E41C230C9A1A440C92089A14
:10F8A0001A441D44089268E7029A012A40F3AD8188
:10F8B000109B0BF1FF36B342C0F26981BBF1000F20
:10F8C000A3EB060680F2EF820C9BA3EB0B056CE129
:10F8D000C3F1200306FA03F07AE40125DFE400BF58
:10F8E000000024403946002304980A2200F096FBC9
:10F8F000139B002B074640F3FF820D969B46002D7D
:10F9000005DD394604982A4600F068FD0746099B44
:10F91000002B40F0E681B846059E731E03EB0B04F6
:10F92000069B03F00103CDE90B43049C009950466C
:10F93000FFF756FB39468346504600F0C7FD009955
:10F9400005464246204600F0E3FDC3680BF130094E
:10F950000146ABBB0990504600F0B8FD09990890EC
:10F96000204600F051FB089A002A54D1029B1BB993
:10F970000C9B002B00F0AE82002D3FDB0B9BB346AF
:10F980009E420BF8019B00F0C381514600230A22DE
:10F99000204600F043FB4745824639464FF00003BE
:10F9A0004FF00A02204630D000F038FB41460746AF
:10F9B00000230A22204600F031FB5E468046B5E770
:10F9C000049800F021FB002D06DB069B03F00102EA
:10F9D000029B1D432A4329D151460122049800F07D
:10F9E000FDFC0099824600F071FD002840F3F6808E
:10F9F000B9F1390F00F049820BF131090D9D06F87C
:10FA0000019B3C460135474615E700F007FB5E4683
:10FA1000074680468AE7002DC0F29382029B1D4371
:10FA20000C9B1D4300F08D82002AA7DDB9F1390F30
:10FA300000F02B820D9D09F101033C4606F8013BC5
:10FA400001354746F7E6029B022B7FF7B0AEBBF1CC
:10FA5000000F40F02581009904985B46052200F0D4
:10FA6000DDFA01460090504600F030FD002840F3DA
:10FA70001781059E0D9D312306F8013B0135009944
:10FA8000049800F0C1FA0135002F7FF4E2AEE4E6FD
:10FA90000099504600F01AFD0028BFF684AE51468A
:10FAA000002304980D9C0A2200F0B8FA0E9B661EF3
:10FAB0008246002B7FF416AF139B002B40F311827C
:10FAC0000D9D9B4679E601461A46049800F02CFCF1
:10FAD000029B0090012B6EDD00230993009A1369AD
:10FAE00002EB8303186900F0E9FAC0F1200031E667
:10FAF000984B05930333FFF7EDBB069B002B7FF478
:10FB000028AEDDE90612C2F31303002B7FF421AE09
:10FB1000914B134033B10C9B01330C93089B013381
:10FB200008930123099A0993002A3FF412AED5E7FE
:10FB30003FF423AEC0F13C03AEE601230E930B9BD2
:10FB40000D9A134403F1010B5E46012E1393B8BFC7
:10FB50000126172E40F3F981012204235B0003F1F3
:10FB60001400B042114602F10102F7D9049BD96397
:10FB700004E401230E930B9E002E36DD1396B3464C
:10FB8000E7E700230E93DAE700230E93F3E7109BD9
:10FB9000099A1096F31A1A44089B09925B44089339
:10FBA0000C9B1D465B440C9300260498012100F039
:10FBB000D7FA0746A5E5069B002B8DD1DDE90601A6
:10FBC000C1F313030A46002BA2D0099086E79DEDEE
:10FBD000007B02278DED147BFFF7FDBB7FF40EAF9A
:10FBE00019F0010F7FF404AF08E701230B939B4644
:10FBF000FFF7BFBB03D119F0010F7FF40DAE5E46D6
:10FC00001BF8013D302BFAD015E6129A002A00F0BD
:10FC10009C8003F23343089A109E1A4408920C9A6F
:10FC200015461A440C92C0E7059A3123013513702A
:10FC300001E600F0FA800D9A484B554205F00F029C
:10FC400003EBC203D3E90023DDE90001F0F7E4FE92
:10FC50002D11CDE9140100F05881414E00230227F7
:10FC600080468946EA0709D5D6E900234046494639
:10FC7000F0F7D2FE01378046894601236D1006F168
:10FC80000806EFD1002B7FF4BFABDDE91489FFF745
:10FC9000BBBBC8F1010308900C931190FFF758BB50
:10FCA000059EBBE4DDF800A002460B46F0F72EFBF4
:10FCB0000D9DCDE90001013502460B46DDE902014B
:10FCC000A846F1F71BF940B9DDE90023DDE902019F
:10FCD000F1F70AF918B1F30701D5059A35E43E4664
:10FCE000BBE57968049800F069F90546002800F042
:10FCF00021813B6902339A0007F10C010C30F0F7C7
:10FD000025FD04982946012200F068FB804603E6A1
:10FD10000D9D3C460135474672E5049C3946324606
:10FD2000204600F001FB524601460746204600F0FF
:10FD300045FA51468046204600F066F9109B9B1B11
:10FD4000C24610933FF4F8ACF0E41A9BC3F13603BB
:10FD500061E700BF0C2E01080000F07FE8310108C8
:10FD6000C0310108DDE91623DDE91401F0F754FE86
:10FD7000059B1C70189B012BCDE90E0100F0C38080
:10FD8000189F059B12961F447A4B00224046494615
:10FD9000F0F742FE0D460446F1F7EEF88146F0F723
:10FDA00001FC09F1300902460B4620462946F0F7CE
:10FDB000ABFA06F8019BBE4280468946E4D1129D0B
:10FDC0006D4B0022DDE90E01F0F7A0FA02460B466A
:10FDD00040464946F1F7B0F800286CD1DDE90E2322
:10FDE00065490020F0F790FA02460B464046494626
:10FDF000F1F784F880B91B9B002BFFF67DAC0D9BBF
:10FE00000E2B3FF779AC5D4B0D9A03EBC20393EDDC
:10FE1000007B8DED027B06E43E46013F16F8013C77
:10FE2000302BF9D0199D013517E5DDE9008902274E
:10FE3000FFF7EABABBF1000F3FF49DAB139C002C17
:10FE40007FF7C2AB0D9B013B002240464946199308
:10FE5000484BF0F7E1FD80468946781CF0F7A2FB9D
:10FE600042464B46F0F7D8FD454B0022F0F74EFADC
:10FE7000A1F15073CDE9140118941593FFF7E6BA78
:10FE800008F101083123FFF767BB0D9D059AB346C2
:10FE900039233C460BF8013B01354746C1E40023BA
:10FEA00000931F46E5E5089B5B4408930C9B1D46A9
:10FEB0005B440C9379E6199B059A03F10108FFF75F
:10FEC00044BBDDF850A0ADE7DDF850A0DDF858B038
:10FED000FFF77ABBB9F1390FD7D0002D3FF78CADC2
:10FEE0008CE5029B022B03DC0D9DDDF84CB064E435
:10FEF000DDF84CB00D96AAE5029B022BF8DCDDF88C
:10FF00004CB00D96FBE437465AE7DDE91489022729
:10FF1000FFF77ABA049B0025DD632946184600F0F6
:10FF20004DF80590D0B9174B1748002240F2AF1199
:10FF300000F02AFD134B14482A4640F2EF2100F04E
:10FF400023FD002A3FF748AD58E5049B0021D96303
:10FF5000FFF714BA0D4B0593FFF718B9DDE904322A
:10FF60009A634FF0FF3301220B9513930E929B4639
:10FF7000FFF72ABB000024400000E03FE831010801
:10FF800000001C40102E0108242E0108002E01083C
:10FF900082B049B15AB16BB113780B601278101E60
:10FFA00018BF012002B0704701A9002AF3D1104602
:10FFB00002B070476FF00100F4E700BF436C70B50A
:10FFC00005460C464BB153F8240080B1026843F853
:10FFD00024200023C0E9033370BD2122042100F056
:10FFE000F3FC034668640028EDD1002070BD0121B8
:10FFF00001FA04F6721D9200284600F0E5FC002884
:020000040801F1
:10000000F3D0C0E90146E4E731B1436C4A6853F8E4
:100010002200086043F82210704700BF2DE9F0412C
:100020000D6907460E461C4601F1140E0020DEF84D
:1000300000108BB202FB03434FEA134C090C02FB86
:1000400001CC01309BB203EB0C4385424EF8043BDC
:100050004FEA1C44EBDC3CB1B368AB4207DD06EB76
:10006000850301355C6135613046BDE8F08171681A
:1000700038460131FFF7A2FF8046A8B1326902324B
:1000800006F10C0192000C30F0F760FB7B6C72689B
:1000900053F82210316043F82260464606EB850390
:1000A00001355C613561DFE7024B03484246BA2106
:1000B00000F06AFC102E0108802E0108B0F5803F88
:1000C000034636BF030400201020B3F1807F3CBFFD
:1000D0001B020830B3F1805F3CBF1B010430B3F159
:1000E000804F03D3002B06DB013070479B0003D405
:1000F0005B0003D420207047023070470330704704
:10010000036813F00702014607D0DA071FD49807E7
:1001100021D55B080B600120704798B2A0B1104652
:10012000DAB20AB908301B0A1A0704BF1B090430E7
:100130009A0704BF9B080230DA0703D45B0800F17A
:10014000010006D00B6070471B0C1020E8E7002070
:100150007047202070479B080B600220704700BF4B
:1001600038B5436C04460D464BB15868B0B10268CF
:100170005A6000220123C0E90323456138BD2122D2
:10018000042100F021FC034660640028EDD1094BF6
:100190000948002240F2451100F0F6FB1C22012123
:1001A000204600F011FC0028F1D001220223C0E912
:1001B0000123DEE7102E0108802E01082DE9F04F03
:1001C000D1F810801569A84585B00E46924605DB2A
:1001D0002A46534645468A4690461E46DAF8083077
:1001E000DAF8041005EB0804A342B8BF0131FFF7A9
:1001F000E5FE8446002800F08B8000F1140707EB31
:10020000840E774505D23B46002243F8042B9E45D9
:10021000FBD8143606EB88080AF11409464509EBA9
:10022000850566D2A5EB0A03153B23F003030AF10B
:10023000150A043355452CBF9B464FF0040BCDF8EF
:1002400008E00394AE46E24605E0090C2AD1B04529
:1002500007F104074AD956F8041B8DB2002DF4D0DB
:10026000CC463C46002301965CF8040B216886B21C
:100270008AB2000C05FB0622090C1A4405FB00118A
:1002800001EB124192B242EA0142E64544F8042BE6
:100290004FEA1143E8D8019E47F80B3056F8041C8A
:1002A000090CD4D03B68002248461D463C46944683
:1002B000028801FB02C202EB15429BB243EA0243F1
:1002C00044F8043B50F8043B25684FEA134CABB2AA
:1002D00001FB0C3303EB124370454FEA134CE7D399
:1002E000B04547F80B3007F10407B4D8DDE902E464
:1002F000D446002C02DC05E0013C03D05EF8043D4E
:10030000002BF9D06046CCF8104005B0BDE8F08F66
:10031000034B044862464FF4B17100F035FB00BF57
:10032000102E0108802E010812F003032DE9F04180
:10033000144607462CD10D46A4101CD03E6C86B343
:10034000E3074FF0000806D4641014D03068A8B159
:100350000646E307F8D5324629463846FFF72EFF12
:1003600035B17B6C696853F821202A6043F821502D
:1003700064100546EAD12846BDE8F0813246314690
:100380003846FFF71BFF3060C0F800800646E0E704
:10039000013B0F4A52F823200023FFF73FFE05469A
:1003A000CAE701213846FFF709FE064640B101239E
:1003B00040F27122C0E90432002338640360BFE7D1
:1003C000044B0548324640F2451100F0DDFA00BF0B
:1003D000B4310108102E0108802E01082DE9F047E4
:1003E0000C4690462769A368496807EB62177D1C95
:1003F0009D4206464FEA621904DD5B009D4201F111
:100400000101FADC3046FFF7D9FD8446002851D0BF
:10041000B9F1000F00F114000EDD09F105024FEAF9
:10042000820E03460CEB8202002143F8041B934228
:10043000FBD1AEF114031844216904F1140318F040
:100440001F0803EB81012DD0C8F1200986464FF02B
:10045000000A1A6802FA08F242EA0A024EF8042B6D
:1004600053F8042B994222FA09FAF2D80B1B153BD8
:1004700023F00303043304F11502914238BF04232F
:1004800040F803A0BAF1000F00D13D46736C6268DA
:10049000CCF8105053F822102160604643F82240F7
:1004A000BDE8F087043853F8042B40F8042F994234
:1004B000F9D8EAE7034B044862464FF4EF7100F0C5
:1004C00063FA00BF102E0108802E01080B698446D4
:1004D0000069C01A16D10CF1140C14310CEB830214
:1004E00010B401EB830301E0944508D252F8044DA7
:1004F00053F8041D8C42F7D005D24FF0FF305DF861
:10050000044B7047704701205DF8044B704700BFF3
:100510002DE9F04F15460A692B69D21A002A83B0DB
:10052000884640F0878001F1140605F1140101EBC3
:10053000830106EB830301E09E427ED253F8044D13
:1005400051F8042D9442F7D075D32B46002445462C
:1005500098466968FFF732FD8146002800F08980DF
:100560002E69C460D8F8100005F1140B08F1140EC0
:1005700009F1140A05F110020EEB80000BEB860165
:1005800057464FF0000CCDF804B05EF8044B52F81B
:10059000045F1FFA84FBABB2A3EB0B03240C634490
:1005A000C4EB154404EB23449BB243EA0443704577
:1005B00047F8043B4FEA244CE7D8A0EB080208F1C7
:1005C00015084045A2F1150234BF00200120920811
:1005D0000028DDF804B002F101044FEA840408BFEA
:1005E00004240BEB0405A942544433D9274628467A
:1005F00050F8043B1CFA83FE1A0C634402EB2E42B3
:100600009BB243EA0243814247F8043B4FEA224C43
:10061000EED80139491B21F003010C4423B954F8E9
:10062000043D013E002BFAD04846C9F8106003B0E3
:10063000BDE8F08F89DA01248BE70021FFF7BEFCCB
:10064000814678B101220023C0E90423484603B063
:10065000BDE8F08F00284FEA820208BF00220AEBB3
:100660000204DBE7064B07484A4640F2372100F018
:100670008BF9034B03484A4640F2452100F084F9C8
:10068000102E0108802E01082DE9F0430E4683B09C
:10069000012159EC108B1546FFF790FC0446002809
:1006A00046D0C9F30A57C9F313030FB143F48013BB
:1006B0000193B8F1000313D101A8FFF721FD019BBD
:1006C00063610122203022610FB3A7F23347074450
:1006D000C0F1350037602860204603B0BDE8F083E4
:1006E00068460093FFF70CFD019BF8B10099C0F13B
:1006F000200203FA02F2C3400A430193002B626115
:100700000CBF01220222A3612261002FDDD104EB84
:100710008203A0F2324030601869FFF7CFFCC0EBD3
:1007200042102860204603B0BDE8F083009AE5E758
:10073000034B0448224640F20F3100F025F900BF78
:10074000102E0108802E010849B1FF2A02D80A7034
:10075000012070478A2303604FF0FF30704708463E
:10076000704700BF70B5054684B05BB11C460F4BA7
:10077000D3F8E060234669B12846B047431C0FD048
:1007800004B070BD094B00F58274D3F8E0602346D5
:100790000029F1D10A46284601A9B047431CEFD1F0
:1007A00000228A2322602B6004B070BD4006002422
:1007B00010B582B0049CCDE900344FF0FF3300F057
:1007C00059FB02B010BD00BF2DE9F0478F681D46F0
:1007D000AF420B680C46164636D8B1F90CC01CF473
:1007E000906F0ED13D46184631462A4600F04CF82F
:1007F000A368DF1B2368A7602B4400202360BDE8AB
:10080000F0874A69096902EB42025F1A02EBD27271
:100810006B1C52103B44934292BF914699461A4634
:100820001CF4806F804611D01146FCF747F98246D0
:1008300000B321693A46EFF789FFA38923F4906357
:1008400043F08003A38105E02F46CCE700F0F2F8E7
:10085000824658B10AEB0703A9EB0707A760C4F863
:1008600010A0C4F8149023602F46BCE721694046CD
:10087000FCF728F8A3890C2243F04003C8F80020B5
:100880004FF0FF30A381BAE788420ED98B1883421C
:100890000BD900EB020C002A6ED0624613F801CD92
:1008A00002F801CD9942F9D170470F2A0FD80346BB
:1008B00002F1FF3C002A5FD00CF1010C013B8C449B
:1008C00011F8012B03F8012F6145F9D1704740EA77
:1008D00001039B0751D1A2F1100370B501F1200C67
:1008E00023F00F0501F1100E00F11004AC441B09B8
:1008F0005EF8105C44F8105C5EF80C5C44F80C5C2C
:100900005EF8085C44F8085C5EF8045C44F8045C3B
:100910000EF1100EE64504F11004E9D1013312F096
:100920000C0F01EB031102F00F0400EB031328D0AE
:10093000043C24F003064FEA940C1E441C1F8E4610
:100940005EF8045B44F8045FB442F9D10CF1010491
:1009500002F0030203EB840301EB840102F1FF3C8C
:100960004AB10CF1010C013B8C4411F8012B03F846
:10097000012F6145F9D170BD704702F1FF3C03467C
:100980009AE72246EAE700BF00B50B4C25681446FB
:10099000EE681A4685B003460D464CB107490095EE
:1009A000CDE901143046064900F076FA01F0EEFB7D
:1009B00004490C46F3E700BFE4000024DC2E0108E4
:1009C000EC2E0108E82E010838B5A1FB021454BB37
:1009D000FCF774F8054650B350F8042C22F00302DB
:1009E000043A242A10D8132A13D91B2AC0E9004438
:1009F00016D9242AC0E902440ABFC0E9044400F120
:100A0000100200F1180205E02146FBF7DDFD284643
:100A100038BD02460023C2E900339360284638BD42
:100A200000F10802F6E7FBF7ABFE0C23036000259C
:100A3000284638BD2DE9F84F1646002900F096806B
:100A40000C46804606F10B05FCF7EAFA54F8041C44
:100A5000162DA4F1080921F0030758D81025AE423D
:100A600058D8AF4260DABE4B9A6809EB070C624572
:100A7000DCF8040000F0908020F0010363445B6820
:100A8000DB0768D420F003003B189D4247DDCB070D
:100A900012D454F8083CA9EB030BDBF8043023F024
:100AA0000302104400EB070A554540F3F68007EBBC
:100AB000020A554540F3CC8031464046FBF7FEFF25
:100AC0000646002800F0208154F8043C23F001037E
:100AD0004B44A0F10802934200F0B4803A1F242A4C
:100AE00000F2D780132A00F2A28003462246116842
:100AF00019605168596092689A6021464046FBF738
:100B0000E1FE4046FCF792FA3046BDE8F88F35F03A
:100B10000705A4D50C23C8F80030002618E01F46AE
:100B2000DCE90223D3609A60D9F804307A1B0F2ADB
:100B300003F0010309EB07001DD83B43C9F804305B
:100B4000436843F0010343604046FCF76FFA2646D2
:100B50003046BDE8F88FC907AED454F8083CA9EB7D
:100B6000030BDBF8043023F00302A0E7BDE8F84FE5
:100B70001146FBF7A3BF09EB05012B4342F001022D
:100B8000C9F804304A60436843F001034360083108
:100B90004046FBF797FED7E720F00300C21905F1A6
:100BA000100C624580F29180CA0785D454F8082C55
:100BB000A9EB020BDBF8042022F00302104400EB47
:100BC000070AD4453FF773AF5E46DBF80C1056F8C2
:100BD000080F3A1F242AC160886000F2AE80132AF1
:100BE00040F2A9802168CBF808106168CBF80C109E
:100BF0001B2A00F2A88008340BF110022168116052
:100C000061685160A16891600BEB0501AAEB0502D8
:100C100042F0010299604A60DBF8043003F00103FE
:100C20002B434046CBF80430FCF700FA90E72368EA
:100C30000360636843601B2A3CD804F1080200F19A
:100C4000080354E750F8043C23F003031F446BE708
:100C50003A1F5E46DBF80C3056F8081F242ACB609A
:100C6000996022D8132A1ED92368CBF8083063680C
:100C7000CBF80C301B2A3BD808340BF11003226848
:100C80001A6062685A60A2689A6034465746D9462C
:100C90004AE72146FFF7F8FD2FE7DCE902133A1F88
:100CA000CB609960D5E73346E9E721463046FFF748
:100CB000EBFDEAE7A3688360E368C360242A27D0DA
:100CC00004F1100200F1100311E709EB050199602E
:100CD000531B43F001034B6054F8043C03F0010341
:100CE0002B43404644F8043CFCF7A0F926462FE786
:100CF000A368CBF81030E368CBF81430242A10D066
:100D000010340BF11803BAE74046FCF78FF904E7FB
:100D1000236903616169416104F1180200F118035C
:100D2000E5E62369CBF818306369CBF81C3018343A
:100D30000BF12003A3E7324660E721463046FFF778
:100D4000A3FD074B60E7A168CBF81010E168CBF872
:100D50001410242A06D010340BF118024EE700BFFD
:100D6000380200242269CBF818206269CBF81C20D5
:100D700018340BF1200241E72DE9F04F8BB0DDE98B
:100D8000157A86461E46002F5AD0156800295CD079
:100D9000149B002B69D0741E4EB3043DCDE9015E57
:100DA000DDF850B004910026039105920BE0039BFF
:100DB0000BBB019B1868002836D0DC4557D2013C9C
:100DC000631C664613D0019B029853F8042F0193CD
:100DD000DAF8E0503B4607A9D7E90098A847421C3B
:100DE00037D000EB060CDC45E1D9C7E90098304666
:100DF0000BB0BDE8F08F00280EDD049B019D184468
:100E00005A1E07A900F1FF3E11F8013B02F8013F0D
:100E10007245F9D101950490059B1A6804321A6055
:100E2000019B18680028C8D10399059A01B1106088
:100E30000CF1FF36002230463A600BB0BDE8F08F6F
:100E4000156800F586770029A2D14FF0FF3314937F
:100E5000A1E7DDF808E006468A2100223046CEF8F8
:100E600000103A600BB0BDE8F08F149EBFE76646F5
:100E7000BDE700BF10B584B0054C069800900798F8
:100E80000190044800680294FFF776FF04B010BD9B
:100E900040060024E40000240EB410B583B005AB76
:100EA000064C53F8042B01930146206800F008F823
:100EB00003B0BDE8104003B0704700BFE400002459
:100EC0002DE9F04FC7B016AFCDE9062183460822C1
:100ED000002138461C460C93FBF776FBBBF1000F54
:100EE00004D0DBF83430002B00F02786079B5A6EC5
:100EF000B3F90C30D00702D4990540F10A859E045D
:100F000006D4079943F4005322F400528B814A66B9
:100F1000950400F1C386079AB2F90C30190740F125
:100F2000CB801269002A00F0C78003F01A020A2A57
:100F300000F0D18000239E46CDE90FEECDE91B33B2
:100F4000DFF8F8A8CDF838E01DAB1A939946CDF834
:100F500020E0CDF834E0069DDAF8E440FDF790FF9C
:100F6000009703462A4614A95846A047002800F0D7
:100F7000D180C0F2C780149A252A034601D01D44AF
:100F8000EAE7069BEE1A044640F0C88000234FF0C3
:100F9000FF316A788DF84B3009936C1C05910393EF
:100FA0000134A2F120035A2B00F2F980DFE813F09C
:100FB0006002F700F7005A02F700F700F7006A0036
:100FC000F700F700E801F901F700F3010402F70068
:100FD000FE015B005B005B005B005B005B005B0095
:100FE0005B005B00F700F700F700F700F700F70081
:100FF000F700F700F7009D016A02F700F700F7001D
:10100000F700F700F700F700F700F700F7002002FD
:10101000F700F700F7007601F7008D02F700F70000
:10102000E704F700F700F700F700F700F700F70014
:10103000F700F700F7009D01C201F700F700F70085
:101040008402C2017E00F7000A03F700FB02E404F9
:10105000DA027E00F70076017C00E104F700F70079
:101060000A05F7007C00A2F13003002114F8012BDF
:1010700001EB810103EB4101A2F13003092BF5D90A
:1010800009918EE75846FDF701FF43680F93184614
:10109000EFF756FC109005465846FDF7F7FE8368BB
:1010A0000E93002D40F05684227879E7039B227836
:1010B00043F02003039373E7079D5846294601F048
:1010C00003F8002840F01E86B5F90C3003F01A0230
:1010D0000A2A7FF42FAF0799B1F90E20002AFFF6F4
:1010E00029AF4A6ED60702D49D0540F1CB85DDE9D4
:1010F00006212346584600F017FE0890089847B08E
:10110000BDE8F08F082200213846FBF75DFA012385
:101110001D4421E7069BEE1A044612D0069BC9E93E
:1011200000361C9B33441C931B9B0133072B1B93E2
:1011300011DC09F10809089B33440893002C7FF463
:1011400025AF1C9B002B40F0B885079B0022B3F90C
:101150000C301B9218E007991AAA584600F024FE9A
:1011600078B90DF17409E6E707991AAA584600F014
:101170001BFE00287ED00B9B1BB10B995846FBF73A
:10118000A1FB079BB3F90C30079A526ED1077CD5AF
:101190005B0600F18D85089847B0BDE8F08F069496
:1011A000002ACED000238DF84B3001238DF8B420D7
:1011B00004930A932DAC00230B930593039810F02E
:1011C0008408DDE91B2105D10998049D451B002DEC
:1011D00000F3D6829DF84B0078B101320120013135
:1011E000C9F80400072A0DF14B00CDE91B21C9F80D
:1011F000000000F3FA8209F108097BB1013213A85B
:101200000231C9F80000072A4FF00200CDE91B2186
:10121000C9F8040000F3F88209F10809B8F1800F59
:1012200000F00C82059B0A981D1A002D00F34A82DB
:101230000A9BC9F8004001321944072ACDE91B2155
:10124000C9F8043000F3798209F10809039B5807B3
:1012500005D5099B049A9C1A002C00F3E282DDE973
:10126000083204988242ACBF9B181B1808930029CF
:101270007FF47AAF00231B930B9B1BB10B9958464D
:10128000FBF720FB0DF1740965E69A0580D4079CF5
:10129000A06DFBF7A9FAB4F90C3079E70C9E06941F
:1012A00056F8044B00238DF84B30002C00F05D8481
:1012B000532A00F0A283039B13F0100540F09D8396
:1012C000059B002BC0F2CD841A4629462046EFF735
:1012D000D7FA0B90002800F00685031BCDE90A35EC
:1012E00023EAE373049300F09DBC0C9B0694432A0D
:1012F00003F1040503D0039BD80640F1678308225D
:10130000002118A8FBF760F90C9B2DAC1A68214648
:1013100018AB5846FFF726FA034601330A9000F04F
:10132000D6840A9B23EAE373049300230C958DF87B
:101330004B3040E7039B0694990640F1AC800C9B30
:10134000073323F0070319465A6851F8083B0C91FC
:101350001146002AC0F23F81059A002AC0F2488156
:10136000039A22F08002039253EA010240F0408186
:10137000059B002B40F08B8404930A9346AC49E113
:101380000C9B53F8042B0992002A80F2BA82099A26
:101390000C9352420992039B227843F00403039377
:1013A000FEE52B2322788DF84B30F9E5039B22785C
:1013B00043F080030393F3E5204610F8012B2A2A1B
:1013C00000F09584A2F13003092B98BF002100F2B0
:1013D000608410F8012B01EB810103EB4101A2F1C4
:1013E0003003092BF5D941EAE17305930446D8E5AA
:1013F000039B069443F0100212F0200100F051828A
:101400000C9B073323F007031846596850F8083B34
:101410000C9022F480640394059C002084428DF893
:101420004B007CDB53EA010422F4906240F081839C
:10143000039C0392059B002B69D1002840F05C823D
:1014400014F001020A9200F0608230238DF8173107
:101450009DF84B3004920DF21714002B40F0DF8002
:101460000B93E1E0039B227843F00103039397E59C
:101470009DF84B302278002B7FF492AD20238DF81D
:101480004B308DE5039B069443F010030393039BBD
:1014900099063FF554AF0C9A52F8043B0C92039A0C
:1014A000D20600F14382039A560640F13B8243F391
:1014B000C0310A461BB24CE72278039B682A00F031
:1014C000958243F0400303936AE5039B069443F03F
:1014D000100414F0200100F0F3810C9B073323F07B
:1014E00007031A46596852F8083B0C9200228DF8FF
:1014F0004B20059A002AC0F21E8324F0800203923A
:1015000053EA010274D1059B0120002B95D00128DC
:1015100000F0BD8300230228194600F01A8146AC72
:1015200003F00702DB0843EA4173C908303253EA8B
:101530000105204604F8012DF2D1039BDD0740F19F
:101540001681302A00F013813023059A04F8013CFB
:10155000023846AB1B1A9A42B8BF1A460A93044691
:10156000049257E0039B0C9A069443F00203039302
:1015700052F8043B0C9247F63002ADF84C20AD4ACD
:101580000D92002100228DF84B20059A002AC0F20E
:10159000E080039C53EA010024F08002039240F0B3
:1015A000D880022046E7039B06949C0640F1C18147
:1015B0000C9B089A1B681A60D2175A600C9B043364
:1015C0000C93C8E42278039B6C2A00F0088243F055
:1015D00010030393E4E42D228DF84B20059A5B421F
:1015E00061EB4101002A03DB039A22F0800203929F
:1015F0000A2B71F1000280F039823033DBB28DF8B2
:101600001731059B012BB8BF0123049301230A93D3
:101610000DF217149DF84B30002B3FF421AF00233F
:101620000B93049B01330493039B13F002033FF4D9
:10163000C5AD049B023304930223BFE5099B0498C4
:101640001D1A002D7FF7EEAD102DDFF8EC8126DDA1
:1016500040464B46A046DDF81C901026044604E0A8
:10166000103D102D03F1080315DD01321031072A5A
:10167000C3E90046CDE91B21F2DD1AAA49465846C6
:1016800000F092FB00287FF476AD103D102DDDE9CF
:101690001B211DABE9DC994623464446984601329E
:1016A0002944072ACDE91B21C9F80080C9F8045054
:1016B00000F34882059B0A981D1A002D09F10809BC
:1016C0007FF7B6AD102DDFF8708128DD4B46102670
:1016D000A9462546079C06E0A9F11009B9F1100FAB
:1016E00003F1080318DD013253481031072AC3E91A
:1016F0000006CDE91B21EFDD1AAA2146584600F06D
:1017000053FB00287FF437ADA9F11009B9F1100F90
:10171000DDE91B211DABE6DC2C464D469946013226
:101720002944072ACDE91B21C9F80080C9F80450D3
:1017300000F3D58009F108097AE507991AAA5846F5
:1017400000F032FB00287FF416AD1C990DF17409EE
:101750007CE50D9846AC03F00F021B09825C04F88F
:10176000012D43EA0173090953EA0102F3D1059AF5
:1017700046AB1B1B9A42B8BF1A460A93049249E72C
:10178000102D2F4E23DD48461193A146079C04E0FF
:10179000103D102D00F1080016DD0132103110232C
:1017A000072ACDE91B2106604360F1DD1AAA214614
:1017B000584600F0F9FA00287FF4DDAC103D102DFA
:1017C000DDE91B211DA8E8DC119B4C468146013256
:1017D0002944072ACDE91B21C9F80060C9F8045043
:1017E00000F3978109F10809F4E4079911931AAA03
:1017F000584600F0D9FA00287FF4BDACDDE91B2182
:10180000119B0DF17409F8E407991AAA584600F0E3
:10181000CBFA00287FF4AFACDDE91B210DF1740990
:10182000FCE4102C1B9B064E28DDDDF81C801025E7
:101830000DE000BF842D0108B433010840060024E8
:10184000C4330108103C102C09F1080916DD0133DE
:101850001031072BC9E90065CDE91B31F2DD1AAA69
:101860004146584600F0A0FA00287FF484AC103CB2
:10187000102CDDE91B310DF17409E8DC0133214442
:10188000072BC9E90064CDE91B317FF7E8AC079964
:101890001AAA584600F088FA00287FF46CAC1C990C
:1018A000DDE40C9850F8043B0C9012F010007FF42B
:1018B000B0AD12F0400400F062819BB20146A8E591
:1018C0000C9A52F8043B0C9214F010027FF40EAE06
:1018D00014F0400000F059819BB2114606E60799CA
:1018E0001AAA584600F060FA00287FF444ACDDE9FB
:1018F0001B210DF174099BE4059B04930A9346ACEC
:1019000088E622780C93FFF74BBB059B049346AC0B
:1019100080E6079DA86DFAF765FFB5F90C306A6E91
:10192000FFF7EDBA039A950500F18781D9170A46AA
:101930000FE5039BD80600F11381039B590600F1C4
:101940008B81039B9A0540F10B810C9B089A1B68C5
:101950001A7033E60E9B2278002B3FF421AB1B78E4
:10196000002B3FF41DAB039B43F480630393FFF70D
:1019700017BB0694039CACE5039A06943CE5B24B76
:1019800006940D93039B13F020015FD00C9B07334B
:1019900023F007031846596850F8083B0C90039C45
:1019A000E6070AD553EA010007D08DF84D2044F030
:1019B0000202039230228DF84C20039A22F48062B6
:1019C0000392DFE5A14B06940D93DBE70C9B1B68AC
:1019D0008DF8B430012304930A932DACA5E443F0B1
:1019E0002003627803930134FFF7DABA43F40073FB
:1019F000627803930134FFF7D3BA0822002118A8B4
:101A00001594FAF7E1FD059B002BC0F2DC80002560
:101A1000CDF81090A84699460EE02DA95846FEF73D
:101A2000A1FE431C404400F05281484509DC05F109
:101A3000040500F054818046159A525918AB002ACB
:101A4000EBD1DDF81090CDF82880C9E00C9850F863
:101A5000043B0C90039810F01000A0D1039911F0F2
:101A6000400400F099809BB2014698E7039ACDF8B4
:101A7000109046AC02F48062A146CDF828B0744EB6
:101A8000DDF838B04FF0000C144605E00A2B71F178
:101A9000000136D3434629465A1842F10002A6FBFC
:101AA000020525F0030000EB9500121A981A4FF07A
:101AB000CC3561F1000E05FB00F506FB0E55A0FBD1
:101AC0000680054408F0010E0520AEFB000E8018CC
:101AD0004FEA5808303009F8010C48EAC5780CF193
:101AE000010C09F1FF396D08002CCFD09BF80020C4
:101AF0006245CBD1BCF1FF0FC8D00A2B71F10001B8
:101B000051D2CDF838B04C46DDF828B0DDF8109051
:101B10002DE6079911931AAA584600F045F90028B6
:101B20007FF429ABDDE91B21119B0DF17409FFF74F
:101B300051BB0392F3E403945AE55846FAF794FC38
:101B4000FFF7D4B907991AAA584600F02DF90028D2
:101B50007FF411ABDDE91B210DF17409FFF762BBC6
:101B60000C9B089A1B681A6028E5059B394C0C965B
:101B7000062B28BF06230A930493FFF71CBB12F41D
:101B800000711CBFDBB2214643E414F400713FF442
:101B9000ADACDBB20146A9E4039911F400711CBF9E
:101BA000DBB22146FBE6109B0F99A9EB03091A460D
:101BB0004846FDF731F99BF801300BB10BF1010BF1
:101BC0004FF0000C66E718AB00930023194615AAE6
:101BD0005846FEF7EDFD034601330A9077D0159481
:101BE0000A9BE3B1632B45DC00230B932DAC082249
:101BF000002118A8FAF7E8FC0A9D18AB009315AA73
:101C00002B4621465846FEF7D3FD854240F085809D
:101C10000A9A0023A35422EAE273049302E00A9B87
:101C200004930B939DF84B301BB100230C96059346
:101C3000F7E405930C96FFF7C1BA43F3C0110A46C7
:101C40005BB2FFF786BB00BF982D0108842D010809
:101C5000CDCCCCCCAC2D01080C9B089A1B681A800B
:101C6000ACE42046EEF76CFE20EAE073CDE90A050D
:101C70000493D7E7591C5846FAF720FF044630B3BF
:101C80000B90B4E7886DFAF7AFFDFFF730BA302359
:101C9000B5E4002304460593FFF783B9D40707D4BE
:101CA000079B9B89980503D4079B986DFAF79CFDC9
:101CB0004FF0FF330893FFF76EBA07991AAA5846F8
:101CC00000F072F800283FF440AAFFF75ABA079ACA
:101CD000B2F90C3043F040039381FFF755BADDE9C8
:101CE00004930A937CE7059B04930A939AE70C9B61
:101CF000627853F8041B0C9341EAE17104460591A4
:101D0000FFF74EB9079A536EDB07D1D493899F052D
:101D1000CED4906DFAF768FDCAE7079A938943F02D
:101D200040039381FFF727BAF0B51F468B89ADF2C8
:101D30006C4D23F00203ADF80C301AAB0093049302
:101D40004FF48063029305934B6E1993CB89ADF8E2
:101D50000E30CB6907934B6A09931546002306465C
:101D600016A80C460693FAF739FD2A463B46694603
:101D70003046FFF7A5F8051E07DB69463046FDF73C
:101D800021F8002818BF4FF0FF35BDF80C305B0676
:101D900003D5A38943F04003A3811698FAF720FDE9
:101DA00028460DF26C4DF0BD936810B514461BB972
:101DB00018460023636010BD00F006F80023A360FE
:101DC0000023636010BD00BF9368002B00F0F88013
:101DD0002DE9F04FB1F90CC01CF0080F83B090460C
:101DE00081460C4631D00B697BB31CF00207D8F852
:101DF000006038D00027D4F824B0E169DFF8C4A22D
:101E00003D4655452B463A4628BF53464846C5B140
:101E1000D847002840F3CA80D8F808301B1A074476
:101E20002D1AC8F80830002B00F0B68055452B4617
:101E3000D4F824B0E16928BF53463A464846002DFD
:101E4000E6D1D6E900750836DBE72146484600F0C2
:101E50003BF9002840F0AF80B4F90CC0D8F800601E
:101E60001CF00207C6D11CF0010A63D12368A168E7
:101E7000574618468B46002F58D01CF4007F00F0C0
:101E8000B580B9420A4600F2E1801CF4906F2FD071
:101E9000216962695D1A02EB420202EBD2726B1C8D
:101EA00052103B44934292BF93469B461A461CF401
:101EB000806F00F0EA8011464846FAF7FFFD0028DF
:101EC00000F0F9802A4621690090EEF73FFCA289D4
:101ED000009B22F4906242F08002A2815819ABEB81
:101EE0000505C4F814B02361A5602060BB463A46DE
:101EF00051460092FEF7C8FCA1682368009AA1EB46
:101F00000B011A443D46A16022600027D8F8083032
:101F10005B1BAA44C8F80830002B3DD02368A16899
:101F2000B4F90CC018468B46002FA6D1D6E900A7FD
:101F300008369EE73846BB463D460097002D41D007
:101F4000002846D0009A2068A168D4E90473AA4208
:101F500028BF2A46B84204D901EB030A524500F3D0
:101F60008580934275DCE169676A5A464846B847FE
:101F7000B0F1000A1ADD009BB3EB0A0300930FD007
:101F80000120D8F80830A3EB0A03D344A5EB0A05D7
:101F9000C8F80830002BD1D1002003B0BDE8F08F85
:101FA00021464846FCF70EFF0028EAD0B4F90C3071
:101FB00043F04003A3814FF0FF3003B0BDE8F08F42
:101FC00000207047756833460836002DFAD0D3F8E4
:101FD00000B02A460A215846EEF752FC002867D086
:101FE0000130A0EB0B0300931A46ACE722699A423A
:101FF00014D36269BA4211D86FF00043BB4228BFC4
:102000003B46656A93FBF2F3E16902FB03F3484642
:102010005246A847051EC9DD7F1B77E7B94228BF96
:1020200039460D4618460A465146FEF72DFCA16872
:102030002368491B2B44A16023600029ECD1214671
:102040004846FCF7BFFE0028E6D0AFE7BB463A465D
:102050004EE759460192FEF717FC019AA3689B1AB6
:10206000A360236813442360924684E7594652468E
:10207000FEF70AFC23685344236021464846FCF7D8
:10208000A1FE00283FF477AF90E74846FEF7D2FC68
:10209000034600287FF422AF21694846FAF712FC74
:1020A000B4F90C300C22C9F8002023F080037FE73C
:1020B0006A1C009247E70C22B4F90C30C9F80020E2
:1020C00076E700BF00FCFF7F38B52F4B1B68054645
:1020D0000C4613B15A6B002A4BD0B4F90C301807D8
:1020E0001CD5226922B313F0010107D061690020D9
:1020F0004942A060A1613AB1002038BD980758BF9D
:102100006169A160002AF7D1190658BF1046F4D5BD
:1021100043F04003A3814FF0FF3038BDD9062CD5E2
:102120005A0712D4226943F00803A381002ADAD1A6
:1021300003F42071B1F5007FD5D02146284600F088
:102140002DF8B4F90C302269CDE7216B51B104F1BF
:102150004002914204D02846FAF7B4FBB4F90C309F
:102160000022226322690021C4E9002123F0240314
:10217000D9E71846FAF778F9AFE7092243F04003A8
:102180002A60A381C7E700BFE400002408B5062049
:1021900000F072F80120EFF7A1FD00BF2DE9F0413A
:1021A000B1F90C300C46990796B008D504F14303F9
:1021B0000122C4E90432236016B0BDE8F081B4F90D
:1021C0000E100029064626DB6A4600F081F800283A
:1021D0001FDB019D05F47045A5F50055B5FA85F5A1
:1021E0004FF480686D094FF4006741463046FAF7B6
:1021F00065FCE8B1B4F90C30C4F8148043F08003F6
:1022000020602061A3813DBB3B43A38116B0BDE8A4
:10221000F081B4F90C3013F0800519D04FF040086C
:102220000025414630462F46FAF748FC0028E1D108
:10223000B4F90C309A05BFD423F0030304F1430230
:1022400043F002030121C4E90421A3812260B3E722
:102250004FF480682F46C8E7B4F90E10304600F0FE
:102260004DF810B9B4F90C30CEE7A38923F003037D
:1022700043F001031BB2C7E738B5144B1F281D6894
:102280001ED8D5F83821044662B152F820304BB13F
:10229000012B05D0591C0FD0002142F8201098477F
:1022A000002038BD284600F051F822460146284655
:1022B000BDE8384000F034B816232B60012038BD4B
:1022C00016232B604FF0FF3038BD00BFE400002420
:1022D00070B50C46084D03460026204611461C46A4
:1022E0002E60EFF722FD431C00D070BD2B68002B41
:1022F000FBD0236070BD00BF3894002438B5074D73
:102300000022044608462A60EFF714FD431C00D063
:1023100038BD2B68002BFBD0236038BD38940024D7
:1023200070B50C46084D03460026204611461C4653
:102330002E60EFF7CBFC431C00D070BD2B68002B48
:10234000FBD0236070BD00BF38940024EFF7BCBC05
:1023500038B52DED028B55EC104B00F069F8224694
:102360002B4620462946B0EE408AF0EE608AEEF712
:10237000EDFD30B90022002320462946EEF7BEFDD0
:1023800030B9B0EE480AF0EE680ABDEC028B38BDF9
:10239000FAF7F6F9002200232121016010461946C0
:1023A000EEF764FC41EC180BB0EE480AF0EE680A58
:1023B000BDEC028B38BD00BF08B52DED028BB0EE31
:1023C000408A00F02BF9B4EE488AF1EE10FAF0EEF4
:1023D000408A0AD6B0EE480A00F01CF8F7EE007A00
:1023E000B4EEE70AF1EE10FA04DCB0EE680ABDECD8
:1023F000028B08BDFAF7C4F9BDEC028B034621221B
:102400001A600248BDE8084000F00CB8E82E010848
:1024100000F000BA10EE103A23F0004300EE103A3C
:10242000704700BF9FED010A704700BF0000C07FEA
:102430002DE9F84F764955EC104BA94300F0AB80DD
:10244000002D2A46234655DD2C1562D0C2F3130217
:10245000E107A4F2FF3742F4801203D4D90F01EB55
:1024600042025B005200002602EBD3727F105B0039
:102470001624B4464FF400110CEB010090424FEAD1
:10248000D3754FEA430303DC00EB010C121A0E4430
:10249000013C05EB42024FEA5101EDD1A046202557
:1024A0004FF000400AE043D0510001EBD371013DF1
:1024B0000A464FEA43034FEA500045D0944508EBE3
:1024C000000EF0DABEF1000F0EEB00080CDBE14667
:1024D000A2EB0C019E4588BF01F1FF314900CC46BB
:1024E000A3EB0E030444E0E7B8F1000FEFDB0CF1BF
:1024F0000109EDE725F00041214346D0002D71D1BF
:10250000D90A153A5B050029FAD0CE02144676D4D2
:102510000A4600215200D502084601F10101F9D511
:10252000C1F1200523FA05F52A438B40241A8DE7D3
:102530009E4502D94FEA4C01B7E7BEF1000F0EEB02
:10254000000824DB0021CBE7194312D0DFF8C4A038
:10255000DFF8C4B0DAE90001DBE90023EDF7D4FECF
:10256000DAE9008902460B4640464946EEF7D0FCC0
:10257000F8B96508711001F17F5101F5001101EB07
:10258000075345EAC67243EC102BBDE8F88FB8F14B
:10259000000FACDAD6E722462B4620462946EEF756
:1025A0003BFA22462B46EDF7B1FE41EC100BBDE89D
:1025B000F88FB4F1FF3FDAE90001DBE9002322D014
:1025C000EDF7A4FEDAE9008902460B46404649468B
:1025D000EEF794FCC8B1A31C04F1020508BF013654
:1025E0006D08C7E722462B4620462946EDF78CFEAC
:1025F00002460B46EEF73AFB41EC100BC5E74FF0F5
:10260000FF300A4692E70136B4E70134B1E700BF74
:102610000000F07FE0330108D833010838B510EE30
:10262000105A25F00044B4F17E5F2DED048BF0EEDE
:10263000407A7FD077D8B4F17C5F0ED2B4F1485F96
:1026400080F092809FED637A30EE077AF7EE006AB1
:10265000B4EEE67AF1EE10FA62DCB0EE670AFFF74C
:10266000D9FEF7EE007A37EEC08AB6EE007A28EE91
:10267000078ADFED596A9FED597A9FED596A9FED00
:10268000595ADFED595ADFED598AE8EE076A9FED96
:10269000587AA8EE067A9FED576AA6EE885AA7EEFA
:1026A000086A9FED557ADFED556AE5EE085AA6EE09
:1026B000087AE5EE886AE7EE087AE6EE888AB0EEF8
:1026C000480AB0EE679A00F023FA4D4B9C4268EE40
:1026D000888A3AD810EE103A6FF30B0306EE903A60
:1026E000A6EEE68A70EE267A88EE895AC8EE274A68
:1026F0009FED447ADFED447AB0EE006AA4EEC67A2C
:1027000030EE000AF0EE675A90EE057AE6EEC65A11
:1027100037EE657A37EEC70A002D01DCB1EE400ACC
:10272000BDEC048B38BDBDEC048B70EE407A87EEB7
:10273000A70A38BDBDEC048B9FED320A9FED337ABA
:1027400027EE800AA7EE870A38BD88EE896A9FEDDA
:10275000307ADFED2E7AA0EE060AF0EE006AA0EEE7
:10276000267A37EEC70AD7E720EE007ADFED1B6A3C
:102770009FED196ADFED1B5A9FED195ADFED1A4ADA
:10278000A7EE266ABDEC048BE6EE075ADFED186A69
:102790009FED186AE7EE056AE5EE874AA6EE876ABE
:1027A0009FED165ADFED145ADFED106AA4EE875A3A
:1027B000E6EE075AE5EE076AB7EE006AA5EE876A0D
:1027C00026EE877AC7EE066AE0EE267AB0EE670A52
:1027D00038BD00BFCAF24971047F4F3A08EF113883
:1027E0002EC69D3D461124BDA80A4E3EABAA2A3EE8
:1027F000613330BF2D57014039D119C090B0A6BE0A
:102800009999793F2EBD3BB3DB0F493FDB0FC93FA1
:102810002EBD3B3310B582B0CDED010A019B23F0F4
:102820000042B2F1FF4FF0EE407A30D810EE100ABD
:1028300020F00041B1F1FF4F29D8B3F17E5F42D0C3
:102840009C1704F0020444EAD07431B37AB3B2F1B5
:10285000FF4F40D0B1F1FF4F29D0891AB1F1F45F99
:102860004FEAE15234DA002B42DA3C3240DA9FED93
:10287000340A012C4ED0022C43D064B19FED317A42
:10288000DFED317A30EE070A30EE670A03E09DEDA6
:10289000017A37EE270A02B010BD022C10D09FED4E
:1028A0002B7A032C08BFB0EE470A02B010BD9FED93
:1028B000280ADFED287A0028A8BFB0EE670AEAE709
:1028C0009FED210AE7E702B0BDE8104000F04AB8EA
:1028D0009FED200ACDE7B1F1FF4F04F1FF3420D086
:1028E000022C26D81C4B03EB840393ED000AD2E79D
:1028F0009DED017A87EE870AFFF78CFD00F032F834
:10290000B7E79FED107ADFED107A30EE070A37EE69
:10291000C00AC0E710EE103A03F1004300EE103A8F
:10292000B9E7022C08D80D4B03EB840393ED000AA2
:10293000B1E79FED030AAEE79FED090AABE700BFE1
:10294000000000002EBDBB33DB0F4940DB0F49C048
:10295000DB0FC9BFDB0FC93FE8330108F4330108BF
:10296000DB0F493F38B510EE105A25F00044B4F1A2
:10297000A14FF0EE407A0DD3B4F1FF4F5BD8DFEDFD
:10298000517A9FED517A002DCCBFB0EE470AB0EEE0
:10299000670A38BD4D4B9C425CD8B4F1445F4DD3BF
:1029A0004FF0FF3327EEA76A9FED495A9FED497A12
:1029B000DFED495ADFED494A66EE066A5A1CA6EE7B
:1029C000857AE6EEA54A9FED465ADFED465AA7EE18
:1029D000265AE4EEA65A9FED447ADFED444AA5EE6E
:1029E000267AE5EEA64A9FED425ADFED425AA7EE5F
:1029F000265A9FED417AA4EEA67AE5EE265A27EEF6
:102A0000267AA5EE867A27EE877A38D03B493C4A6B
:102A100001EB8301D1ED006A37EE667A02EB8303A6
:102A2000D3ED006A37EE677A002D36EEC70AB0DACA
:102A3000B1EE400A38BD30EE000A38BD9FED317A64
:102A400030EE077AF7EE006AB4EEE67AF1EE10FAAD
:102A5000A6DD38BDFFF7DEFC2B4B9C4212D8A3F558
:102A6000D0039C4223D8F0EE007ABFEE007AA0EEAD
:102A7000277A002330EE270AC7EE007A92E737EE76
:102A8000C70A38BD214B9C420BD8F7EE087AB7EE47
:102A9000007AA0EE277A022330EE670AC0EE077AAA
:102AA00080E7BFEE007AC7EE007A03237AE7F7EEFD
:102AB000007A30EE677A30EE270A0123C7EE007AFB
:102AC00070E700BFDB0FC9BFDB0FC93FFFFFDF3E71
:102AD000D769853C59DA4B3D21A215BD6BF16EBD1E
:102AE000356B883D95879DBD6E2EBA3D388EE3BD12
:102AF0002549123EABAAAA3ECDCC4CBE00340108FB
:102B000010340108CAF24971FFFF973FFFFF1B40D5
:102B1000B1EEC00A704700BFF8B500BFF8BC08BCF2
:102B20009E467047F8B500BFF8BC08BC9E4670478B
:102B3000502D0108F91300080000000000000000FB
:102B4000800000000000000000000000442D01088B
:102B5000E5A40008FDFF00000000000000040000E4
:102B60000000000000000000402D0108F1A6000850
:102B7000FDFF0000000000008000000000000000D9
:102B800000000000382D01080BA60008FDFF000022
:102B90000000000000010000000000000000000034
:102BA0002C2D010815A60008FDFF00000000000004
:102BB000000400000000000000000000202D0108BB
:102BC000659D0008FDFF00000000000000010000FE
:102BD0000000000000000000142D0108031400088C
:102BE000FDFF000000000000800000000000000069
:102BF00000000000082D01080D140008FDFF000072
:102C00000000000080000000000000000000000044
:102C1000F82C010885A40008FDFF0000000000005A
:102C2000000400000000000000000000EC2C01087F
:102C3000FDA50008FDFF00000000000000010000ED
:102C40000000000000000000DC2C0108819B00084F
:102C5000FDFF000000000000000100000000000077
:102C600000000000CC2C0108E9BB0008FDFF0000BB
:102C70000000000000020000000000000000000052
:102C80000000000000000000000000000000000044
:102C9000000000000100000002000000030000002E
:102CA000040000000000000005000000000000001B
:102CB000000000000000000006000000000000000E
:102CC000000000000000000007000000666F6C6C50
:102CD0006F775F61726D5F636F6D0000626F61722D
:102CE000645F636F6D6D756E696361006572726FAD
:102CF000725F636865636B00636861737369735FB8
:102D00007461736B0000000073746F705F636865BB
:102D1000636B000073686F6F745F7461736B0000A6
:102D200063616E5F73656E7400000000696D755FAE
:102D300064617461000000006765745F7263000085
:102D40006C65640064656275675F7561727400002C
:102D500064656661756C745461736B0049444C45DD
:102D6000000000002566200D0A000000FFFFFFFFA5
:102D7000FFFFFF00494E4600696E66004E414E005F
:102D80006E616E0030313233343536373839616236
:102D90006364656600000000303132333435363705
:102DA000383941424344454600000000286E756CA6
:102DB0006C290000300000002E0000004C435F43EF
:102DC0004F4C4C41544500004C435F4354595045CF
:102DD000000000004C435F4D4F4E45544152590096
:102DE0004C435F4E554D4552494300004C435F54A0
:102DF000494D45004C435F4D4553534147455300B2
:102E0000496E66696E697479000000004E614E007B
:102E100042616C6C6F6320737563636565646564A0
:102E2000000000002F646174612F6A656E6B696E2B
:102E3000732F776F726B73706163652F474E552DDB
:102E4000746F6F6C636861696E2F61726D2D3133C1
:102E50002F7372632F6E65776C69622D6379677764
:102E6000696E2F6E65776C69622F6C6962632F7370
:102E700074646C69622F64746F612E6300000000DB
:102E80002F646174612F6A656E6B696E732F776F43
:102E9000726B73706163652F474E552D746F6F6C45
:102EA000636861696E2F61726D2D31332F737263A8
:102EB0002F6E65776C69622D63796777696E2F6E07
:102EC00065776C69622F6C6962632F7374646C69D7
:102ED000622F6D707265632E630000002C20667592
:102EE0006E6374696F6E3A20000000006173736551
:102EF0007274696F6E2022257322206661696C6589
:102F0000643A2066696C6520222573222C206C6946
:102F10006E65202564257325730A000000000000FB
:102F20000102030401020304060708090006101643
:102F3000000610160001020304050607080C101411
:102F400018203040010002000400060008000A00BA
:102F50000C00100020004000800000010804020462
:102F60000801010101010103070100000F00081021
:102F7000820911000A15800B16000C18010D0000C3
:102F80007D04017C000240AB034100055308065854
:102F9000040700000000891112239B322446AD571C
:102FA0003665BF74488CC19D5AAFD3BE6CCAE5DB91
:102FB0007EE9F7F88110080193331A22A5562C47B1
:102FC000B7753E64C99C408DDBBF52AEEDDA64CB71
:102FD000FFF976E802218B30100299132667AF764D
:102FE0003444BD554AADC3BC588ED19F6EEBE7FA51
:102FF0007CC8F5D983310A2091121803A7772E6671
:10300000B5543C45CBBD42ACD99E508FEFFB66EA30
:10301000FDD874C904428D5316619F702004A91510
:103020003227BB364CCEC5DF5EEDD7FC6888E19910
:103030007AABF3BA85520C4397711E60A114280530
:10304000B3373A26CDDE44CFDFFD56ECE9986089F0
:10305000FBBB72AA06638F7214409D512225AB34CC
:103060003006B9174EEFC7FE5CCCD5DD6AA9E3B8D0
:10307000788AF19B87730E6295501C41A3352A24F0
:10308000B1163807CFFF46EEDDDC54CDEBB962A8B0
:10309000F99A708B088481951AA793B62CC2A5D390
:1030A0003EE1B7F04008C919522BDB3A644EED5FA0
:1030B000766DFF7C899400859BB712A6ADD224C3A0
:1030C000BFF136E0C1184809D33B5A2AE55E6C4F80
:1030D000F77D7E6C0AA583B4188691972EE3A7F23C
:1030E0003CC0B5D14229CB38500AD91B666FEF7E60
:1030F000744CFD5D8BB502A499961087AFF326E260
:10310000BDD034C1C3394A28D11A580BE77F6E6E3F
:10311000F55C7C4D0CC685D71EE597F42880A191FF
:103120003AA3B3B2444ACD5B5669DF78600CE91D1F
:10313000722FFB3E8DD604C79FF516E4A99020811F
:10314000BBB332A2C55A4C4BD7795E68E11C680DFF
:10315000F33F7A2E0EE787F61CC495D52AA1A3B0BB
:103160003882B193466BCF7A5448DD59622DEB3CDF
:10317000700EF91F8FF706E69DD414C5ABB122A0DF
:10318000B9923083C77B4E6AD5585C49E33D6A2CBF
:10319000F11E780F30303030303030303030303059
:1031A00030303030202020202020202020202020DF
:1031B0002020202005000000190000007D000000F4
:1031C0000080E03779C34143176E05B5B5B8934623
:1031D000F5F93FE9034F384D321D30F94877825AEF
:1031E0003CBF737FDD4F1575000000000000F03F0D
:1031F00000000000000024400000000000005940D2
:103200000000000000408F40000000000088C34024
:1032100000000000006AF8400000000080842E4199
:1032200000000000D01263410000000084D79741E5
:103230000000000065CDCD41000000205FA00242EB
:10324000000000E876483742000000A2941A6D4260
:10325000000040E59C30A2420000901EC4BCD64253
:1032600000003426F56B0C430080E03779C34143FE
:1032700000A0D8855734764300C84E676DC1AB4374
:10328000003D9160E458E143408CB5781DAF154492
:1032900050EFE2D6E41A4B4492D54D06CFF080446D
:1032A000F64AE1C7022DB544B49DD9794378EA4482
:1032B0000020202020202020202028282828282006
:1032C00020202020202020202020202020202020FE
:1032D0002088101010101010101010101010101066
:1032E0001004040404040404040404101010101056
:1032F0001010414141414141010101010101010120
:103300000101010101010101010101011010101071
:1033100010104242424242420202020202020202F1
:103320000202020202020202020202021010101045
:10333000200000000000000000000000000000006D
:10334000000000000000000000000000000000007D
:10335000000000000000000000000000000000006D
:10336000000000000000000000000000000000005D
:10337000000000000000000000000000000000004D
:10338000000000000000000000000000000000003D
:10339000000000000000000000000000000000002D
:1033A000000000000000000000000000000000001D
:1033B00000000000303030303030303030303030CD
:1033C00030303030202020202020202020202020BD
:1033D000202020200000000059F3F8C21F6EA50134
:1033E000000000000000F03F00000080DB0F4940BB
:1033F000DB0F49C0DB0F49BFE4CB1640E4CB16C05E
:103400006937AC3168212233B40F14336821A233F9
:103410003863ED3EDA0F493F5E987B3FDA0FC93FD4
:083420002CD3FE7F0100000027
:08342800EDC700083110000897
:043430000910000877
:103434000000803F000000000000000000000000C9
:103444000090D0030090D0030100000010000000A1
:10345400AAAAAAAA58A08B3AE7416B3A00002041D5
:10346400000000000000000000002041CDCCCC3D55
:1034740000000000000020410000000000000000E7
:1034840000002041CDCCCC3D0000000000002041D4
:10349400000000000000000000002041CDCCCC3D25
:1034A40000000000000000400000000000000000D8
:1034B40000000040CDCC4C3D000000000000004066
:1034C40000000000000000000000803FCDCC4C3D17
:1034D40000000000000000400000000000000000A8
:1034E4000000803FCDCC4C3D000000000000804037
:1034F40000000000000000000000803F0000000009
:10350400000000000000803F0000000003000000F5
:10351400FC920024E800002400000000FC92002437
:1035240064930024CC9300240000000000000000F9
:103534000000000000000000000000000000000087
:103544000000000000000000000000000000000077
:103554000000000000000000000000000000000067
:103564000000000000000000000000000000000057
:103574000000000000000000000000000000000047
:103584000000000000000000000000000000000037
:103594000000000000000000000000000000000027
:1035A4000000000000000000000000000000000017
:1035B40001000000000000000E33CDAB34126DE6B4
:1035C400ECDE05000B00000000000000000000001D
:1035D40000000000000000000000000000000000E7
:1035E40000000000000000000000000000000000D7
:1035F40000000000000000000000000000000000C7
:1036040000000000000000000000000000000000B6
:1036140000000000000000000000000000000000A6
:103624000000000000000000000000000000000096
:103634000000000000000000000000000000000086
:103644000000000000000000000000000000000076
:10365400000000000000000040940024FFFFFFFF72
:103664000000020000000000000000000000000054
:1036740038020024380200244002002440020024BE
:10368400480200244802002450020024500200246E
:10369400580200245802002460020024600200241E
:1036A40068020024680200247002002470020024CE
:1036B400780200247802002480020024800200247E
:1036C400880200248802002490020024900200242E
:1036D4009802002498020024A0020024A0020024DE
:1036E400A8020024A8020024B0020024B00200248E
:1036F400B8020024B8020024C0020024C00200243E
:10370400C8020024C8020024D0020024D0020024ED
:10371400D8020024D8020024E0020024E00200249D
:10372400E8020024E8020024F0020024F00200244D
:10373400F8020024F80200240003002400030024FB
:1037440008030024080300241003002410030024A9
:103754001803002418030024200300242003002459
:103764002803002428030024300300243003002409
:1037740038030024380300244003002440030024B9
:103784004803002448030024500300245003002469
:103794005803002458030024600300246003002419
:1037A40068030024680300247003002470030024C9
:1037B4007803002478030024800300248003002479
:1037C4008803002488030024900300249003002429
:1037D4009803002498030024A0030024A0030024D9
:1037E400A8030024A8030024B0030024B003002489
:1037F400B8030024B8030024C0030024C003002439
:10380400C8030024C8030024D0030024D0030024E8
:10381400D8030024D8030024E0030024E003002498
:10382400E8030024E8030024F0030024F003002448
:10383400F8030024F80300240004002400040024F6
:1038440008040024080400241004002410040024A4
:103854001804002418040024200400242004002454
:103864002804002428040024300400243004002404
:1038740038040024380400244004002440040024B4
:103884004804002448040024500400245004002464
:103894005804002458040024600400246004002414
:1038A40068040024680400247004002470040024C4
:1038B4007804002478040024800400248004002474
:1038C4008804002488040024900400249004002424
:1038D4009804002498040024A0040024A0040024D4
:1038E400A8040024A8040024B0040024B004002484
:1038F400B8040024B8040024C0040024C004002434
:10390400C8040024C8040024D0040024D0040024E3
:10391400D8040024D8040024E0040024E004002493
:10392400E8040024E8040024F0040024F004002443
:10393400F8040024F80400240005002400050024F1
:10394400080500240805002410050024100500249F
:10395400180500241805002420050024200500244F
:1039640028050024280500243005002430050024FF
:1039740038050024380500244005002440050024AF
:10398400480500244805002450050024500500245F
:10399400580500245805002460050024600500240F
:1039A40068050024680500247005002470050024BF
:1039B400780500247805002480050024800500246F
:1039C400880500248805002490050024900500241F
:1039D4009805002498050024A0050024A0050024CF
:1039E400A8050024A8050024B0050024B00500247F
:1039F400B8050024B8050024C0050024C00500242F
:103A0400C8050024C8050024D0050024D0050024DE
:103A1400D8050024D8050024E0050024E00500248E
:103A2400E8050024E8050024F0050024F00500243E
:103A3400F8050024F80500240006002400060024EC
:103A4400080600240806002410060024100600249A
:103A5400180600241806002420060024200600244A
:103A640028060024280600243006002430060024FA
:103A740043000000000000000000000000000000FF
:103A84000000000000000000000000000000000032
:103A940043000000000000000000000000000000DF
:103AA4000000000000000000000000000000000012
:103AB40043000000000000000000000000000000BF
:103AC40000000000000000000000000000000000F2
:103AD400430000000000000000000000000000009F
:103AE40000000000000000000000000000000000D2
:103AF400430000000000000000000000000000007F
:103B040000000000000000000000000000000000B1
:103B1400430000000000000000000000000000005E
:103B24000000000000000000000000000000000091
:103B3400430000000000000000000000000000003E
:103B44000000000000000000000000000000000071
:103B54004907010891FF000800000000B032010885
:103B6400B82D0108E82E0108E82E0108E82E010806
:103B7400E82E0108E82E0108E82E0108E82E0108C5
:103B8400E82E0108E82E0108FFFFFFFFFFFFFFFFFB
:103B9400FFFFFFFFFFFF00000100415343494900BD
:103BA4000000000000000000000000000000000011
:103BB4000000000000000000000041534349490098
:103BC40000000000000000000000000000000000F1
:0C3BD400000000000000000000000000E5
:0400000508002325A7
:00000001FF
